-- phpMyAdmin SQL Dump
-- version 3.5.1
-- http://www.phpmyadmin.net
--
-- 主机: localhost
-- 生成日期: 2015 年 04 月 14 日 15:11
-- 服务器版本: 5.5.24-log
-- PHP 版本: 5.4.3

SET SQL_MODE="NO_AUTO_VALUE_ON_ZERO";
SET time_zone = "+00:00";


/*!40101 SET @OLD_CHARACTER_SET_CLIENT=@@CHARACTER_SET_CLIENT */;
/*!40101 SET @OLD_CHARACTER_SET_RESULTS=@@CHARACTER_SET_RESULTS */;
/*!40101 SET @OLD_COLLATION_CONNECTION=@@COLLATION_CONNECTION */;
/*!40101 SET NAMES utf8 */;

--
-- 数据库: `bobo`
--

-- --------------------------------------------------------

--
-- 表的结构 `mb_account_log`
--

CREATE TABLE IF NOT EXISTS `mb_account_log` (
  `log_id` mediumint(8) unsigned NOT NULL AUTO_INCREMENT,
  `user_id` mediumint(8) unsigned NOT NULL,
  `user_money` decimal(10,2) NOT NULL,
  `frozen_money` decimal(10,2) NOT NULL,
  `rank_points` mediumint(9) NOT NULL,
  `pay_points` mediumint(9) NOT NULL,
  `change_time` int(10) unsigned NOT NULL,
  `change_desc` varchar(255) NOT NULL,
  `change_type` tinyint(3) unsigned NOT NULL,
  PRIMARY KEY (`log_id`),
  KEY `user_id` (`user_id`)
) ENGINE=MyISAM  DEFAULT CHARSET=utf8 AUTO_INCREMENT=41 ;

--
-- 转存表中的数据 `mb_account_log`
--

INSERT INTO `mb_account_log` (`log_id`, `user_id`, `user_money`, `frozen_money`, `rank_points`, `pay_points`, `change_time`, `change_desc`, `change_type`) VALUES
(1, 5, '1100000.00', '0.00', 0, 0, 1242140736, '11', 2),
(2, 3, '400000.00', '0.00', 0, 0, 1242140752, '21312', 2),
(3, 2, '300000.00', '0.00', 0, 0, 1242140775, '300000', 2),
(4, 1, '50000.00', '0.00', 0, 0, 1242140811, '50', 2),
(5, 5, '0.00', '10000.00', 0, 0, 1242140853, '32', 2),
(6, 1, '-400.00', '0.00', 0, 0, 1242142274, '支付订单 2009051298180', 99),
(7, 1, '-975.00', '0.00', 0, 0, 1242142324, '支付订单 2009051255518', 99),
(8, 1, '0.00', '0.00', 960, 960, 1242142390, '订单 2009051255518 赠送的积分', 99),
(9, 1, '0.00', '0.00', 385, 385, 1242142432, '订单 2009051298180 赠送的积分', 99),
(10, 1, '-2310.00', '0.00', 0, 0, 1242142549, '支付订单 2009051267570', 99),
(11, 1, '0.00', '0.00', 2300, 2300, 1242142589, '订单 2009051267570 赠送的积分', 99),
(12, 1, '-5989.00', '0.00', 0, 0, 1242142681, '支付订单 2009051230249', 99),
(13, 1, '-8610.00', '0.00', 0, 0, 1242142808, '支付订单 2009051276258', 99),
(14, 1, '0.00', '0.00', 0, -1, 1242142910, '参加夺宝奇兵夺宝奇兵之夏新N7 ', 99),
(15, 1, '0.00', '0.00', 0, -1, 1242142935, '参加夺宝奇兵夺宝奇兵之诺基亚N96 ', 99),
(16, 1, '0.00', '0.00', 0, 100000, 1242143867, '奖励', 2),
(17, 1, '-10.00', '0.00', 0, 0, 1242143920, '支付订单 2009051268194', 99),
(18, 1, '0.00', '0.00', 0, -17000, 1242143920, '支付订单 2009051268194', 99),
(19, 1, '0.00', '0.00', -960, -960, 1242144185, '由于退货或未发货操作，退回订单 2009051255518 赠送的积分', 99),
(20, 1, '975.00', '0.00', 0, 0, 1242144185, '由于取消、无效或退货操作，退回支付订单 2009051255518 时使用的预付款', 99),
(21, 1, '0.00', '0.00', 960, 960, 1242576445, '订单 2009051719232 赠送的积分', 99),
(22, 3, '-1000.00', '0.00', 0, 0, 1242973612, '追加使用余额支付订单：2009051227085', 99),
(23, 1, '-13806.60', '0.00', 0, 0, 1242976699, '支付订单 2009052224892', 99),
(24, 1, '0.00', '0.00', 14045, 14045, 1242976740, '订单 2009052224892 赠送的积分', 99),
(25, 1, '0.00', '0.00', -2300, -2300, 1245045334, '由于退货或未发货操作，退回订单 2009051267570 赠送的积分', 99),
(26, 1, '2310.00', '0.00', 0, 0, 1245045334, '由于取消、无效或退货操作，退回支付订单 2009051267570 时使用的预付款', 99),
(27, 1, '0.00', '0.00', 17044, 17044, 1245045443, '订单 2009061585887 赠送的积分', 99),
(28, 1, '17054.00', '0.00', 0, 0, 1245045515, '1', 99),
(29, 1, '0.00', '0.00', -17044, -17044, 1245045515, '由于退货或未发货操作，退回订单 2009061585887 赠送的积分', 99),
(30, 1, '-3196.30', '0.00', 0, 0, 1245045672, '支付订单 2009061525429', 99),
(31, 1, '-1910.00', '0.00', 0, 0, 1245047978, '支付订单 2009061503335', 99),
(32, 1, '0.00', '0.00', 1900, 1900, 1245048189, '订单 2009061503335 赠送的积分', 99),
(33, 1, '0.00', '0.00', -1900, -1900, 1245048212, '由于退货或未发货操作，退回订单 2009061503335 赠送的积分', 99),
(34, 1, '1910.00', '0.00', 0, 0, 1245048212, '由于取消、无效或退货操作，退回支付订单 2009061503335 时使用的预付款', 99),
(35, 1, '-500.00', '0.00', 0, 0, 1245048585, '支付订单 2009061510313', 99),
(36, 8, '0.00', '0.00', 270, 270, 1419770175, '订单 2014122803214 赠送的积分', 99),
(37, 8, '99999999.99', '0.00', 0, 0, 1419777152, '充值', 2),
(38, 8, '-540.00', '0.00', 0, 0, 1419777158, '支付订单 2014122820746', 99),
(39, 8, '0.00', '0.00', 540, 540, 1419777245, '订单 2014122820746 赠送的积分', 99),
(40, 8, '-1.00', '0.00', 0, 0, 1419777651, '支付订单 2014122838042', 99);

-- --------------------------------------------------------

--
-- 表的结构 `mb_ad`
--

CREATE TABLE IF NOT EXISTS `mb_ad` (
  `ad_id` smallint(5) unsigned NOT NULL AUTO_INCREMENT,
  `position_id` smallint(5) unsigned NOT NULL DEFAULT '0',
  `media_type` tinyint(3) unsigned NOT NULL DEFAULT '0',
  `ad_name` varchar(60) NOT NULL DEFAULT '',
  `ad_link` varchar(255) NOT NULL DEFAULT '',
  `ad_code` text NOT NULL,
  `start_time` int(11) NOT NULL DEFAULT '0',
  `end_time` int(11) NOT NULL DEFAULT '0',
  `link_man` varchar(60) NOT NULL DEFAULT '',
  `link_email` varchar(60) NOT NULL DEFAULT '',
  `link_phone` varchar(60) NOT NULL DEFAULT '',
  `click_count` mediumint(8) unsigned NOT NULL DEFAULT '0',
  `enabled` tinyint(3) unsigned NOT NULL DEFAULT '1',
  PRIMARY KEY (`ad_id`),
  KEY `position_id` (`position_id`),
  KEY `enabled` (`enabled`)
) ENGINE=MyISAM  DEFAULT CHARSET=utf8 AUTO_INCREMENT=2 ;

--
-- 转存表中的数据 `mb_ad`
--

INSERT INTO `mb_ad` (`ad_id`, `position_id`, `media_type`, `ad_name`, `ad_link`, `ad_code`, `start_time`, `end_time`, `link_man`, `link_email`, `link_phone`, `click_count`, `enabled`) VALUES
(1, 1, 0, '全宽广告', '#', '1276920916423613630.jpg', 1276876800, 1689696000, '', '', '', 0, 1);

-- --------------------------------------------------------

--
-- 表的结构 `mb_admin_action`
--

CREATE TABLE IF NOT EXISTS `mb_admin_action` (
  `action_id` tinyint(3) unsigned NOT NULL AUTO_INCREMENT,
  `parent_id` tinyint(3) unsigned NOT NULL DEFAULT '0',
  `action_code` varchar(20) NOT NULL DEFAULT '',
  `relevance` varchar(20) NOT NULL DEFAULT '',
  PRIMARY KEY (`action_id`),
  KEY `parent_id` (`parent_id`)
) ENGINE=MyISAM  DEFAULT CHARSET=utf8 AUTO_INCREMENT=136 ;

--
-- 转存表中的数据 `mb_admin_action`
--

INSERT INTO `mb_admin_action` (`action_id`, `parent_id`, `action_code`, `relevance`) VALUES
(1, 0, 'goods', ''),
(2, 0, 'cms_manage', ''),
(3, 0, 'users_manage', ''),
(4, 0, 'priv_manage', ''),
(5, 0, 'sys_manage', ''),
(6, 0, 'order_manage', ''),
(7, 0, 'promotion', ''),
(8, 0, 'email', ''),
(9, 0, 'templates_manage', ''),
(10, 0, 'db_manage', ''),
(21, 1, 'goods_manage', ''),
(22, 1, 'remove_back', ''),
(23, 1, 'cat_manage', ''),
(24, 1, 'cat_drop', 'cat_manage'),
(25, 1, 'attr_manage', ''),
(26, 1, 'brand_manage', ''),
(27, 1, 'comment_priv', ''),
(84, 1, 'tag_manage', ''),
(30, 2, 'article_cat', ''),
(31, 2, 'article_manage', ''),
(32, 2, 'shopinfo_manage', ''),
(33, 2, 'shophelp_manage', ''),
(34, 2, 'vote_priv', ''),
(35, 7, 'topic_manage', ''),
(74, 4, 'template_manage', ''),
(73, 3, 'feedback_priv', ''),
(38, 3, 'integrate_users', ''),
(39, 3, 'sync_users', 'integrate_users'),
(40, 3, 'users_manage', ''),
(41, 3, 'users_drop', 'users_manage'),
(42, 3, 'user_rank', ''),
(85, 3, 'surplus_manage', 'account_manage'),
(43, 4, 'admin_manage', ''),
(44, 4, 'admin_drop', 'admin_manage'),
(45, 4, 'allot_priv', 'admin_manage'),
(46, 4, 'logs_manage', ''),
(47, 4, 'logs_drop', 'logs_manage'),
(48, 5, 'shop_config', ''),
(49, 5, 'ship_manage', ''),
(50, 5, 'payment', ''),
(51, 5, 'shiparea_manage', ''),
(52, 5, 'area_manage', ''),
(53, 6, 'order_os_edit', ''),
(54, 6, 'order_ps_edit', 'order_os_edit'),
(55, 6, 'order_ss_edit', 'order_os_edit'),
(56, 6, 'order_edit', 'order_os_edit'),
(57, 6, 'order_view', ''),
(58, 6, 'order_view_finished', ''),
(59, 6, 'repay_manage', ''),
(60, 6, 'booking', ''),
(61, 6, 'sale_order_stats', ''),
(62, 6, 'client_flow_stats', ''),
(78, 7, 'snatch_manage', ''),
(83, 7, 'ad_manage', ''),
(80, 7, 'gift_manage', ''),
(81, 7, 'card_manage', ''),
(70, 1, 'goods_type', ''),
(82, 7, 'pack', ''),
(79, 7, 'bonus_manage', ''),
(75, 5, 'friendlink', ''),
(76, 5, 'db_backup', ''),
(77, 5, 'db_renew', 'db_backup'),
(86, 4, 'agency_manage', ''),
(87, 3, 'account_manage', ''),
(88, 5, 'flash_manage', ''),
(89, 5, 'navigator', ''),
(90, 7, 'auction', ''),
(91, 7, 'group_by', ''),
(92, 7, 'favourable', ''),
(93, 7, 'whole_sale', ''),
(94, 1, 'goods_auto', ''),
(95, 2, 'article_auto', ''),
(96, 5, 'cron', ''),
(97, 5, 'affiliate', ''),
(98, 5, 'affiliate_ck', ''),
(99, 8, 'attention_list', ''),
(100, 8, 'email_list', ''),
(101, 8, 'magazine_list', ''),
(102, 8, 'view_sendlist', ''),
(103, 1, 'virualcard', ''),
(104, 7, 'package_manage', ''),
(105, 1, 'picture_batch', ''),
(106, 1, 'goods_export', ''),
(107, 1, 'goods_batch', ''),
(108, 1, 'gen_goods_script', ''),
(109, 5, 'sitemap', ''),
(110, 5, 'file_priv', ''),
(111, 5, 'file_check', ''),
(112, 9, 'template_select', ''),
(113, 9, 'template_setup', ''),
(114, 9, 'library_manage', ''),
(115, 9, 'lang_edit', ''),
(116, 9, 'backup_setting', ''),
(117, 9, 'mail_template', ''),
(118, 10, 'db_backup', ''),
(119, 10, 'db_renew', ''),
(120, 10, 'db_optimize', ''),
(121, 10, 'sql_query', ''),
(122, 10, 'convert', ''),
(128, 7, 'exchange_goods', ''),
(129, 6, 'delivery_view', ''),
(130, 6, 'back_view', ''),
(132, 5, 'shop_authorized', ''),
(133, 5, 'reg_fields', ''),
(134, 4, 'suppliers_manage', ''),
(135, 4, 'role_manage', ''),
(11, 0, 'sms_manage', ''),
(124, 11, 'sms_send', '');

-- --------------------------------------------------------

--
-- 表的结构 `mb_admin_log`
--

CREATE TABLE IF NOT EXISTS `mb_admin_log` (
  `log_id` int(10) unsigned NOT NULL AUTO_INCREMENT,
  `log_time` int(10) unsigned NOT NULL DEFAULT '0',
  `user_id` tinyint(3) unsigned NOT NULL DEFAULT '0',
  `log_info` varchar(255) NOT NULL DEFAULT '',
  `ip_address` varchar(15) NOT NULL DEFAULT '',
  PRIMARY KEY (`log_id`),
  KEY `log_time` (`log_time`),
  KEY `user_id` (`user_id`)
) ENGINE=MyISAM  DEFAULT CHARSET=utf8 AUTO_INCREMENT=1346 ;

--
-- 转存表中的数据 `mb_admin_log`
--

INSERT INTO `mb_admin_log` (`log_id`, `log_time`, `user_id`, `log_info`, `ip_address`) VALUES
(1, 1240294375, 1, '添加品牌管理: 诺基亚', '0.0.0.0'),
(2, 1240295621, 1, '添加属性: 网络类型', '0.0.0.0'),
(3, 1240295930, 1, '添加属性: 扩展卡', '0.0.0.0'),
(4, 1240295980, 1, '添加属性: 操作系统', '0.0.0.0'),
(5, 1240296082, 1, '添加属性: 通话时间（分）', '0.0.0.0'),
(6, 1240296102, 1, '添加属性: 待机时间（小时）', '0.0.0.0'),
(7, 1240296379, 1, '添加属性: 上市时间', '0.0.0.0'),
(8, 1240296403, 1, '编辑属性: 网络类型', '0.0.0.0'),
(9, 1240296415, 1, '编辑属性: 扩展卡', '0.0.0.0'),
(10, 1240298784, 1, '添加属性: 手机颜色', '0.0.0.0'),
(11, 1240300896, 1, '添加属性: 基本配件', '0.0.0.0'),
(12, 1240301110, 1, '添加属性: 附加配件', '0.0.0.0'),
(13, 1240301295, 1, '添加属性: 和铉铃声', '0.0.0.0'),
(14, 1240301371, 1, '添加属性: 相机像数', '0.0.0.0'),
(15, 1240301487, 1, '添加属性: 感光元件', '0.0.0.0'),
(16, 1240301508, 1, '编辑属性: 和铉铃声', '0.0.0.0'),
(17, 1240301518, 1, '编辑属性: 基本配件', '0.0.0.0'),
(18, 1240301570, 1, '添加属性: 移动qq', '0.0.0.0'),
(19, 1240301611, 1, '添加属性: gps', '0.0.0.0'),
(20, 1240301650, 1, '添加属性: FM收音机', '0.0.0.0'),
(21, 1240301665, 1, '编辑属性: GPS', '0.0.0.0'),
(22, 1240301679, 1, '编辑属性: FM收音机', '0.0.0.0'),
(23, 1240301705, 1, '添加属性: 话机电话薄（条）', '0.0.0.0'),
(24, 1240301715, 1, '添加属性: K-JAVA', '0.0.0.0'),
(25, 1240301788, 1, '添加属性: 价格档位', '0.0.0.0'),
(26, 1240305032, 1, '添加属性: 手机样式', '0.0.0.0'),
(27, 1240380338, 1, '添加属性: 图形菜单', '0.0.0.0'),
(28, 1240380399, 1, '添加属性: 中文短消息', '0.0.0.0'),
(29, 1240380444, 1, '添加属性: 内置游戏', '0.0.0.0'),
(30, 1240380507, 1, '添加属性: Wap 上网', '0.0.0.0'),
(31, 1240380533, 1, '添加属性: Wap 上网', '0.0.0.0'),
(32, 1240380552, 1, '编辑属性: Wap 上网', '0.0.0.0'),
(33, 1240380574, 1, '编辑属性: Wap 上网', '0.0.0.0'),
(34, 1240380587, 1, '编辑属性: Wap 上网', '0.0.0.0'),
(35, 1240380646, 1, '添加属性: 数据功能', '0.0.0.0'),
(36, 1240380743, 1, '添加属性: 移动QQ', '0.0.0.0'),
(37, 1240380759, 1, '添加属性: 视频格式', '0.0.0.0'),
(38, 1240380831, 1, '添加属性: 扩张卡', '0.0.0.0'),
(39, 1240380875, 1, '添加属性: 手机颜色', '0.0.0.0'),
(40, 1240380920, 1, '添加属性: 来电防火墙', '0.0.0.0'),
(41, 1240380945, 1, '添加属性: 英汉词典', '0.0.0.0'),
(42, 1240380957, 1, '添加属性: 多语言显示', '0.0.0.0'),
(43, 1240381002, 1, '添加属性: 电子书', '0.0.0.0'),
(44, 1240381052, 1, '添加属性: 移动 MSN', '0.0.0.0'),
(45, 1240381088, 1, '添加属性: 音频格式', '0.0.0.0'),
(46, 1240381143, 1, '添加属性: 上市时间', '0.0.0.0'),
(47, 1240381206, 1, '添加属性: 语音拨号', '0.0.0.0'),
(48, 1240381229, 1, '添加属性: 语音菜单', '0.0.0.0'),
(49, 1240381356, 1, '添加属性: 外观样式', '0.0.0.0'),
(50, 1240381382, 1, '添加属性: 天线位置', '0.0.0.0'),
(51, 1240381425, 1, '编辑属性: K-JAVA', '0.0.0.0'),
(52, 1240381430, 1, '添加属性: K-JAVA', '0.0.0.0'),
(53, 1240381464, 1, '添加属性: PDA 功能', '0.0.0.0'),
(54, 1240381480, 1, '添加属性: 操作系统', '0.0.0.0'),
(55, 1240381512, 1, '添加属性: 外壳材质', '0.0.0.0'),
(56, 1240381561, 1, '编辑属性: 基本配件', '0.0.0.0'),
(57, 1240381572, 1, '添加属性: 基本配件', '0.0.0.0'),
(58, 1240381580, 1, '编辑属性: 附加配件', '0.0.0.0'),
(59, 1240381602, 1, '添加属性: 附加配件', '0.0.0.0'),
(60, 1240381627, 1, '编辑属性: 附加配件', '0.0.0.0'),
(61, 1240381694, 1, '添加属性: 自动开关机', '0.0.0.0'),
(62, 1240381717, 1, '添加属性: 视频分辨率', '0.0.0.0'),
(63, 1240381731, 1, '添加属性: 影音编辑器', '0.0.0.0'),
(64, 1240381741, 1, '添加属性: 图像编辑器', '0.0.0.0'),
(65, 1240381759, 1, '添加属性: 可用内存', '0.0.0.0'),
(66, 1240381775, 1, '添加属性: 主屏幕像素', '0.0.0.0'),
(67, 1240381786, 1, '添加属性: 副屏幕像素', '0.0.0.0'),
(68, 1240382037, 1, '添加属性: 更换外壳', '0.0.0.0'),
(69, 1240382801, 1, '添加属性: 办公功能', '0.0.0.0'),
(70, 1240382823, 1, '添加属性: 传感器', '0.0.0.0'),
(71, 1240382844, 1, '添加属性: CPU频率', '0.0.0.0'),
(72, 1240382866, 1, '添加属性: 理论待机时间', '0.0.0.0'),
(73, 1240382875, 1, '添加属性: 理论通话时间', '0.0.0.0'),
(74, 1240383267, 1, '编辑商品类型: 3g手机', '0.0.0.0'),
(75, 1240383268, 1, '编辑商品类型: 手机', '0.0.0.0'),
(76, 1240383269, 1, '编辑商品类型: 3g手机', '0.0.0.0'),
(77, 1240383397, 1, '删除商品类型: 图形菜单', '0.0.0.0'),
(78, 1240383432, 1, '添加属性: 图形菜单', '0.0.0.0'),
(79, 1240383491, 1, '添加属性: EFR 服务', '0.0.0.0'),
(80, 1240383509, 1, '添加属性: STK 服务', '0.0.0.0'),
(81, 1240383528, 1, '添加属性: 通话录音', '0.0.0.0'),
(82, 1240383554, 1, '添加属性: 语音菜单', '0.0.0.0'),
(83, 1240383575, 1, '添加属性: 中文输入法', '0.0.0.0'),
(84, 1240383594, 1, '编辑属性: 中文输入法', '0.0.0.0'),
(85, 1240383613, 1, '编辑属性: 语音菜单', '0.0.0.0'),
(86, 1240383635, 1, '添加属性: 和弦铃声', '0.0.0.0'),
(87, 1240383651, 1, '添加属性: 主屏幕色彩', '0.0.0.0'),
(88, 1240383658, 1, '添加属性: 副屏幕色彩', '0.0.0.0'),
(89, 1240383682, 1, '添加属性: 天线位置', '0.0.0.0'),
(90, 1240383700, 1, '添加属性: 数据功能', '0.0.0.0'),
(91, 1240392733, 1, '安装配送方式: 邮政快递包裹', '0.0.0.0'),
(92, 1240392748, 1, '安装配送方式: 圆通速递', '0.0.0.0'),
(93, 1240392761, 1, '安装配送方式: 城际快递', '0.0.0.0'),
(94, 1240392769, 1, '安装配送方式: 市内快递', '0.0.0.0'),
(95, 1240463689, 1, '添加属性: 连拍', '0.0.0.0'),
(96, 1240463709, 1, '添加属性: 定时拍摄', '0.0.0.0'),
(97, 1240463729, 1, '添加属性: 照片打印', '0.0.0.0'),
(98, 1240463748, 1, '添加属性: 照片特效', '0.0.0.0'),
(99, 1240463766, 1, '添加属性: 电子书', '0.0.0.0'),
(100, 1240463777, 1, '添加属性: 外壳材质', '0.0.0.0'),
(101, 1240463793, 1, '添加属性: 名片扫描', '0.0.0.0'),
(102, 1240463803, 1, '添加属性: GPU', '0.0.0.0'),
(103, 1240463814, 1, '添加属性: CPU频率', '0.0.0.0'),
(104, 1240463830, 1, '添加属性: TV-OUT电视输出', '0.0.0.0'),
(105, 1240463843, 1, '添加属性: 来电图片识别', '0.0.0.0'),
(106, 1240463855, 1, '添加属性: 来电防火墙', '0.0.0.0'),
(107, 1240463865, 1, '添加属性: 背光自动调节', '0.0.0.0'),
(108, 1240463873, 1, '添加属性: 照片分辨率', '0.0.0.0'),
(109, 1240463880, 1, '添加属性: 变焦模式', '0.0.0.0'),
(110, 1240463903, 1, '添加属性: 英汉词典', '0.0.0.0'),
(111, 1240463925, 1, '添加属性: 多语言显示', '0.0.0.0'),
(112, 1240463974, 1, '添加属性: 数据线功能', '0.0.0.0'),
(113, 1240463992, 1, '添加属性: 留言应答', '0.0.0.0'),
(114, 1240464004, 1, '添加属性: 可用内存(MB)', '0.0.0.0'),
(115, 1240464015, 1, '添加属性: GPS', '0.0.0.0'),
(116, 1240464022, 1, '添加属性: 相机闪光灯', '0.0.0.0'),
(117, 1240464030, 1, '添加属性: 移动 MSN', '0.0.0.0'),
(118, 1240464038, 1, '添加属性: 移动QQ', '0.0.0.0'),
(119, 1240464050, 1, '添加属性: 内置媒体播放器', '0.0.0.0'),
(120, 1240464066, 1, '添加属性: 电子邮件', '0.0.0.0'),
(121, 1240464220, 1, '编辑属性: 待机时间（小时）', '0.0.0.0'),
(122, 1240464272, 1, '编辑属性: 网络类型', '0.0.0.0'),
(123, 1240464277, 1, '编辑属性: 网络类型', '0.0.0.0'),
(124, 1240464331, 1, '编辑属性: 网络类型', '0.0.0.0'),
(125, 1240464631, 1, '编辑属性: 网络类型', '0.0.0.0'),
(126, 1240464639, 1, '编辑属性: 扩展卡', '0.0.0.0'),
(127, 1240464650, 1, '编辑属性: 操作系统', '0.0.0.0'),
(128, 1240464709, 1, '编辑属性: 通话时间（分）', '0.0.0.0'),
(129, 1240464720, 1, '编辑属性: 待机时间（小时）', '0.0.0.0'),
(130, 1240464737, 1, '编辑属性: 上市时间', '0.0.0.0'),
(131, 1240464748, 1, '编辑属性: 手机颜色', '0.0.0.0'),
(132, 1240464758, 1, '编辑属性: 基本配件', '0.0.0.0'),
(133, 1240464770, 1, '编辑属性: 和铉铃声', '0.0.0.0'),
(134, 1240464783, 1, '编辑属性: 相机像数', '0.0.0.0'),
(135, 1240464794, 1, '编辑属性: 移动qq', '0.0.0.0'),
(136, 1240464806, 1, '编辑属性: 感光元件', '0.0.0.0'),
(137, 1240464816, 1, '编辑属性: GPS', '0.0.0.0'),
(138, 1240464827, 1, '编辑属性: FM收音机', '0.0.0.0'),
(139, 1240464853, 1, '编辑属性: FM收音机', '0.0.0.0'),
(140, 1240464869, 1, '编辑属性: 话机电话薄（条）', '0.0.0.0'),
(141, 1240464880, 1, '编辑属性: 扩展卡', '0.0.0.0'),
(142, 1240464896, 1, '编辑属性: 扩展卡', '0.0.0.0'),
(143, 1240464917, 1, '编辑属性: K-JAVA', '0.0.0.0'),
(144, 1240464931, 1, '编辑属性: 价格档位', '0.0.0.0'),
(145, 1240464945, 1, '编辑属性: 手机样式', '0.0.0.0'),
(146, 1240464959, 1, '编辑属性: Wap 上网', '0.0.0.0'),
(147, 1240800622, 1, '添加商品分类: 手机类型', '0.0.0.0'),
(148, 1240800687, 1, '添加商品分类: GSM手机', '0.0.0.0'),
(149, 1240800745, 1, '添加商品分类: GSM手机', '0.0.0.0'),
(150, 1240800791, 1, '添加商品分类: 3G手机', '0.0.0.0'),
(151, 1240800845, 1, '添加商品分类: 双模手机', '0.0.0.0'),
(152, 1240800877, 1, '编辑商品分类: GSM手机', '0.0.0.0'),
(153, 1240802922, 1, '添加品牌管理: 摩托罗拉', '0.0.0.0'),
(154, 1240803062, 1, '编辑品牌管理: 诺基亚', '0.0.0.0'),
(155, 1240803144, 1, '添加品牌管理: 多普达', '0.0.0.0'),
(156, 1240803248, 1, '添加品牌管理: 飞利浦', '0.0.0.0'),
(157, 1240803352, 1, '添加品牌管理: 夏新', '0.0.0.0'),
(158, 1240803412, 1, '添加品牌管理: 三星', '0.0.0.0'),
(159, 1240803482, 1, '添加品牌管理: 索爱', '0.0.0.0'),
(160, 1240803526, 1, '添加品牌管理: LG', '0.0.0.0'),
(161, 1240803578, 1, '添加品牌管理: 联想', '0.0.0.0'),
(162, 1240803689, 1, '添加品牌管理: 金立', '0.0.0.0'),
(163, 1240803736, 1, '添加品牌管理: 恒基伟业', '0.0.0.0'),
(164, 1240803750, 1, '编辑品牌管理: 恒基伟业', '0.0.0.0'),
(165, 1240804593, 1, '编辑商品分类: CDMA手机', '0.0.0.0'),
(166, 1240902890, 1, '添加商品: KD876', '0.0.0.0'),
(167, 1240904370, 1, '编辑商品: KD876', '0.0.0.0'),
(168, 1240904461, 1, '编辑商品: KD876', '0.0.0.0'),
(169, 1240912338, 1, '删除商品类型: 手机配件', '0.0.0.0'),
(170, 1240912361, 1, '添加商品分类: 手机配件', '0.0.0.0'),
(171, 1240912385, 1, '添加商品分类: 充电器', '0.0.0.0'),
(172, 1240912477, 1, '添加商品分类: 耳机', '0.0.0.0'),
(173, 1240912489, 1, '添加商品分类: 电池', '0.0.0.0'),
(174, 1241420935, 1, '添加商品分类: 111', '0.0.0.0'),
(175, 1241420966, 1, '添加商品: 斤', '0.0.0.0'),
(176, 1241421093, 1, '回收商品: 斤', '0.0.0.0'),
(177, 1241421104, 1, '删除商品: 斤', '0.0.0.0'),
(178, 1241421110, 1, '删除商品分类: 111', '0.0.0.0'),
(179, 1241421127, 1, '编辑商品分类: GSM手机', '0.0.0.0'),
(180, 1241422082, 1, '添加商品: 诺基亚原装5800耳机', '0.0.0.0'),
(181, 1241422137, 1, '添加属性: 卡的类型', '0.0.0.0'),
(182, 1241422163, 1, '添加属性: 卡的大小', '0.0.0.0'),
(183, 1241422236, 1, '添加属性: 颜色', '0.0.0.0'),
(184, 1241422272, 1, '编辑属性: 卡的容量', '0.0.0.0'),
(185, 1241422289, 1, '添加属性: 电池容量', '0.0.0.0'),
(186, 1241422347, 1, '编辑商品: 诺基亚原装5800耳机', '0.0.0.0'),
(187, 1241422402, 1, '添加商品: 诺基亚N85原装充电器', '0.0.0.0'),
(188, 1241422416, 1, '编辑商品: KD876', '0.0.0.0'),
(189, 1241422518, 1, '添加商品: 索爱原装M2卡读卡器', '0.0.0.0'),
(190, 1241422573, 1, '添加商品: 胜创KINGMAX内存卡', '0.0.0.0'),
(191, 1241422615, 1, '编辑商品: 胜创KINGMAX内存卡', '0.0.0.0'),
(192, 1241422626, 1, '编辑商品: 诺基亚N85原装充电器', '0.0.0.0'),
(193, 1241422785, 1, '添加商品: 诺基亚N85原装立体声耳机HS-82 查看商品相册 诺基亚N85原装立体声耳机HS-82', '0.0.0.0'),
(194, 1241425512, 1, '添加商品: 飞利浦9@9v ', '0.0.0.0'),
(195, 1241425836, 1, '编辑商品: 飞利浦9@9v ', '0.0.0.0'),
(196, 1241425891, 1, '编辑商品: 飞利浦9@9v ', '0.0.0.0'),
(197, 1241426819, 1, '添加文章分类: 3G手机资讯', '0.0.0.0'),
(198, 1241426864, 1, '添加文章: 三星电子宣布将在中国发布15款3G手机', '0.0.0.0'),
(199, 1241426898, 1, '编辑文章: 三星电子宣布将在中国发布15款3G手机', '0.0.0.0'),
(200, 1241427051, 1, '添加文章: 薄锐极限 电信3G定制摩托罗拉V10发布', '0.0.0.0'),
(201, 1241427449, 1, '编辑文章: 薄锐极限 电信3G定制摩托罗拉V10发布', '0.0.0.0'),
(202, 1241427779, 1, '编辑文章: 诺基亚牵手移动 5款热门TD手机机型推荐', '0.0.0.0'),
(203, 1241427850, 1, '编辑文章: 诺基亚牵手移动 5款热门TD手机机型推荐', '0.0.0.0'),
(204, 1241511486, 1, '编辑商品: 飞利浦9@9v', '0.0.0.0'),
(205, 1241511514, 1, '编辑属性: FM收音机', '0.0.0.0'),
(206, 1241511871, 1, '添加商品: 诺基亚E66', '0.0.0.0'),
(207, 1241512315, 1, '编辑商品: 诺基亚E66', '0.0.0.0'),
(208, 1241512443, 1, '删除商品类型: 手机', '0.0.0.0'),
(209, 1241512563, 1, '添加属性: 手机制式', '0.0.0.0'),
(210, 1241512693, 1, '添加属性: 外观样式', '0.0.0.0'),
(211, 1241512704, 1, '添加属性: 上市时间', '0.0.0.0'),
(212, 1241512712, 1, '添加属性: 屏幕参数', '0.0.0.0'),
(213, 1241512720, 1, '添加属性: 摄像功能', '0.0.0.0'),
(214, 1241512728, 1, '添加属性: 其它功能', '0.0.0.0'),
(215, 1241512737, 1, '添加属性: 产品配置', '0.0.0.0'),
(216, 1241512762, 1, '添加属性: 理论通话时间', '0.0.0.0'),
(217, 1241512772, 1, '添加属性: 理论待机时间', '0.0.0.0'),
(218, 1241512804, 1, '添加属性: 中文短消息', '0.0.0.0'),
(219, 1241512813, 1, '添加属性: 存储卡格式', '0.0.0.0'),
(220, 1241512842, 1, '添加属性: 外壳材质', '0.0.0.0'),
(221, 1241512868, 1, '添加属性: # 情景模式', '0.0.0.0'),
(222, 1241512907, 1, '添加属性: 蓝牙接口', '0.0.0.0'),
(223, 1241512939, 1, '添加属性: GPS', '0.0.0.0'),
(224, 1241512966, 1, '添加属性: MP3播放器', '0.0.0.0'),
(225, 1241512977, 1, '添加属性: 视频播放', '0.0.0.0'),
(226, 1241513003, 1, '添加属性: 内置游戏', '0.0.0.0'),
(227, 1241513036, 1, '编辑属性: 情景模式', '0.0.0.0'),
(228, 1241513132, 1, '添加属性: 价位', '0.0.0.0'),
(229, 1241513210, 1, '添加属性: 颜色', '0.0.0.0'),
(230, 1241513508, 1, '编辑商品: 飞利浦9@9v', '0.0.0.0'),
(231, 1241513571, 1, '编辑属性: MP3播放器', '0.0.0.0'),
(232, 1241513596, 1, '编辑属性: 外壳材质', '0.0.0.0'),
(233, 1241513630, 1, '编辑商品: 飞利浦9@9v', '0.0.0.0'),
(234, 1241513750, 1, '编辑属性: MP3播放器', '0.0.0.0'),
(235, 1241513771, 1, '添加属性: 附加配件', '0.0.0.0'),
(236, 1241513918, 1, '编辑属性: 像数（万）', '0.0.0.0'),
(237, 1241513939, 1, '编辑商品: 飞利浦9@9v', '0.0.0.0'),
(238, 1241513959, 1, '编辑属性: 像数（万）', '0.0.0.0'),
(239, 1241518314, 1, '编辑属性: 外壳材质', '0.0.0.0'),
(240, 1241518329, 1, '编辑属性: 价位', '0.0.0.0'),
(241, 1241946343, 1, '还原数据库备份: 备份时间2009-05-05 10:36:29', '127.0.0.1'),
(242, 1241965622, 1, '添加商品: 索爱C702c', '127.0.0.1'),
(243, 1241965816, 1, '添加商品: 索爱C702c', '127.0.0.1'),
(244, 1241965859, 1, '编辑品牌管理: 摩托罗拉', '127.0.0.1'),
(245, 1241965978, 1, '添加商品: 摩托罗拉A810', '127.0.0.1'),
(246, 1241966023, 1, '编辑商品: 摩托罗拉A810', '127.0.0.1'),
(247, 1241966218, 1, '编辑商品: 摩托罗拉A810', '127.0.0.1'),
(248, 1241966408, 1, '编辑商品: 摩托罗拉A810', '127.0.0.1'),
(249, 1241966536, 1, '编辑品牌管理: 诺基亚', '127.0.0.1'),
(250, 1241966874, 1, '编辑商品: 摩托罗拉A810', '127.0.0.1'),
(251, 1241966922, 1, '回收商品: 索爱C702c', '127.0.0.1'),
(252, 1241966951, 1, '还原商品: 索爱C702c', '127.0.0.1'),
(253, 1241966963, 1, '回收商品: 索爱C702c', '127.0.0.1'),
(254, 1241967340, 1, '编辑商品: 诺基亚E66', '127.0.0.1'),
(255, 1241967424, 1, '编辑商品: 诺基亚N85原装立体声耳机HS-82', '127.0.0.1'),
(256, 1241967465, 1, '编辑商品: 索爱原装M2卡读卡器', '127.0.0.1'),
(257, 1241967487, 1, '编辑商品: 诺基亚N85原装充电器', '127.0.0.1'),
(258, 1241967556, 1, '编辑商品: KD876', '127.0.0.1'),
(259, 1241967667, 1, '编辑商品: 飞利浦9@9v', '127.0.0.1'),
(260, 1241967762, 1, '添加商品: 诺基亚5320 XpressMusic', '127.0.0.1'),
(261, 1241968002, 1, '编辑商品: 诺基亚5320 XpressMusic', '127.0.0.1'),
(262, 1241968058, 1, '编辑商品: 诺基亚5320 XpressMusic', '127.0.0.1'),
(263, 1241968492, 1, '添加商品: 诺基亚5800XM', '127.0.0.1'),
(264, 1241968703, 1, '添加商品: 摩托罗拉A810', '127.0.0.1'),
(265, 1241968949, 1, '添加商品: 恒基伟业G101', '127.0.0.1'),
(266, 1241969394, 1, '添加商品: 夏新N7', '127.0.0.1'),
(267, 1241969533, 1, '添加商品: 夏新T5', '127.0.0.1'),
(268, 1241969541, 1, '回收商品: 夏新T5', '127.0.0.1'),
(269, 1241970139, 1, '添加商品: 三星SGH-F258', '127.0.0.1'),
(270, 1241970175, 1, '编辑商品: 三星SGH-F258', '127.0.0.1'),
(271, 1241970417, 1, '添加商品: 三星BC01', '127.0.0.1'),
(272, 1241970634, 1, '添加商品: 金立 A30', '127.0.0.1'),
(273, 1241970743, 1, '编辑商品: 飞利浦9@9v', '127.0.0.1'),
(274, 1241971076, 1, '添加商品: 多普达Touch HD', '127.0.0.1'),
(275, 1241971488, 1, '添加商品: 诺基亚N96', '127.0.0.1'),
(276, 1241971556, 1, '编辑商品: 诺基亚N96', '127.0.0.1'),
(277, 1241971981, 1, '添加商品: P806', '127.0.0.1'),
(278, 1241972305, 1, '编辑商品: 飞利浦9@9v', '127.0.0.1'),
(279, 1241972339, 1, '编辑商品: 恒基伟业G101', '127.0.0.1'),
(280, 1241972512, 1, '添加商品分类: 充值卡', '127.0.0.1'),
(281, 1241972554, 1, '添加商品分类: 小灵通/固话充值卡', '127.0.0.1'),
(282, 1241972598, 1, '添加商品分类: 移动手机充值卡', '127.0.0.1'),
(283, 1241972634, 1, '添加商品分类: 联通手机充值卡', '127.0.0.1'),
(284, 1241972709, 1, '添加商品: 小灵通/固话50元充值卡', '127.0.0.1'),
(285, 1241972789, 1, '添加商品: 小灵通/固话20元充值卡', '127.0.0.1'),
(286, 1241972894, 1, '添加商品: 联通100元充值卡', '127.0.0.1'),
(287, 1241972976, 1, '添加商品: 联通50元充值卡', '127.0.0.1'),
(288, 1241973022, 1, '添加商品: 移动100元充值卡', '127.0.0.1'),
(289, 1241973114, 1, '添加商品: 移动20元充值卡', '127.0.0.1'),
(290, 1242105946, 1, '还原数据库备份: 备份时间2009-05-10 16:33:51', '0.0.0.0'),
(291, 1242106383, 1, '编辑商品: 三星BC01', '0.0.0.0'),
(292, 1242106490, 1, '编辑商品: 三星BC01', '0.0.0.0'),
(293, 1242106594, 1, '添加会员账号: ecshop', '0.0.0.0'),
(294, 1242106663, 1, '添加会员等级: vip', '0.0.0.0'),
(295, 1242106727, 1, '添加会员等级: 钻石用户', '0.0.0.0'),
(296, 1242106771, 1, '编辑商品: 诺基亚N96', '0.0.0.0'),
(297, 1242106836, 1, '编辑商品: 诺基亚5320 XpressMusic', '0.0.0.0'),
(298, 1242106894, 1, '添加会员账号: vip', '0.0.0.0'),
(299, 1242106928, 1, '添加会员账号: text', '0.0.0.0'),
(300, 1242106997, 1, '添加会员账号: zhuangshi', '0.0.0.0'),
(301, 1242107017, 1, '删除会员账号: zhuangshi', '0.0.0.0'),
(302, 1242107045, 1, '添加会员账号: zuanshi', '0.0.0.0'),
(303, 1242107052, 1, '编辑会员账号: vip', '0.0.0.0'),
(304, 1242107224, 1, '编辑操作日志: ', '0.0.0.0'),
(305, 1242107360, 1, '添加: 音乐手机', '0.0.0.0'),
(306, 1242107418, 1, '添加: 音乐手机', '0.0.0.0'),
(307, 1242107466, 1, '添加: 音乐手机', '0.0.0.0'),
(308, 1242107517, 1, '添加: 智能手机', '0.0.0.0'),
(309, 1242107557, 1, '添加: 智能手机', '0.0.0.0'),
(310, 1242107611, 1, '添加: 智能手机', '0.0.0.0'),
(311, 1242107825, 1, '添加夺宝奇兵: 夺宝奇兵之诺基亚N96', '0.0.0.0'),
(312, 1242107987, 1, '添加夺宝奇兵: 夺宝奇兵之夏新N7', '0.0.0.0'),
(313, 1242108026, 1, '添加红包类型: 用户红包', '0.0.0.0'),
(314, 1242108084, 1, '添加红包类型: 商品红包', '0.0.0.0'),
(315, 1242108124, 1, '添加红包类型: 订单红包', '0.0.0.0'),
(316, 1242108159, 1, '添加红包类型: 线下红包', '0.0.0.0'),
(317, 1242108754, 1, '添加商品贺卡: 祝福贺卡', '0.0.0.0'),
(318, 1242109088, 1, '添加团购商品: P806', '0.0.0.0'),
(319, 1242109198, 1, '编辑商品: 金立 A30', '0.0.0.0'),
(320, 1242109298, 1, '编辑商品: 金立 A30', '0.0.0.0'),
(321, 1242109354, 1, '添加批发活动: 金立 A30', '0.0.0.0'),
(322, 1242109644, 1, '编辑会员等级: 钻石用户', '0.0.0.0'),
(323, 1242109964, 1, '添加优惠活动: 5.1诺基亚优惠活动', '0.0.0.0'),
(324, 1242110117, 1, '添加拍卖活动: 拍卖活动——索爱C702c', '0.0.0.0'),
(325, 1242110412, 1, '添加商品: 摩托罗拉E8 ', '0.0.0.0'),
(326, 1242110451, 1, '添加: 音乐手机', '0.0.0.0'),
(327, 1242110566, 1, '添加超值礼包: 摩托罗拉E8 大礼包', '0.0.0.0'),
(328, 1242110760, 1, '添加商品: 诺基亚N85', '0.0.0.0'),
(329, 1242110880, 1, '添加超值礼包: 诺基亚N85大礼包', '0.0.0.0'),
(330, 1242140620, 1, '还原数据库备份: 备份时间2009-05-12 06:48:22', '127.0.0.1'),
(331, 1242140683, 1, '添加积分可兑换的商品: 24', '127.0.0.1'),
(332, 1242141551, 1, '安装支付方式: 余额支付', '127.0.0.1'),
(333, 1242141813, 1, '安装配送方式: 申通快递', '127.0.0.1'),
(334, 1242141841, 1, '添加配送区域: 申通', '127.0.0.1'),
(335, 1242141890, 1, '添加配送区域: 1', '127.0.0.1'),
(336, 1242141897, 1, '安装配送方式: 邮局平邮', '127.0.0.1'),
(337, 1242141914, 1, '添加配送区域: 邮局', '127.0.0.1'),
(338, 1242141958, 1, '安装配送方式: 运费到付', '127.0.0.1'),
(339, 1242142014, 1, '添加配送区域: 运费到付', '127.0.0.1'),
(340, 1242142081, 1, '安装支付方式: 银行汇款/转帐', '127.0.0.1'),
(341, 1242142190, 1, '编辑配送区域: 1', '127.0.0.1'),
(342, 1242142210, 1, '编辑配送区域: 运费到付', '127.0.0.1'),
(343, 1242142227, 1, '编辑配送区域: 邮局', '127.0.0.1'),
(344, 1242142503, 1, '编辑红包类型: 商品红包', '127.0.0.1'),
(345, 1242143005, 1, '编辑团购商品: P806[3]', '127.0.0.1'),
(346, 1242143557, 1, '编辑商店设置: ', '127.0.0.1'),
(347, 1242144250, 1, '添加订单: 2009051264945', '127.0.0.1'),
(348, 1242144268, 1, '编辑订单: 2009051264945,订单总金额由 0.00 变为 3800.00', '127.0.0.1'),
(349, 1242144348, 1, '编辑订单: 2009051264945', '127.0.0.1'),
(350, 1242144353, 1, '编辑订单: 2009051264945,订单总金额由 3800.00 变为 3810.00', '127.0.0.1'),
(351, 1242144356, 1, '编辑订单: 2009051264945', '127.0.0.1'),
(352, 1242144359, 1, '编辑订单: 2009051264945', '127.0.0.1'),
(353, 1242144363, 1, '编辑订单: 2009051264945', '127.0.0.1'),
(354, 1242576182, 1, '安装支付方式: 货到付款', '127.0.0.1'),
(355, 1242576584, 1, '添加文章分类: 新手上路 ', '127.0.0.1'),
(356, 1242576615, 1, '添加文章分类: 手机常识 ', '127.0.0.1'),
(357, 1242576627, 1, '添加文章分类: 配送与支付 ', '127.0.0.1'),
(358, 1242576634, 1, '添加文章分类: 服务保证 ', '127.0.0.1'),
(359, 1242576641, 1, '添加文章分类: 联系我们 ', '127.0.0.1'),
(360, 1242576650, 1, '添加文章分类: 会员 ', '127.0.0.1'),
(361, 1242576700, 1, '添加文章: 售后流程', '127.0.0.1'),
(362, 1242576717, 1, '添加文章: 购物流程', '127.0.0.1'),
(363, 1242576727, 1, '添加文章: 订购方式', '127.0.0.1'),
(364, 1242576826, 1, '添加文章: 如何分辨原装电池', '127.0.0.1'),
(365, 1242576911, 1, '添加文章: 如何分辨水货手机 ', '127.0.0.1'),
(366, 1242576927, 1, '添加文章: 如何享受全国联保', '127.0.0.1'),
(367, 1242576971, 1, '编辑文章: 如何分辨原装电池', '127.0.0.1'),
(368, 1242577023, 1, '添加文章: 货到付款区域', '127.0.0.1'),
(369, 1242577032, 1, '添加文章: 配送支付智能查询 ', '127.0.0.1'),
(370, 1242577041, 1, '添加文章: 支付方式说明', '127.0.0.1'),
(371, 1242577080, 1, '编辑文章分类: 会员中心', '127.0.0.1'),
(372, 1242577127, 1, '添加文章: 资金管理', '127.0.0.1'),
(373, 1242577178, 1, '添加文章: 我的收藏', '127.0.0.1'),
(374, 1242577199, 1, '添加文章: 我的订单', '127.0.0.1'),
(375, 1242577230, 1, '编辑文章: 资金管理', '127.0.0.1'),
(376, 1242577293, 1, '添加文章: 退换货原则', '127.0.0.1'),
(377, 1242577308, 1, '添加文章: 售后服务保证 ', '127.0.0.1'),
(378, 1242577326, 1, '添加文章: 产品质量保证 ', '127.0.0.1'),
(379, 1242577409, 1, '编辑文章分类: 联系我们 ', '127.0.0.1'),
(380, 1242577432, 1, '添加文章: 网站故障报告', '127.0.0.1'),
(381, 1242577448, 1, '添加文章: 选机咨询 ', '127.0.0.1'),
(382, 1242577459, 1, '添加文章: 投诉与建议 ', '127.0.0.1'),
(383, 1242577702, 1, '添加文章: 800万像素超强拍照机 LG Viewty Smart再曝光', '127.0.0.1'),
(384, 1242577731, 1, '编辑商品: KD876', '127.0.0.1'),
(385, 1242577749, 1, '编辑商品: 三星BC01', '127.0.0.1'),
(386, 1242577768, 1, '编辑商品: 三星SGH-F258', '127.0.0.1'),
(387, 1242577791, 1, '编辑商品: 诺基亚N85', '127.0.0.1'),
(388, 1242577813, 1, '编辑商品: 诺基亚N96', '127.0.0.1'),
(389, 1242577838, 1, '编辑商品: 诺基亚N96', '127.0.0.1'),
(390, 1242577864, 1, '编辑商品: 诺基亚E66', '127.0.0.1'),
(391, 1242578018, 1, '添加文章分类: 本站手机促销', '127.0.0.1'),
(392, 1242578199, 1, '添加文章: 飞利浦9@9促销', '127.0.0.1'),
(393, 1242578365, 1, '编辑文章: 飞利浦9@9促销', '127.0.0.1'),
(394, 1242578676, 1, '添加文章: 诺基亚5320 促销', '127.0.0.1'),
(395, 1242578826, 1, '添加文章: 促销诺基亚N96', '127.0.0.1'),
(396, 1242578885, 1, '添加文章分类: 站内快讯', '127.0.0.1'),
(397, 1242579069, 1, '添加文章: 诺基亚6681手机广告欣赏', '127.0.0.1'),
(398, 1242579189, 1, '添加文章: 手机游戏下载', '127.0.0.1'),
(399, 1242579559, 1, '添加文章: 三星SGHU308说明书下载', '127.0.0.1'),
(400, 1242579587, 1, '编辑文章: 三星SGHU308说明书下载', '127.0.0.1'),
(401, 1242579622, 1, '编辑文章: 手机游戏下载', '127.0.0.1'),
(402, 1242580013, 1, '添加文章: 3G知识普及', '127.0.0.1'),
(403, 1242973211, 1, '还原数据库备份: 备份时间2009-05-17 17:10:28', '0.0.0.0'),
(404, 1242973252, 1, '编辑商品分类: 联通手机充值卡', '0.0.0.0'),
(405, 1242973362, 1, '编辑商品: 摩托罗拉A810', '0.0.0.0'),
(406, 1242973436, 1, '编辑商品: 索爱C702c', '0.0.0.0'),
(407, 1242973501, 1, '编辑文章分类: 3G资讯', '0.0.0.0'),
(408, 1242974080, 1, '添加拍卖活动: 拍卖活动——索爱C702c(第2期)', '0.0.0.0'),
(409, 1242974159, 1, '编辑拍卖活动: 拍卖活动——索爱C702c(第2期)', '0.0.0.0'),
(410, 1242974327, 1, '添加团购商品: P806', '0.0.0.0'),
(411, 1242974380, 1, '编辑团购商品: P806[8]', '0.0.0.0'),
(412, 1242974613, 1, '添加文章: “沃”的世界我做主', '0.0.0.0'),
(413, 1242976639, 1, '添加用户红包: 1000091405', '0.0.0.0'),
(414, 1244189181, 1, '编辑商品: 索爱C702c', '0.0.0.0'),
(415, 1244189344, 1, '编辑文章分类: 手机促销', '0.0.0.0'),
(416, 1244190576, 1, '编辑文章: 三星SGHU308说明书下载', '0.0.0.0'),
(417, 1244190791, 1, '编辑文章: 三星SGHU308说明书下载', '0.0.0.0'),
(418, 1244190825, 1, '编辑文章: 三星SGHU308说明书下载', '0.0.0.0'),
(419, 1244190882, 1, '编辑文章: 三星SGHU308说明书下载', '0.0.0.0'),
(420, 1244190952, 1, '编辑文章: 三星SGHU308说明书下载', '0.0.0.0'),
(421, 1244191015, 1, '编辑文章: 三星SGHU308说明书下载', '0.0.0.0'),
(422, 1244191031, 1, '编辑文章: 三星SGHU308说明书下载', '0.0.0.0'),
(423, 1244773301, 1, '添加在线调查: 您从哪里知道我们的网站', '0.0.0.0'),
(424, 1244773315, 1, '添加在线调查: 论坛', '0.0.0.0'),
(425, 1244773328, 1, '添加在线调查: 朋友', '0.0.0.0'),
(426, 1244773345, 1, '添加在线调查: 友情链接', '0.0.0.0'),
(427, 1245042408, 1, '还原数据库备份: 备份时间2009-06-12 02:23:14', '0.0.0.0'),
(428, 1245042659, 1, '编辑商品分类: 手机类型', '0.0.0.0'),
(429, 1245042742, 1, '编辑商品分类: GSM手机', '0.0.0.0'),
(430, 1245042772, 1, '编辑商品分类: 手机类型', '0.0.0.0'),
(431, 1245043251, 1, '编辑文章: 三星SGHU308说明书下载', '0.0.0.0'),
(432, 1245043292, 1, '编辑文章: 三星SGHU308说明书下载', '0.0.0.0'),
(433, 1245044142, 1, '编辑权限管理: bjgonghuo1', '0.0.0.0'),
(434, 1245044234, 1, '添加供货商管理: 北京供货商', '0.0.0.0'),
(435, 1245044248, 1, '添加供货商管理: 上海供货商', '0.0.0.0'),
(436, 1245044469, 1, '编辑红包类型: 订单红包', '0.0.0.0'),
(437, 1245044698, 1, '编辑供货商管理: 北京供货商', '0.0.0.0'),
(438, 1245044706, 1, '编辑供货商管理: 上海供货商', '0.0.0.0'),
(439, 1245136915, 1, '还原数据库备份: 备份时间2009-06-15 06:54:05', '0.0.0.0'),
(440, 1245138481, 1, '还原数据库备份: 备份时间2009-06-16 07:47:15', '0.0.0.0'),
(441, 1245220014, 1, '编辑商品: 诺基亚N85', '0.0.0.0'),
(442, 1245220040, 1, '编辑商品: 诺基亚N85', '0.0.0.0'),
(443, 1245220295, 1, '编辑商品: P806', '0.0.0.0'),
(444, 1245220617, 1, '编辑商品: 诺基亚N96', '0.0.0.0'),
(445, 1245220821, 1, '编辑商品: 多普达Touch HD', '0.0.0.0'),
(446, 1245221079, 1, '编辑商品: 金立 A30', '0.0.0.0'),
(447, 1245221279, 1, '编辑商品: 三星BC01', '0.0.0.0'),
(448, 1245221460, 1, '编辑商品: 三星SGH-F258', '0.0.0.0'),
(449, 1245221658, 1, '编辑商品: 夏新N7', '0.0.0.0'),
(450, 1245221889, 1, '编辑商品: 摩托罗拉A810', '0.0.0.0'),
(451, 1245222018, 1, '编辑商品: 诺基亚5800XM', '0.0.0.0'),
(452, 1245222169, 1, '编辑商品: 诺基亚5320 XpressMusic', '0.0.0.0'),
(453, 1245222267, 1, '回收商品: 摩托罗拉A810', '0.0.0.0'),
(454, 1245222409, 1, '编辑商品: 索爱C702c', '0.0.0.0'),
(455, 1245222545, 1, '编辑商品: 诺基亚E66', '0.0.0.0'),
(456, 1245222658, 1, '编辑商品: 飞利浦9@9v', '0.0.0.0'),
(457, 1245222832, 1, '编辑商品: KD876', '0.0.0.0'),
(458, 1245222978, 1, '编辑商店设置: ', '0.0.0.0'),
(459, 1245223043, 1, '编辑商品分类: 手机类型', '0.0.0.0'),
(460, 1245223128, 1, '编辑商品分类: GSM手机', '0.0.0.0'),
(461, 1245223340, 1, '编辑文章: 诺基亚牵手移动 5款热门TD手机机型推荐', '0.0.0.0'),
(462, 1245223387, 1, '编辑文章: 诺基亚牵手移动 5款热门TD手机机型推荐', '0.0.0.0'),
(463, 1245223611, 1, '还原数据库备份: 备份时间2009-06-17 07:23:51', '0.0.0.0'),
(464, 1252548583, 1, '编辑商店设置: ', '127.0.0.1'),
(465, 1252552298, 1, '添加商品分类: 其他', '127.0.0.1'),
(466, 1252552310, 1, '编辑商品分类: GSM手机', '127.0.0.1'),
(467, 1252552325, 1, '编辑商品分类: GSM手机', '127.0.0.1'),
(468, 1252552335, 1, '编辑商品分类: 手机类型', '127.0.0.1'),
(469, 1252552344, 1, '编辑商品分类: 充值卡', '127.0.0.1'),
(470, 1252552355, 1, '编辑商品分类: 手机配件', '127.0.0.1'),
(471, 1252560750, 1, '添加商品分类: 手机数码', '127.0.0.1'),
(472, 1252560762, 1, '添加商品分类: 热销手机', '127.0.0.1'),
(473, 1252560868, 1, '删除商品分类: 热销手机', '127.0.0.1'),
(474, 1252560870, 1, '删除商品分类: 手机数码', '127.0.0.1'),
(475, 1252560885, 1, '编辑商品分类: 手机数码', '127.0.0.1'),
(476, 1252560913, 1, '添加商品分类: 百乐宜家', '127.0.0.1'),
(477, 1252560932, 1, '添加商品分类: 空调扇', '127.0.0.1'),
(478, 1252560995, 1, '添加商品分类: 电磁炉/微波炉/烤箱', '127.0.0.1'),
(479, 1252561016, 1, '添加商品分类: 豆浆机/榨汁机/料理机', '127.0.0.1'),
(480, 1252561043, 1, '添加商品分类: 电蒸锅/电炖锅/电饭煲', '127.0.0.1'),
(481, 1252561065, 1, '添加商品分类: 日用小家电', '127.0.0.1'),
(482, 1252561073, 1, '添加商品分类: 大家电', '127.0.0.1'),
(483, 1252561085, 1, '添加商品分类: 电磁炉', '127.0.0.1'),
(484, 1252561093, 1, '添加商品分类: 微波炉', '127.0.0.1'),
(485, 1252561101, 1, '添加商品分类: 榨汁机', '127.0.0.1'),
(486, 1252561114, 1, '添加商品分类: 烤箱', '127.0.0.1'),
(487, 1252561128, 1, '编辑商品分类: 榨汁机', '127.0.0.1'),
(488, 1252561152, 1, '添加商品分类: 豆浆机', '127.0.0.1'),
(489, 1252561162, 1, '添加商品分类: 料理机', '127.0.0.1'),
(490, 1252561182, 1, '编辑商品分类: 烤箱', '127.0.0.1'),
(491, 1252561209, 1, '编辑商品分类: 电磁炉', '127.0.0.1'),
(492, 1252561234, 1, '编辑商品分类: 微波炉', '127.0.0.1'),
(493, 1252561247, 1, '编辑商品分类: 烤箱', '127.0.0.1'),
(494, 1252561266, 1, '编辑商品分类: 榨汁机', '127.0.0.1'),
(495, 1252561282, 1, '添加商品分类: 电饭煲', '127.0.0.1'),
(496, 1252561297, 1, '添加商品分类: 电蒸锅', '127.0.0.1'),
(497, 1252561309, 1, '添加商品分类: 电炖锅', '127.0.0.1'),
(498, 1252562435, 1, '添加商品分类: 美容化妆', '127.0.0.1'),
(499, 1252562451, 1, '添加商品分类: 化妆品/保养品', '127.0.0.1'),
(500, 1252562463, 1, '添加商品分类: 美容用品', '127.0.0.1'),
(501, 1252562473, 1, '添加商品分类: 化妆品', '127.0.0.1'),
(502, 1252562482, 1, '添加商品分类: 保养品', '127.0.0.1'),
(503, 1252562533, 1, '添加商品分类: 服装鞋类', '127.0.0.1'),
(504, 1252562553, 1, '添加商品分类: 塑身内衣/睡衣', '127.0.0.1'),
(505, 1252562610, 1, '添加商品分类: 美容用品', '127.0.0.1'),
(506, 1252562658, 1, '添加商品分类: 正装/休闲装', '127.0.0.1'),
(507, 1252562713, 1, '添加商品分类: 其他服饰/配饰', '127.0.0.1'),
(508, 1252562946, 1, '添加商品分类: 皮鞋/休闲鞋/运动鞋', '127.0.0.1'),
(509, 1252562959, 1, '添加商品分类: 皮鞋', '127.0.0.1'),
(510, 1252562969, 1, '添加商品分类: 休闲鞋', '127.0.0.1'),
(511, 1252562979, 1, '添加商品分类: 运动鞋', '127.0.0.1'),
(512, 1252562991, 1, '添加商品分类: 塑身内衣', '127.0.0.1'),
(513, 1252563001, 1, '添加商品分类: 睡衣', '127.0.0.1'),
(514, 1252563011, 1, '添加商品分类: 其他服饰', '127.0.0.1'),
(515, 1252563021, 1, '添加商品分类: 配饰', '127.0.0.1'),
(516, 1252563043, 1, '添加商品分类: 正装', '127.0.0.1'),
(517, 1252563063, 1, '添加商品分类: 休闲装', '127.0.0.1'),
(518, 1252599837, 1, '编辑品牌管理: 索尼', '127.0.0.1'),
(519, 1252599873, 1, '编辑品牌管理: 恒寿堂', '127.0.0.1'),
(520, 1252599907, 1, '编辑品牌管理: 九阳', '127.0.0.1'),
(521, 1252599947, 1, '编辑品牌管理: AIPTEK', '127.0.0.1'),
(522, 1252599957, 1, '编辑品牌管理: AIPTEK', '127.0.0.1'),
(523, 1252599981, 1, '编辑品牌管理: POVOS', '127.0.0.1'),
(524, 1252634624, 1, '编辑用户评论: 回复', '127.0.0.1'),
(525, 1252634635, 1, '编辑用户评论: 回复', '127.0.0.1'),
(526, 1252649412, 1, '删除文章: ', '127.0.0.1'),
(527, 1252649412, 1, '删除文章: ', '127.0.0.1'),
(528, 1252649412, 1, '删除文章: ', '127.0.0.1'),
(529, 1252650115, 1, '编辑商店设置: ', '127.0.0.1'),
(530, 1252674525, 1, '添加积分可兑换的商品: 9', '127.0.0.1'),
(531, 1252687507, 1, '编辑商品: 三星SGH-F258', '127.0.0.1'),
(532, 1252739230, 1, '编辑商品: 诺基亚N85', '127.0.0.1'),
(533, 1252891482, 1, '添加商品: 模板堂测试商品01', '127.0.0.1'),
(534, 1252891553, 1, '编辑商品: 模板堂测试商品01', '127.0.0.1'),
(535, 1252891600, 1, '编辑商店设置: ', '127.0.0.1'),
(536, 1252891725, 1, '编辑商品: 模板堂测试商品01', '127.0.0.1'),
(537, 1252891840, 1, '添加商品: 模板堂测试商品02', '127.0.0.1'),
(538, 1252892015, 1, '添加商品: 模板堂测试商品03', '127.0.0.1'),
(539, 1252892061, 1, '添加商品: 模板堂测试商品04', '127.0.0.1'),
(540, 1252892877, 1, '添加商品: 模板堂测试商品05', '127.0.0.1'),
(541, 1252892908, 1, '添加商品: 模板堂测试商品06', '127.0.0.1'),
(542, 1252892934, 1, '添加商品: 模板堂测试商品07', '127.0.0.1'),
(543, 1252893003, 1, '添加商品: 模板堂测试商品08', '127.0.0.1'),
(544, 1252893034, 1, '编辑商品: 模板堂测试商品08', '127.0.0.1'),
(545, 1252893493, 1, '添加商品分类: 家具生活', '127.0.0.1'),
(546, 1252893540, 1, '添加商品: 模板堂测试商品09', '127.0.0.1'),
(547, 1252893574, 1, '编辑商品: 模板堂测试商品09', '127.0.0.1'),
(548, 1252893594, 1, '添加商品: 模板堂测试商品10', '127.0.0.1'),
(549, 1252893611, 1, '添加商品: 模板堂测试商品11', '127.0.0.1'),
(550, 1252893627, 1, '添加商品: 模板堂测试商品12', '127.0.0.1'),
(551, 1252893685, 1, '添加商品分类: 营养保健', '127.0.0.1'),
(552, 1252894384, 1, '添加商品: 模板堂测试商品13', '127.0.0.1'),
(553, 1252894408, 1, '添加商品: 模板堂测试商品14', '127.0.0.1'),
(554, 1252894431, 1, '添加商品: 模板堂测试商品14', '127.0.0.1'),
(555, 1252894455, 1, '添加商品: 模板堂测试商品16', '127.0.0.1'),
(556, 1252894568, 1, '添加商品: 模板堂测试商品17', '127.0.0.1'),
(557, 1252894631, 1, '添加商品: 模板堂测试商品18', '127.0.0.1'),
(558, 1252894648, 1, '添加商品: 模板堂测试商品19', '127.0.0.1'),
(559, 1252894666, 1, '添加商品: 模板堂测试商品20', '127.0.0.1'),
(560, 1252894810, 1, '编辑商品: 模板堂测试商品09', '127.0.0.1'),
(561, 1252894838, 1, '编辑商品: 模板堂测试商品08', '127.0.0.1'),
(562, 1252894914, 1, '编辑商品: 模板堂测试商品09', '127.0.0.1'),
(563, 1252894953, 1, '编辑商品: 模板堂测试商品10', '127.0.0.1'),
(564, 1252896473, 1, '编辑商品: 模板堂测试商品20', '127.0.0.1'),
(565, 1252896488, 1, '编辑商品: 模板堂测试商品20', '127.0.0.1'),
(566, 1252896505, 1, '编辑商品: 模板堂测试商品19', '127.0.0.1'),
(567, 1252896525, 1, '编辑商品: 模板堂测试商品18', '127.0.0.1'),
(568, 1252896543, 1, '编辑商品: 模板堂测试商品17', '127.0.0.1'),
(569, 1253159697, 1, '编辑商店设置: ', '127.0.0.1'),
(570, 1253159737, 1, '编辑商品: 模板堂测试商品20模板堂测试商品20', '127.0.0.1'),
(571, 1253164460, 1, '添加商品: 测试', '127.0.0.1'),
(572, 1253242873, 1, '编辑商品分类: 正装/休闲装', '127.0.0.1'),
(573, 1253243941, 1, '编辑商品分类: 大家电', '127.0.0.1'),
(574, 1253244217, 1, '编辑商品分类: 其他服饰/配饰', '127.0.0.1'),
(575, 1253592208, 1, '编辑商品: 模板堂测试商品10模板堂测试商品10模板堂测试商品10', '127.0.0.1'),
(576, 1253686186, 1, '编辑商品: 模板堂测试商品10模板堂测试商品10模板堂测试商品10', '127.0.0.1'),
(577, 1253687479, 1, '编辑商品: 模板堂测试商品10模板堂测试商品10模板堂测试商品10', '127.0.0.1'),
(578, 1257837820, 1, '编辑商店设置: ', '127.0.0.1'),
(579, 1258373440, 1, '回收商品: 测试', '127.0.0.1'),
(580, 1258374513, 1, '添加商品: 模板堂测试商品21', '127.0.0.1'),
(581, 1258374539, 1, '编辑商品: 模板堂测试商品21', '127.0.0.1'),
(582, 1265212906, 1, '编辑商品分类: GSM手机', '127.0.0.1'),
(583, 1265212917, 1, '编辑商品分类: 双模手机', '127.0.0.1'),
(584, 1265212954, 1, '编辑商品分类: 充值卡', '127.0.0.1'),
(585, 1265212961, 1, '编辑商品分类: 联通手机充值卡', '127.0.0.1'),
(586, 1265212971, 1, '编辑商品分类: 移动手机充值卡', '127.0.0.1'),
(587, 1265212986, 1, '编辑商品分类: 营养保健', '127.0.0.1'),
(588, 1265212997, 1, '编辑商品分类: 手机数码', '127.0.0.1'),
(589, 1265213009, 1, '编辑商品分类: 百乐宜家', '127.0.0.1'),
(590, 1265213022, 1, '编辑商品分类: 美容化妆', '127.0.0.1'),
(591, 1265213029, 1, '编辑商品分类: 家具生活', '127.0.0.1'),
(592, 1265213048, 1, '编辑商品分类: 小灵通/固话充值卡', '127.0.0.1'),
(593, 1265213669, 1, '编辑商店设置: ', '127.0.0.1'),
(594, 1265769709, 1, '编辑商店设置: ', '127.0.0.1'),
(595, 1276878237, 1, '编辑商店设置: ', '127.0.0.1'),
(596, 1276878358, 1, '编辑商店设置: ', '127.0.0.1'),
(597, 1276919613, 1, '编辑商店设置: ', '127.0.0.1'),
(598, 1276919801, 1, '批量编辑商品: ', '127.0.0.1'),
(599, 1276920889, 1, '添加广告位置: 全宽广告', '127.0.0.1'),
(600, 1276920916, 1, '添加广告: 全宽广告', '127.0.0.1'),
(601, 1276921194, 1, '编辑商品: P806', '127.0.0.1'),
(602, 1276922397, 1, '删除友情链接: ', '127.0.0.1'),
(603, 1276922398, 1, '删除友情链接: ', '127.0.0.1'),
(604, 1276922399, 1, '删除友情链接: ', '127.0.0.1'),
(605, 1281248868, 1, '批量回收商品: ', '127.0.0.1'),
(606, 1281248872, 1, '批量回收商品: ', '127.0.0.1'),
(607, 1281248876, 1, '批量回收商品: ', '127.0.0.1'),
(608, 1281249119, 1, '批量回收商品: ', '127.0.0.1'),
(609, 1281249128, 1, '批量删除商品: ', '127.0.0.1'),
(610, 1281249132, 1, '批量删除商品: ', '127.0.0.1'),
(611, 1281249137, 1, '批量删除商品: ', '127.0.0.1'),
(612, 1281249141, 1, '批量删除商品: ', '127.0.0.1'),
(613, 1281249149, 1, '删除商品分类: 皮鞋', '127.0.0.1'),
(614, 1281249151, 1, '删除商品分类: 休闲鞋', '127.0.0.1'),
(615, 1281249153, 1, '删除商品分类: 休闲装', '127.0.0.1'),
(616, 1281249156, 1, '删除商品分类: 运动鞋', '127.0.0.1'),
(617, 1281249158, 1, '删除商品分类: 营养保健', '127.0.0.1'),
(618, 1281249160, 1, '删除商品分类: 正装', '127.0.0.1'),
(619, 1281249162, 1, '删除商品分类: 正装/休闲装', '127.0.0.1'),
(620, 1281249165, 1, '删除商品分类: 其他服饰', '127.0.0.1'),
(621, 1281249167, 1, '删除商品分类: 配饰', '127.0.0.1'),
(622, 1281249191, 1, '删除商品分类: 睡衣', '127.0.0.1'),
(623, 1281249194, 1, '删除商品分类: 塑身内衣', '127.0.0.1'),
(624, 1281249195, 1, '删除商品分类: 塑身内衣/睡衣', '127.0.0.1'),
(625, 1281249199, 1, '删除商品分类: 皮鞋/休闲鞋/运动鞋', '127.0.0.1'),
(626, 1281249201, 1, '删除商品分类: 家具生活', '127.0.0.1'),
(627, 1281249202, 1, '删除商品分类: 其他服饰/配饰', '127.0.0.1'),
(628, 1281249205, 1, '删除商品分类: 3G手机', '127.0.0.1'),
(629, 1281249207, 1, '删除商品分类: 小灵通/固话充值卡', '127.0.0.1'),
(630, 1281249209, 1, '删除商品分类: 榨汁机', '127.0.0.1'),
(631, 1281249210, 1, '删除商品分类: 豆浆机', '127.0.0.1'),
(632, 1281249214, 1, '删除商品分类: 料理机', '127.0.0.1'),
(633, 1281249217, 1, '删除商品分类: 电炖锅', '127.0.0.1'),
(634, 1281249220, 1, '删除商品分类: 美容用品', '127.0.0.1'),
(635, 1281249222, 1, '删除商品分类: 美容用品', '127.0.0.1'),
(636, 1281249224, 1, '删除商品分类: 化妆品', '127.0.0.1'),
(637, 1281249225, 1, '删除商品分类: 保养品', '127.0.0.1'),
(638, 1281249226, 1, '删除商品分类: 化妆品/保养品', '127.0.0.1'),
(639, 1281249227, 1, '删除商品分类: 美容化妆', '127.0.0.1'),
(640, 1281249229, 1, '删除商品分类: 服装鞋类', '127.0.0.1'),
(641, 1281249230, 1, '删除商品分类: 大家电', '127.0.0.1'),
(642, 1281249231, 1, '删除商品分类: 豆浆机/榨汁机/料理机', '127.0.0.1'),
(643, 1281249233, 1, '删除商品分类: 电蒸锅', '127.0.0.1'),
(644, 1281249235, 1, '删除商品分类: 电饭煲', '127.0.0.1'),
(645, 1281249236, 1, '删除商品分类: 电蒸锅/电炖锅/电饭煲', '127.0.0.1'),
(646, 1281249237, 1, '删除商品分类: 日用小家电', '127.0.0.1'),
(647, 1281249238, 1, '删除商品分类: 空调扇', '127.0.0.1'),
(648, 1281249240, 1, '删除商品分类: 微波炉', '127.0.0.1'),
(649, 1281249241, 1, '删除商品分类: 烤箱', '127.0.0.1'),
(650, 1281249241, 1, '删除商品分类: 电磁炉', '127.0.0.1'),
(651, 1281249243, 1, '删除商品分类: 电磁炉/微波炉/烤箱', '127.0.0.1'),
(652, 1281249244, 1, '删除商品分类: 百乐宜家', '127.0.0.1'),
(653, 1281249245, 1, '删除商品分类: 移动手机充值卡', '127.0.0.1'),
(654, 1281249247, 1, '删除商品分类: 联通手机充值卡', '127.0.0.1'),
(655, 1281249248, 1, '删除商品分类: 充值卡', '127.0.0.1'),
(656, 1281249250, 1, '删除商品分类: 双模手机', '127.0.0.1'),
(657, 1281249251, 1, '删除商品分类: 电池', '127.0.0.1'),
(658, 1281249252, 1, '删除商品分类: 读卡器和内存卡', '127.0.0.1'),
(659, 1281249253, 1, '删除商品分类: 充电器', '127.0.0.1'),
(660, 1281249253, 1, '删除商品分类: 耳机', '127.0.0.1'),
(661, 1281249255, 1, '删除商品分类: 手机配件', '127.0.0.1'),
(662, 1281249256, 1, '删除商品分类: CDMA手机', '127.0.0.1'),
(663, 1281249257, 1, '删除商品分类: GSM手机', '127.0.0.1'),
(664, 1281249257, 1, '删除商品分类: 手机类型', '127.0.0.1'),
(665, 1281249258, 1, '删除商品分类: 手机数码', '127.0.0.1'),
(666, 1281249398, 1, '添加商品分类: 上衣 ', '127.0.0.1'),
(667, 1281249413, 1, '添加商品分类: 印花Ｔ恤 ', '127.0.0.1'),
(668, 1281249422, 1, '添加商品分类: 针织衫', '127.0.0.1'),
(669, 1281249430, 1, '添加商品分类: 无袖衫 ', '127.0.0.1'),
(670, 1281249435, 1, '添加商品分类: 简约Ｔ恤 ', '127.0.0.1'),
(671, 1281249443, 1, '添加商品分类: 衬衫/罩衫 ', '127.0.0.1'),
(672, 1281249464, 1, '添加商品分类: 衬衫 ', '127.0.0.1'),
(673, 1281249470, 1, '添加商品分类: 罩衫 ', '127.0.0.1'),
(674, 1281249478, 1, '添加商品分类: 夹克/大衣 ', '127.0.0.1'),
(675, 1281249484, 1, '添加商品分类: 夹克 ', '127.0.0.1'),
(676, 1281249489, 1, '添加商品分类: 休闲外套 ', '127.0.0.1'),
(677, 1281249495, 1, '添加商品分类: 大衣 ', '127.0.0.1'),
(678, 1281249540, 1, '添加商品分类: 马甲 ', '127.0.0.1'),
(679, 1281249544, 1, '添加商品分类: 开襟衫 ', '127.0.0.1'),
(680, 1281249549, 1, '添加商品分类: 开襟衫 ', '127.0.0.1'),
(681, 1281249554, 1, '添加商品分类: 连衣裙 ', '127.0.0.1'),
(682, 1281249558, 1, '添加商品分类: 连衣裙 ', '127.0.0.1'),
(683, 1281249564, 1, '添加商品分类: 休闲裙 ', '127.0.0.1'),
(684, 1281249568, 1, '添加商品分类: 半身裙 ', '127.0.0.1'),
(685, 1281249574, 1, '添加商品分类: 半身裙 ', '127.0.0.1'),
(686, 1281249581, 1, '添加商品分类: 牛仔短裙 ', '127.0.0.1'),
(687, 1281249586, 1, '添加商品分类: 裤装 ', '127.0.0.1'),
(688, 1281249592, 1, '添加商品分类: 长裤 ', '127.0.0.1'),
(689, 1281249597, 1, '添加商品分类: 短裤 ', '127.0.0.1'),
(690, 1281249605, 1, '添加商品分类: 牛仔裤 ', '127.0.0.1'),
(691, 1281249611, 1, '添加商品分类: 牛仔裤 ', '127.0.0.1'),
(692, 1281249617, 1, '添加商品分类: 牛仔短裤 ', '127.0.0.1'),
(693, 1281249623, 1, '添加商品分类: 马裤 ', '127.0.0.1'),
(694, 1281249629, 1, '添加商品分类: 紧身裤 ', '127.0.0.1'),
(695, 1281249634, 1, '添加商品分类: 裤袜 ', '127.0.0.1'),
(696, 1281249639, 1, '添加商品分类: 纯色裤袜 ', '127.0.0.1'),
(697, 1281249645, 1, '添加商品分类: 花纹裤袜 ', '127.0.0.1'),
(698, 1281249651, 1, '添加商品分类: 其它 ', '127.0.0.1'),
(699, 1281249655, 1, '添加商品分类: 包 ', '127.0.0.1'),
(700, 1281249661, 1, '添加商品分类: 手提包 ', '127.0.0.1'),
(701, 1281249831, 1, '添加商品分类: 休闲包 ', '127.0.0.1'),
(702, 1281249837, 1, '添加商品分类: 其它 ', '127.0.0.1'),
(703, 1281249841, 1, '添加商品分类: 配饰 ', '127.0.0.1'),
(704, 1281249846, 1, '添加商品分类: 鞋 ', '127.0.0.1'),
(705, 1281249851, 1, '添加商品分类: 假发 ', '127.0.0.1'),
(706, 1281249857, 1, '添加商品分类: 围巾 ', '127.0.0.1'),
(707, 1281249861, 1, '添加商品分类: 头饰 ', '127.0.0.1'),
(708, 1281249866, 1, '添加商品分类: 眼镜 ', '127.0.0.1'),
(709, 1281249872, 1, '添加商品分类: 帽子 ', '127.0.0.1'),
(710, 1281249877, 1, '添加商品分类: 皮带/腰带', '127.0.0.1'),
(711, 1281249883, 1, '添加商品分类: 其它 ', '127.0.0.1'),
(712, 1281249890, 1, '添加商品分类: 首饰 ', '127.0.0.1'),
(713, 1281249896, 1, '添加商品分类: 手镯/手链 ', '127.0.0.1'),
(714, 1281249902, 1, '添加商品分类: 戒指 ', '127.0.0.1'),
(715, 1281249908, 1, '添加商品分类: 耳环 ', '127.0.0.1'),
(716, 1281249918, 1, '添加商品分类: 项链 ', '127.0.0.1'),
(717, 1281249926, 1, '添加商品分类: 其它 ', '127.0.0.1'),
(718, 1281249929, 1, '添加商品分类: 沙滩装 ', '127.0.0.1'),
(719, 1281249937, 1, '添加商品分类: 泳衣', '127.0.0.1'),
(720, 1281249943, 1, '添加商品分类: 沙滩装 ', '127.0.0.1'),
(721, 1281249950, 1, '添加商品分类: 配饰 ', '127.0.0.1'),
(722, 1281251356, 1, '编辑商店设置: ', '127.0.0.1'),
(723, 1281251371, 1, '编辑商店设置: ', '127.0.0.1'),
(724, 1281251392, 1, '添加商品: 模板堂测试商品', '127.0.0.1'),
(725, 1281251541, 1, '编辑商品: 模板堂测试商品', '127.0.0.1'),
(726, 1281251636, 1, '添加商品: 模板堂测试商品', '127.0.0.1'),
(727, 1281251701, 1, '编辑商品: 模板堂测试商品', '127.0.0.1'),
(728, 1281251715, 1, '编辑商品: 模板堂测试商品', '127.0.0.1'),
(729, 1281251746, 1, '添加商品: 模板堂测试商品', '127.0.0.1'),
(730, 1281251781, 1, '添加商品: 模板堂测试商品', '127.0.0.1'),
(731, 1281251800, 1, '添加商品: 模板堂测试商品', '127.0.0.1'),
(732, 1281252048, 1, '添加商品: 模板堂测试商品', '127.0.0.1'),
(733, 1281252076, 1, '添加商品: 模板堂测试商品', '127.0.0.1'),
(734, 1281252102, 1, '添加商品: 模板堂测试商品', '127.0.0.1'),
(735, 1281252122, 1, '添加商品: 模板堂测试商品', '127.0.0.1'),
(736, 1281256593, 1, '编辑商品: 模板堂测试商品', '127.0.0.1'),
(737, 1281256630, 1, '添加商品: 模板堂测试商品', '127.0.0.1'),
(738, 1281256710, 1, '添加商品: 模板堂测试商品', '127.0.0.1'),
(739, 1281256717, 1, '回收商品: 模板堂测试商品', '127.0.0.1'),
(740, 1281256736, 1, '添加商品: 时尚女装休闲舒适连衣裙CP02-O-1 ', '127.0.0.1'),
(741, 1281256767, 1, '添加商品: 模板堂测试商品', '127.0.0.1'),
(742, 1281256814, 1, '编辑商品分类: 半身裙', '127.0.0.1'),
(743, 1281256822, 1, '编辑商品分类: 连衣裙', '127.0.0.1'),
(744, 1281259652, 1, '编辑商店设置: ', '127.0.0.1'),
(745, 1281263703, 1, '编辑商品: 模板堂测试商品', '127.0.0.1'),
(746, 1281263716, 1, '编辑商品: 模板堂测试商品', '127.0.0.1'),
(747, 1281263725, 1, '编辑商品: 模板堂测试商品', '127.0.0.1'),
(748, 1281263734, 1, '编辑商品: 模板堂测试商品', '127.0.0.1');
INSERT INTO `mb_admin_log` (`log_id`, `log_time`, `user_id`, `log_info`, `ip_address`) VALUES
(749, 1281263742, 1, '编辑商品: 模板堂测试商品', '127.0.0.1'),
(750, 1281263760, 1, '编辑商品: 模板堂测试商品', '127.0.0.1'),
(751, 1281263770, 1, '编辑商品: 模板堂测试商品', '127.0.0.1'),
(752, 1281263781, 1, '编辑商品: 模板堂测试商品', '127.0.0.1'),
(753, 1281263791, 1, '编辑商品: 模板堂测试商品', '127.0.0.1'),
(754, 1281263800, 1, '编辑商品: 模板堂测试商品', '127.0.0.1'),
(755, 1281263810, 1, '编辑商品: 模板堂测试商品', '127.0.0.1'),
(756, 1281263820, 1, '编辑商品: 模板堂测试商品', '127.0.0.1'),
(757, 1281263929, 1, '删除广告位置: ', '127.0.0.1'),
(758, 1281263948, 1, '添加在线调查: 希望下次我们出什么类型的模板', '127.0.0.1'),
(759, 1281263965, 1, '添加在线调查: 服装类', '127.0.0.1'),
(760, 1281263968, 1, '添加在线调查: 综合类', '127.0.0.1'),
(761, 1281263970, 1, '添加在线调查: 数码类', '127.0.0.1'),
(762, 1281263971, 1, '添加在线调查: 其他', '127.0.0.1'),
(763, 1298967970, 1, '删除商品分类: 休闲包', '127.0.0.1'),
(764, 1298967973, 1, '删除商品分类: 其它', '127.0.0.1'),
(765, 1298967977, 1, '删除商品分类: 手提包', '127.0.0.1'),
(766, 1298967980, 1, '删除商品分类: 包', '127.0.0.1'),
(767, 1298968246, 1, '编辑商店设置: ', '127.0.0.1'),
(768, 1298968838, 1, '回收商品: 模板堂测试商品', '127.0.0.1'),
(769, 1298968839, 1, '回收商品: 模板堂测试商品', '127.0.0.1'),
(770, 1298968864, 1, '编辑商品: 模板堂测试商品', '127.0.0.1'),
(771, 1298968897, 1, '编辑商品: 模板堂测试商品', '127.0.0.1'),
(772, 1298968908, 1, '编辑商品: 模板堂测试商品', '127.0.0.1'),
(773, 1298968918, 1, '编辑商品: 模板堂测试商品', '127.0.0.1'),
(774, 1298968933, 1, '编辑商品: 模板堂测试商品', '127.0.0.1'),
(775, 1298968947, 1, '编辑商品: 模板堂测试商品', '127.0.0.1'),
(776, 1298968961, 1, '编辑商品: 模板堂测试商品', '127.0.0.1'),
(777, 1298968979, 1, '编辑商品: 模板堂测试商品', '127.0.0.1'),
(778, 1298968990, 1, '编辑商品: 模板堂测试商品', '127.0.0.1'),
(779, 1298969001, 1, '编辑商品: 模板堂测试商品', '127.0.0.1'),
(780, 1298969269, 1, '编辑商品: 模板堂测试商品', '127.0.0.1'),
(781, 1298969351, 1, '编辑商品: 模板堂测试商品', '127.0.0.1'),
(782, 1298969382, 1, '编辑商品: 模板堂测试商品', '127.0.0.1'),
(783, 1298969443, 1, '编辑商品: 模板堂测试商品', '127.0.0.1'),
(784, 1298969456, 1, '编辑商品: 模板堂测试商品', '127.0.0.1'),
(785, 1298969468, 1, '编辑商品: 模板堂测试商品', '127.0.0.1'),
(786, 1298969489, 1, '编辑商品: 模板堂测试商品', '127.0.0.1'),
(787, 1298969500, 1, '编辑商品: 模板堂测试商品', '127.0.0.1'),
(788, 1298969508, 1, '编辑商品: 模板堂测试商品', '127.0.0.1'),
(789, 1298969518, 1, '编辑商品: 模板堂测试商品', '127.0.0.1'),
(790, 1298969977, 1, '编辑商店设置: ', '127.0.0.1'),
(791, 1418550729, 1, '编辑权限管理: admin', '127.0.0.1'),
(792, 1418566589, 1, '编辑文章分类: 联系我们 ', '127.0.0.1'),
(793, 1418569808, 1, '编辑商店设置: ', '127.0.0.1'),
(794, 1418569873, 1, 'Edit Shop config: ', '127.0.0.1'),
(795, 1418569887, 1, '編輯商店設置: ', '127.0.0.1'),
(796, 1418569908, 1, '编辑商店设置: ', '127.0.0.1'),
(797, 1418570082, 1, 'Edit Shop config: ', '127.0.0.1'),
(798, 1418571747, 1, '编辑商店设置: ', '127.0.0.1'),
(799, 1418571917, 1, 'Edit Shop config: ', '127.0.0.1'),
(800, 1418650398, 1, '编辑商品: 模板堂测试商品', '127.0.0.1'),
(801, 1418655279, 1, '编辑商店设置: ', '127.0.0.1'),
(802, 1418655323, 1, '编辑商店设置: ', '127.0.0.1'),
(803, 1418669368, 1, '添加文章: 联系我们', '127.0.0.1'),
(804, 1418669396, 1, '编辑文章: 联系我们', '127.0.0.1'),
(805, 1418669658, 1, '编辑文章: 联系我们', '127.0.0.1'),
(806, 1418669686, 1, '编辑文章: 联系我们', '127.0.0.1'),
(807, 1418669709, 1, '编辑文章: 联系我们', '127.0.0.1'),
(808, 1418669731, 1, '编辑文章: 联系我们', '127.0.0.1'),
(809, 1418669763, 1, '编辑文章: 联系我们', '127.0.0.1'),
(810, 1418728147, 1, '编辑商品: 模板堂测试商品', '127.0.0.1'),
(811, 1418728540, 1, '编辑商品: 模板堂测试商品', '127.0.0.1'),
(812, 1418728578, 1, '编辑商品: 模板堂测试商品', '127.0.0.1'),
(813, 1418728741, 1, '编辑商品: 模板堂测试商品', '127.0.0.1'),
(814, 1418728776, 1, '编辑商品: 模板堂测试商品', '127.0.0.1'),
(815, 1418728811, 1, '编辑商品: 模板堂测试商品', '127.0.0.1'),
(816, 1418728882, 1, '编辑商品: 模板堂测试商品', '127.0.0.1'),
(817, 1418729017, 1, '编辑商品: 模板堂测试商品', '127.0.0.1'),
(818, 1418729199, 1, '编辑商品: 模板堂测试商品', '127.0.0.1'),
(819, 1418729351, 1, '编辑商品: 模板堂测试商品', '127.0.0.1'),
(820, 1418729431, 1, '编辑商品: 模板堂测试商品', '127.0.0.1'),
(821, 1418729453, 1, '编辑商品: 模板堂测试商品', '127.0.0.1'),
(822, 1418732041, 1, '编辑会员账号: text', '127.0.0.1'),
(823, 1418740294, 1, '编辑商品: 模板堂测试商品', '127.0.0.1'),
(824, 1418740398, 1, '编辑商品: 模板堂测试商品', '127.0.0.1'),
(825, 1418749041, 1, '编辑商品: 模板堂测试商品', '127.0.0.1'),
(826, 1418750184, 1, '编辑商店设置: ', '127.0.0.1'),
(827, 1418803881, 1, '编辑商品: 模板堂测试商品', '127.0.0.1'),
(828, 1418803936, 1, 'EditProduct: 模板堂测试商品', '127.0.0.1'),
(829, 1418803959, 1, 'Edit Shop config: ', '127.0.0.1'),
(830, 1418804148, 1, '编辑商店设置: ', '127.0.0.1'),
(831, 1418805501, 1, '编辑商品: 模板堂测试商品', '127.0.0.1'),
(832, 1418805523, 1, '编辑商品: 模板堂测试商品', '127.0.0.1'),
(833, 1418805550, 1, '编辑商品: 模板堂测试商品', '127.0.0.1'),
(834, 1418805564, 1, '编辑商品: 模板堂测试商品', '127.0.0.1'),
(835, 1418805582, 1, '编辑商品: 模板堂测试商品', '127.0.0.1'),
(836, 1418805597, 1, '编辑商品: 模板堂测试商品', '127.0.0.1'),
(837, 1418805608, 1, '编辑商品: 模板堂测试商品', '127.0.0.1'),
(838, 1418805623, 1, '编辑商品: 模板堂测试商品', '127.0.0.1'),
(839, 1418805658, 1, '编辑商品: 模板堂测试商品', '127.0.0.1'),
(840, 1418806855, 1, '编辑团购商品: [8]', '127.0.0.1'),
(841, 1418806886, 1, '编辑团购商品: 模板堂测试商品[8]', '127.0.0.1'),
(842, 1418820002, 1, '编辑商品: 模板堂测试商品', '127.0.0.1'),
(843, 1418820120, 1, '添加属性: 大小', '127.0.0.1'),
(844, 1418820194, 1, '编辑属性: 大小', '127.0.0.1'),
(845, 1418820298, 1, '编辑属性: 大小', '127.0.0.1'),
(846, 1418836104, 1, '编辑商品: 模板堂测试商品', '127.0.0.1'),
(847, 1418836131, 1, '编辑商品: 模板堂测试商品', '127.0.0.1'),
(848, 1418836156, 1, '编辑商品: 模板堂测试商品', '127.0.0.1'),
(849, 1418836181, 1, '编辑商品: 模板堂测试商品', '127.0.0.1'),
(850, 1418836208, 1, '编辑商品: 模板堂测试商品', '127.0.0.1'),
(851, 1418836228, 1, '编辑商品: 模板堂测试商品', '127.0.0.1'),
(852, 1418890617, 1, '编辑团购商品: 模板堂测试商品[8]', '127.0.0.1'),
(853, 1418993867, 1, '删除商品类型: 书', '127.0.0.1'),
(854, 1418993868, 1, '删除商品类型: 音乐', '127.0.0.1'),
(855, 1418993868, 1, '删除商品类型: 电影', '127.0.0.1'),
(856, 1418993869, 1, '删除商品类型: 手机', '127.0.0.1'),
(857, 1418993870, 1, '删除商品类型: 笔记本电脑', '127.0.0.1'),
(858, 1418993870, 1, '删除商品类型: 数码相机', '127.0.0.1'),
(859, 1418993871, 1, '删除商品类型: 数码摄像机', '127.0.0.1'),
(860, 1418993871, 1, '删除商品类型: 化妆品', '127.0.0.1'),
(861, 1418993872, 1, '删除商品类型: 精品手机', '127.0.0.1'),
(862, 1418993874, 1, '删除商品类型: 服饰', '127.0.0.1'),
(863, 1418993874, 1, '删除商品类型: ', '127.0.0.1'),
(864, 1418993874, 1, '删除商品类型: 服饰', '127.0.0.1'),
(865, 1418993874, 1, '删除商品类型: ', '127.0.0.1'),
(866, 1418993874, 1, '删除商品类型: ', '127.0.0.1'),
(867, 1418993914, 1, '编辑商品: 模板堂测试商品', '127.0.0.1'),
(868, 1419000901, 1, '编辑商品: 模板堂测试商品', '127.0.0.1'),
(869, 1419000912, 1, '编辑商品: 模板堂测试商品', '127.0.0.1'),
(870, 1419000938, 1, '编辑商品: 模板堂测试商品', '127.0.0.1'),
(871, 1419005906, 1, '编辑商品: 模板堂测试商品', '127.0.0.1'),
(872, 1419006127, 1, '编辑商品: 模板堂测试商品', '127.0.0.1'),
(873, 1419006162, 1, '编辑商店设置: ', '127.0.0.1'),
(874, 1419006248, 1, '编辑商品: 模板堂测试商品', '127.0.0.1'),
(875, 1419006279, 1, '编辑商品: 模板堂测试商品', '127.0.0.1'),
(876, 1419062965, 1, '删除商品类型: 男', '127.0.0.1'),
(877, 1419063082, 1, '添加属性: 男', '127.0.0.1'),
(878, 1419063107, 1, '添加属性: 女', '127.0.0.1'),
(879, 1419063193, 1, '编辑属性: 女', '127.0.0.1'),
(880, 1419063203, 1, '编辑属性: 男', '127.0.0.1'),
(881, 1419063214, 1, '编辑商品: 模板堂测试商品', '127.0.0.1'),
(882, 1419063721, 1, '编辑商品: 模板堂测试商品', '127.0.0.1'),
(883, 1419063740, 1, '添加商品: a', '127.0.0.1'),
(884, 1419063755, 1, '回收商品: a', '127.0.0.1'),
(885, 1419063928, 1, '编辑商品: 模板堂测试商品', '127.0.0.1'),
(886, 1419064964, 1, '编辑商品: 模板堂测试商品', '127.0.0.1'),
(887, 1419065152, 1, '编辑商品: 模板堂测试商品', '127.0.0.1'),
(888, 1419065159, 1, '编辑商品: 模板堂测试商品', '127.0.0.1'),
(889, 1419065163, 1, '编辑商品: 模板堂测试商品a', '127.0.0.1'),
(890, 1419065175, 1, '编辑商品: 模板堂测试商品', '127.0.0.1'),
(891, 1419066154, 1, '编辑商品: 模板堂测试商品', '127.0.0.1'),
(892, 1419067417, 1, '编辑商品: 模板堂测试商品', '127.0.0.1'),
(893, 1419067423, 1, '编辑商品: 模板堂测试商品', '127.0.0.1'),
(894, 1419067891, 1, '编辑商品: 模板堂测试商品', '127.0.0.1'),
(895, 1419067897, 1, '编辑商品: 模板堂测试商品', '127.0.0.1'),
(896, 1419069136, 1, '编辑商品: 模板堂测试商品', '127.0.0.1'),
(897, 1419077540, 1, '添加商品: 商品名称', '127.0.0.1'),
(898, 1419077591, 1, '添加商品: 名称', '127.0.0.1'),
(899, 1419087111, 1, '编辑商品: 商品名称', '127.0.0.1'),
(900, 1419087125, 1, '编辑商品: 商品名称', '127.0.0.1'),
(901, 1419087306, 1, '编辑商品: 商品名称', '127.0.0.1'),
(902, 1419087354, 1, '编辑商品: 商品名称', '127.0.0.1'),
(903, 1419087457, 1, '编辑商品: 商品名称', '127.0.0.1'),
(904, 1419087476, 1, '批量回收商品: ', '127.0.0.1'),
(905, 1419092656, 1, '编辑商店设置: ', '127.0.0.1'),
(906, 1419092682, 1, '编辑商品: 模板堂测试商品', '127.0.0.1'),
(907, 1419093311, 1, '编辑商品: 模板堂测试商品', '127.0.0.1'),
(908, 1419098760, 1, '编辑商店设置: ', '127.0.0.1'),
(909, 1419100918, 1, '编辑商店设置: ', '127.0.0.1'),
(910, 1419146939, 1, '编辑商品: 模板堂测试商品', '127.0.0.1'),
(911, 1419146947, 1, '编辑商品: 模板堂测试商品', '127.0.0.1'),
(912, 1419148284, 1, '编辑商品: 模板堂测试商品', '127.0.0.1'),
(913, 1419148291, 1, '编辑商品: 模板堂测试商品', '127.0.0.1'),
(914, 1419149335, 1, '编辑商品: 模板堂测试商品', '127.0.0.1'),
(915, 1419149359, 1, '编辑商品: 模板堂测试商品', '127.0.0.1'),
(916, 1419149646, 1, '编辑商品: 模板堂测试商品', '127.0.0.1'),
(917, 1419149887, 1, '编辑商品: 模板堂测试商品', '127.0.0.1'),
(918, 1419149975, 1, '编辑商品: 模板堂测试商品', '127.0.0.1'),
(919, 1419151451, 1, '编辑商品: 模板堂测试商品', '127.0.0.1'),
(920, 1419152183, 1, '编辑商品: 模板堂测试商品', '127.0.0.1'),
(921, 1419152731, 1, '编辑商品: 模板堂测试商品', '127.0.0.1'),
(922, 1419152775, 1, '编辑商品: 模板堂测试商品', '127.0.0.1'),
(923, 1419153683, 1, '编辑商品: 模板堂测试商品', '127.0.0.1'),
(924, 1419153697, 1, '编辑商品: 模板堂测试商品', '127.0.0.1'),
(925, 1419153767, 1, '编辑商品: 模板堂测试商品', '127.0.0.1'),
(926, 1419154015, 1, '编辑商店设置: ', '127.0.0.1'),
(927, 1419154629, 1, '编辑商店设置: ', '127.0.0.1'),
(928, 1419154734, 1, '编辑商店设置: ', '127.0.0.1'),
(929, 1419154764, 1, '编辑商品: 模板堂测试商品', '127.0.0.1'),
(930, 1419154786, 1, '编辑商品: 模板堂测试商品', '127.0.0.1'),
(931, 1419154809, 1, '编辑商品: 模板堂测试商品', '127.0.0.1'),
(932, 1419155134, 1, '编辑商品: 模板堂测试商品', '127.0.0.1'),
(933, 1419155231, 1, '编辑商品: 模板堂测试商品', '127.0.0.1'),
(934, 1419155637, 1, '编辑商品: 模板堂测试商品', '127.0.0.1'),
(935, 1419156198, 1, '编辑商品: 模板堂测试商品', '127.0.0.1'),
(936, 1419156209, 1, '编辑商品: 模板堂测试商品', '127.0.0.1'),
(937, 1419156221, 1, '编辑商品: 模板堂测试商品', '127.0.0.1'),
(938, 1419156234, 1, '编辑商品: 模板堂测试商品', '127.0.0.1'),
(939, 1419156246, 1, '编辑商品: 模板堂测试商品', '127.0.0.1'),
(940, 1419156343, 1, '编辑商品: 模板堂测试商品', '127.0.0.1'),
(941, 1419164034, 1, '添加商品: 测试', '127.0.0.1'),
(942, 1419164254, 1, '编辑商品: 测试', '127.0.0.1'),
(943, 1419164268, 1, '编辑商品: 测试', '127.0.0.1'),
(944, 1419164397, 1, '编辑商品: 测试', '127.0.0.1'),
(945, 1419164479, 1, '编辑商店设置: ', '127.0.0.1'),
(946, 1419165052, 1, '编辑商店设置: ', '127.0.0.1'),
(947, 1419165079, 1, '编辑商店设置: ', '127.0.0.1'),
(948, 1419165089, 1, '编辑商店设置: ', '127.0.0.1'),
(949, 1419165095, 1, '编辑商店设置: ', '127.0.0.1'),
(950, 1419166439, 1, '编辑商品: 测试', '127.0.0.1'),
(951, 1419166449, 1, '编辑商品: 测试', '127.0.0.1'),
(952, 1419166519, 1, '编辑商品: 测试', '127.0.0.1'),
(953, 1419171359, 1, '编辑商品: 测试', '127.0.0.1'),
(954, 1419171374, 1, '编辑商品: 测试', '127.0.0.1'),
(955, 1419171511, 1, '编辑商品: 测试', '127.0.0.1'),
(956, 1419171652, 1, '编辑商品: 模板堂测试商品', '127.0.0.1'),
(957, 1419171738, 1, '编辑商品: 模板堂测试商品', '127.0.0.1'),
(958, 1419171773, 1, '编辑商品: 测试', '127.0.0.1'),
(959, 1419172027, 1, '编辑商品: 模板堂测试商品', '127.0.0.1'),
(960, 1419172371, 1, '编辑商品: 测试', '127.0.0.1'),
(961, 1419174842, 1, '编辑商品: 测试', '127.0.0.1'),
(962, 1419174872, 1, '编辑商品: 测试', '127.0.0.1'),
(963, 1419175063, 1, '编辑商品: 测试', '127.0.0.1'),
(964, 1419175147, 1, '编辑商品: 测试', '127.0.0.1'),
(965, 1419233868, 1, '编辑商品: 测试', '127.0.0.1'),
(966, 1419235961, 1, '编辑商品: 测试', '127.0.0.1'),
(967, 1419238563, 1, '编辑商品: 测试', '127.0.0.1'),
(968, 1419238648, 1, '编辑商品: 测试', '127.0.0.1'),
(969, 1419238682, 1, '编辑商品: 测试', '127.0.0.1'),
(970, 1419238698, 1, '编辑商品: 测试', '127.0.0.1'),
(971, 1419238714, 1, '编辑商品: 测试', '127.0.0.1'),
(972, 1419238876, 1, '编辑商品: 测试', '127.0.0.1'),
(973, 1419238891, 1, '编辑商品: 测试', '127.0.0.1'),
(974, 1419238923, 1, '编辑商品: 测试', '127.0.0.1'),
(975, 1419238944, 1, '编辑商品: 测试', '127.0.0.1'),
(976, 1419239399, 1, '编辑商品: 测试', '127.0.0.1'),
(977, 1419239414, 1, '编辑商品: 测试', '127.0.0.1'),
(978, 1419239420, 1, '编辑商品: 测试', '127.0.0.1'),
(979, 1419239431, 1, '编辑商品: 测试', '127.0.0.1'),
(980, 1419239651, 1, '编辑商品: 测试', '127.0.0.1'),
(981, 1419239673, 1, '编辑商品: 测试', '127.0.0.1'),
(982, 1419239684, 1, '编辑商品: 测试', '127.0.0.1'),
(983, 1419252898, 1, '编辑商品: 测试', '127.0.0.1'),
(984, 1419253075, 1, '编辑商品: 测试', '127.0.0.1'),
(985, 1419253122, 1, '编辑商品: 测试', '127.0.0.1'),
(986, 1419253148, 1, '编辑商品: 测试', '127.0.0.1'),
(987, 1419253204, 1, '编辑商品: 测试', '127.0.0.1'),
(988, 1419253250, 1, '编辑商品: 测试', '127.0.0.1'),
(989, 1419265246, 1, '编辑商品: 测试', '127.0.0.1'),
(990, 1419265279, 1, '编辑商品: 测试', '127.0.0.1'),
(991, 1419265467, 1, '编辑商品: 测试', '127.0.0.1'),
(992, 1419265581, 1, '编辑商品: 测试', '127.0.0.1'),
(993, 1419265594, 1, '编辑商品: 测试', '127.0.0.1'),
(994, 1419265604, 1, '编辑商品: 测试', '127.0.0.1'),
(995, 1419265740, 1, '编辑商品: 测试', '127.0.0.1'),
(996, 1419265903, 1, '编辑商品: 测试', '127.0.0.1'),
(997, 1419266409, 1, '编辑商品: 测试', '127.0.0.1'),
(998, 1419266462, 1, '编辑商品: 测试', '127.0.0.1'),
(999, 1419266556, 1, '编辑商品: 测试', '127.0.0.1'),
(1000, 1419334109, 1, '编辑商店设置: ', '127.0.0.1'),
(1001, 1419334129, 1, 'Edit Shop config: ', '127.0.0.1'),
(1002, 1419334290, 1, '安装支付方式: paypal', '127.0.0.1'),
(1003, 1419334468, 1, '编辑商店设置: ', '127.0.0.1'),
(1004, 1419334489, 1, '编辑商店设置: ', '127.0.0.1'),
(1005, 1419413059, 1, '编辑商品: 模板堂测试商品', '127.0.0.1'),
(1006, 1419413303, 1, '编辑商品: 模板堂测试商品', '127.0.0.1'),
(1007, 1419429185, 1, '编辑商品: 模板堂测试商品', '127.0.0.1'),
(1008, 1419429197, 1, '编辑商品: 模板堂测试商品', '127.0.0.1'),
(1009, 1419591889, 1, '编辑团购商品: 测试[8]', '127.0.0.1'),
(1010, 1419591916, 1, '编辑商品: 测试', '127.0.0.1'),
(1011, 1419592119, 1, '编辑团购商品: 模板堂测试商品[8]', '127.0.0.1'),
(1012, 1419592135, 1, '编辑团购商品: 模板堂测试商品[8]', '127.0.0.1'),
(1013, 1419592162, 1, '编辑团购商品: [3]', '127.0.0.1'),
(1014, 1419592180, 1, '编辑团购商品: 模板堂测试商品[3]', '127.0.0.1'),
(1015, 1419592292, 1, '编辑商品: 模板堂测试商品', '127.0.0.1'),
(1016, 1419592646, 1, '删除团购商品: 模板堂测试商品[3]', '127.0.0.1'),
(1017, 1419592648, 1, '删除团购商品: 模板堂测试商品[8]', '127.0.0.1'),
(1018, 1419592695, 1, '添加团购商品: 测试', '127.0.0.1'),
(1019, 1419592764, 1, '添加团购商品: 模板堂测试商品', '127.0.0.1'),
(1020, 1419592793, 1, '编辑团购商品: 模板堂测试商品[10]', '127.0.0.1'),
(1021, 1419592887, 1, '编辑商品: 测试', '127.0.0.1'),
(1022, 1419592904, 1, '编辑团购商品: 模板堂测试商品[9]', '127.0.0.1'),
(1023, 1419592943, 1, '添加团购商品: 测试', '127.0.0.1'),
(1024, 1419593334, 1, '编辑商品: 测试', '127.0.0.1'),
(1025, 1419593778, 1, '编辑商品: 测试', '127.0.0.1'),
(1026, 1419595790, 1, '编辑商品: 测试1', '127.0.0.1'),
(1027, 1419595809, 1, '编辑商品: 测试1', '127.0.0.1'),
(1028, 1419596092, 1, '编辑商品: 测试1', '127.0.0.1'),
(1029, 1419596103, 1, '编辑商品: 测试1', '127.0.0.1'),
(1030, 1419596141, 1, '编辑团购商品: 测试1[11]', '127.0.0.1'),
(1031, 1419596177, 1, '删除团购商品: 模板堂测试商品[9]', '127.0.0.1'),
(1032, 1419596184, 1, '删除团购商品: 模板堂测试商品[10]', '127.0.0.1'),
(1033, 1419596210, 1, '添加团购商品: 模板堂测试商品', '127.0.0.1'),
(1034, 1419596247, 1, '编辑团购商品: 模板堂测试商品[12]', '127.0.0.1'),
(1035, 1419596288, 1, '编辑商品: JACQUARD  FLARED SHIRT', '127.0.0.1'),
(1036, 1419596329, 1, '编辑团购商品: JACQUARD  FLARED SHIRT[11]', '127.0.0.1'),
(1037, 1419596661, 1, '编辑商品: JACQUARD  FLARED SHIRT', '127.0.0.1'),
(1038, 1419596682, 1, '编辑商品: 模板堂测试商品', '127.0.0.1'),
(1039, 1419597026, 1, '编辑商品: JACQUARD  FLARED SHIRT', '127.0.0.1'),
(1040, 1419597664, 1, '编辑团购商品: JACQUARD  FLARED SHIRT[11]', '127.0.0.1'),
(1041, 1419597693, 1, '编辑团购商品: 模板堂测试商品[12]', '127.0.0.1'),
(1042, 1419597704, 1, '编辑团购商品: 模板堂测试商品[12]', '127.0.0.1'),
(1043, 1419597730, 1, '编辑团购商品: JACQUARD  FLARED SHIRT[11]', '127.0.0.1'),
(1044, 1419597746, 1, '编辑团购商品: JACQUARD  FLARED SHIRT[11]', '127.0.0.1'),
(1045, 1419597756, 1, '删除团购商品: 模板堂测试商品[12]', '127.0.0.1'),
(1046, 1419598320, 1, '编辑商品: 模板堂测试商品', '127.0.0.1'),
(1047, 1419598346, 1, '编辑商品: 模板堂测试商品', '127.0.0.1'),
(1048, 1419598379, 1, '编辑商店设置: ', '127.0.0.1'),
(1049, 1419598394, 1, '编辑商品: 模板堂测试商品', '127.0.0.1'),
(1050, 1419598455, 1, '编辑商店设置: ', '127.0.0.1'),
(1051, 1419598470, 1, '编辑商品: JACQUARD  FLARED SHIRT', '127.0.0.1'),
(1052, 1419598501, 1, '编辑商品: JACQUARD  FLARED SHIRT', '127.0.0.1'),
(1053, 1419599966, 1, '添加会员账号: admin', '127.0.0.1'),
(1054, 1419599997, 1, '编辑会员账号: admin', '127.0.0.1'),
(1055, 1419600015, 1, '删除会员账号: admin', '127.0.0.1'),
(1056, 1419600044, 1, '添加会员账号: asd', '127.0.0.1'),
(1057, 1419600073, 1, '编辑会员等级: vip', '127.0.0.1'),
(1058, 1419600081, 1, '编辑会员等级: 注册用户', '127.0.0.1'),
(1059, 1419600081, 1, '编辑会员等级: 注册用户', '127.0.0.1'),
(1060, 1419600082, 1, '编辑会员等级: vip', '127.0.0.1'),
(1061, 1419600083, 1, '编辑会员等级: vip', '127.0.0.1'),
(1062, 1419600737, 1, '添加团购商品: 模板堂测试商品', '127.0.0.1'),
(1063, 1419600748, 1, '编辑团购商品: 模板堂测试商品[13]', '127.0.0.1'),
(1064, 1419607118, 1, '编辑商品: JACQUARD  FLARED SHIRT', '127.0.0.1'),
(1065, 1419609270, 1, '编辑商店设置: ', '127.0.0.1'),
(1066, 1419609303, 1, '编辑商店设置: ', '127.0.0.1'),
(1067, 1419611338, 1, '编辑商品: JACQUARD  FLARED SHIRT', '127.0.0.1'),
(1068, 1419611517, 1, '编辑商品: 模板堂测试商品', '127.0.0.1'),
(1069, 1419611547, 1, '编辑商品: 模板堂测试商品', '127.0.0.1'),
(1070, 1419611590, 1, '编辑商品: 模板堂测试商品', '127.0.0.1'),
(1071, 1419611634, 1, '编辑商品: 模板堂测试商品', '127.0.0.1'),
(1072, 1419611668, 1, '编辑商品: 模板堂测试商品', '127.0.0.1'),
(1073, 1419611915, 1, '编辑商品: JACQUARD  FLARED SHIRT', '127.0.0.1'),
(1074, 1419611973, 1, '编辑商品: 模板堂测试商品', '127.0.0.1'),
(1075, 1419612017, 1, '编辑商品: 模板堂测试商品', '127.0.0.1'),
(1076, 1419612072, 1, '编辑商品: MINIMALISM', '127.0.0.1'),
(1077, 1419614980, 1, '编辑商品: 模板堂测试商品', '127.0.0.1'),
(1078, 1419615050, 1, '编辑商品: 模板堂测试商品', '127.0.0.1'),
(1079, 1419615073, 1, '编辑商品: 模板堂测试商品', '127.0.0.1'),
(1080, 1419683193, 1, '编辑团购商品: JACQUARD  FLARED SHIRT[11]', '127.0.0.1'),
(1081, 1419683199, 1, '删除团购商品: JACQUARD  FLARED SHIRT[11]', '127.0.0.1'),
(1082, 1419683227, 1, '添加团购商品: JACQUARD  FLARED SHIRT', '127.0.0.1'),
(1083, 1419770224, 1, '编辑团购商品: JACQUARD  FLARED SHIRT[14]', '127.0.0.1'),
(1084, 1419770241, 1, '编辑团购商品: 模板堂测试商品[13]', '127.0.0.1'),
(1085, 1419776983, 1, '编辑支付方式: 货到付款', '127.0.0.1'),
(1086, 1419777408, 1, '编辑商品: JACQUARD  FLARED SHIRT', '127.0.0.1'),
(1087, 1419942826, 1, '编辑商品: 模板堂测试商品', '127.0.0.1'),
(1088, 1419942848, 1, '编辑商品: 模板堂测试商品', '127.0.0.1'),
(1089, 1419950171, 1, '编辑团购商品: JACQUARD  FLARED SHIRT[14]', '127.0.0.1'),
(1090, 1419950184, 1, '编辑团购商品: JACQUARD  FLARED SHIRT[14]', '127.0.0.1'),
(1091, 1419950319, 1, '编辑团购商品: JACQUARD  FLARED SHIRT[14]', '127.0.0.1'),
(1092, 1420113972, 1, '编辑商品: 模板堂测试商品', '127.0.0.1'),
(1093, 1420113972, 1, '编辑商品: 模板堂测试商品', '127.0.0.1'),
(1094, 1420114037, 1, '编辑商品: 模板堂测试商品', '127.0.0.1'),
(1095, 1420114061, 1, '编辑商品: 模板堂测试商品', '127.0.0.1'),
(1096, 1420114079, 1, '编辑商品: 模板堂测试商品', '127.0.0.1'),
(1097, 1420114097, 1, '编辑商品: 模板堂测试商品', '127.0.0.1'),
(1098, 1420114120, 1, '编辑商品: 模板堂测试商品', '127.0.0.1'),
(1099, 1420382817, 1, '编辑会员账号: zuanshi', '127.0.0.1'),
(1100, 1420383353, 1, '批量删除会员账号: zuanshai@ecshop.com,zuanshaai@ecshop.com,zuanshaai@qq.com', '127.0.0.1'),
(1101, 1420383875, 1, '编辑会员账号: asd', '127.0.0.1'),
(1102, 1420383904, 1, '批量删除会员账号: zuanshaaai@qq.com,aa@q.com', '127.0.0.1'),
(1103, 1420383937, 1, '编辑会员账号: asd@asad.com', '127.0.0.1'),
(1104, 1420463108, 1, '编辑商店设置: ', '127.0.0.1'),
(1105, 1420463843, 1, '编辑会员账号: asd', '127.0.0.1'),
(1106, 1420631934, 1, '添加会员注册项: 地址', '127.0.0.1'),
(1107, 1420734608, 1, '编辑会员注册项: Username', '127.0.0.1'),
(1108, 1420734622, 1, '添加会员注册项: Full Name', '127.0.0.1'),
(1109, 1420734672, 1, '编辑会员注册项: Username', '127.0.0.1'),
(1110, 1420735695, 1, '编辑会员注册项: Full Name 是', '127.0.0.1'),
(1111, 1420735704, 1, '编辑会员注册项: Username', '127.0.0.1'),
(1112, 1420735712, 1, '编辑会员注册项: Full Name', '127.0.0.1'),
(1113, 1420741242, 1, '编辑文章分类: 联系我们 ', '127.0.0.1'),
(1114, 1420742141, 1, '编辑文章: 联系我们', '127.0.0.1'),
(1115, 1420742175, 1, '编辑文章分类: 联系我们 ', '127.0.0.1'),
(1116, 1420742193, 1, '编辑文章: 联系我们', '127.0.0.1'),
(1117, 1420742351, 1, '编辑文章: 联系我们', '127.0.0.1'),
(1118, 1420743639, 1, '删除文章: 联系我们', '127.0.0.1'),
(1119, 1420743716, 1, '编辑文章: 联系我们', '127.0.0.1'),
(1120, 1420802108, 1, '编辑文章: 联系我们', '127.0.0.1'),
(1121, 1420802132, 1, '编辑文章: 联系我们', '127.0.0.1'),
(1122, 1420802151, 1, '编辑文章: 联系我们', '127.0.0.1'),
(1123, 1420803311, 1, '添加会员等级: 设计师', '127.0.0.1'),
(1124, 1420896727, 1, '编辑商品: JACQUARD  FLARED SHIRT', '127.0.0.1'),
(1125, 1420901399, 1, '批量回收商品: ', '127.0.0.1'),
(1126, 1420901739, 1, '批量删除商品: ', '127.0.0.1'),
(1127, 1420901782, 1, '删除商品分类: 围巾', '127.0.0.1'),
(1128, 1420901831, 1, '删除商品分类: 纯色裤袜', '127.0.0.1'),
(1129, 1420901833, 1, '删除商品分类: 花纹裤袜', '127.0.0.1'),
(1130, 1420901835, 1, '删除商品分类: 耳环', '127.0.0.1'),
(1131, 1420901837, 1, '删除商品分类: 手镯/手链', '127.0.0.1'),
(1132, 1420901840, 1, '删除商品分类: 眼镜', '127.0.0.1'),
(1133, 1420901842, 1, '删除商品分类: 其它', '127.0.0.1'),
(1134, 1420901844, 1, '删除商品分类: 鞋', '127.0.0.1'),
(1135, 1420901846, 1, '删除商品分类: 假发', '127.0.0.1'),
(1136, 1420901848, 1, '删除商品分类: 帽子', '127.0.0.1'),
(1137, 1420901850, 1, '删除商品分类: 皮带/腰带', '127.0.0.1'),
(1138, 1420901852, 1, '删除商品分类: 头饰', '127.0.0.1'),
(1139, 1420901854, 1, '删除商品分类: 配饰', '127.0.0.1'),
(1140, 1420901856, 1, '删除商品分类: 简约Ｔ恤', '127.0.0.1'),
(1141, 1420901858, 1, '删除商品分类: 印花Ｔ恤', '127.0.0.1'),
(1142, 1420901860, 1, '删除商品分类: 针织衫', '127.0.0.1'),
(1143, 1420901862, 1, '删除商品分类: 无袖衫', '127.0.0.1'),
(1144, 1420901864, 1, '删除商品分类: 上衣', '127.0.0.1'),
(1145, 1420901866, 1, '删除商品分类: 衬衫', '127.0.0.1'),
(1146, 1420901868, 1, '删除商品分类: 罩衫', '127.0.0.1'),
(1147, 1420901870, 1, '删除商品分类: 衬衫/罩衫', '127.0.0.1'),
(1148, 1420901872, 1, '删除商品分类: 马甲', '127.0.0.1'),
(1149, 1420901874, 1, '删除商品分类: 夹克', '127.0.0.1'),
(1150, 1420901877, 1, '删除商品分类: 休闲外套', '127.0.0.1'),
(1151, 1420901879, 1, '删除商品分类: 大衣', '127.0.0.1'),
(1152, 1420901881, 1, '删除商品分类: 夹克/大衣', '127.0.0.1'),
(1153, 1420901883, 1, '删除商品分类: 开襟衫', '127.0.0.1'),
(1154, 1420901885, 1, '删除商品分类: 开襟衫', '127.0.0.1'),
(1155, 1420901887, 1, '删除商品分类: 连衣裙', '127.0.0.1'),
(1156, 1420901890, 1, '删除商品分类: 休闲裙', '127.0.0.1'),
(1157, 1420901895, 1, '删除商品分类: 其它', '127.0.0.1'),
(1158, 1420901897, 1, '删除商品分类: 泳衣', '127.0.0.1'),
(1159, 1420901899, 1, '删除商品分类: 配饰', '127.0.0.1'),
(1160, 1420901901, 1, '删除商品分类: 沙滩装', '127.0.0.1'),
(1161, 1420901903, 1, '删除商品分类: 戒指', '127.0.0.1'),
(1162, 1420901908, 1, '删除商品分类: 项链', '127.0.0.1'),
(1163, 1420901910, 1, '删除商品分类: 马裤', '127.0.0.1'),
(1164, 1420901912, 1, '删除商品分类: 紧身裤', '127.0.0.1'),
(1165, 1420901915, 1, '删除商品分类: 牛仔短裤', '127.0.0.1'),
(1166, 1420901917, 1, '删除商品分类: 牛仔裤', '127.0.0.1'),
(1167, 1420901919, 1, '删除商品分类: 长裤', '127.0.0.1'),
(1168, 1420901922, 1, '删除商品分类: 短裤', '127.0.0.1'),
(1169, 1420901928, 1, '删除商品分类: 其它', '127.0.0.1'),
(1170, 1420901931, 1, '删除商品分类: 半身裙', '127.0.0.1'),
(1171, 1420901933, 1, '删除商品分类: 牛仔短裙', '127.0.0.1'),
(1172, 1420901936, 1, '删除商品分类: 裤袜', '127.0.0.1'),
(1173, 1420901938, 1, '删除商品分类: 首饰', '127.0.0.1'),
(1174, 1420901940, 1, '删除商品分类: 沙滩装', '127.0.0.1'),
(1175, 1420901951, 1, '删除商品分类: 牛仔裤', '127.0.0.1'),
(1176, 1420901953, 1, '删除商品分类: 裤装', '127.0.0.1'),
(1177, 1420902202, 1, '编辑商品分类: Fashion Type', '127.0.0.1'),
(1178, 1420902222, 1, '编辑商品分类: Product Stage', '127.0.0.1'),
(1179, 1420902299, 1, '添加商品分类: Designers List', '127.0.0.1'),
(1180, 1420902585, 1, '添加商品分类: coat', '127.0.0.1'),
(1181, 1420902605, 1, '添加商品分类: jacket', '127.0.0.1'),
(1182, 1420902622, 1, '添加商品分类: long inner wear', '127.0.0.1'),
(1183, 1420902637, 1, '添加商品分类: t-shirt', '127.0.0.1'),
(1184, 1420902656, 1, '添加商品分类: legging', '127.0.0.1'),
(1185, 1420903027, 1, '添加商品: coat-160-l.png', '127.0.0.1'),
(1186, 1420903071, 1, '编辑商品: coat-160-l.png', '127.0.0.1'),
(1187, 1420903081, 1, '编辑商品: coat-160-l.png', '127.0.0.1'),
(1188, 1420903108, 1, '编辑商品: coat-160-l.png', '127.0.0.1'),
(1189, 1420903403, 1, '编辑商品: coat-160-l.png', '127.0.0.1'),
(1190, 1420903611, 1, '编辑商品: coat-160-l.png', '127.0.0.1'),
(1191, 1420912203, 1, '添加商品: jacket-160-l.png', '127.0.0.1'),
(1192, 1420917559, 1, '编辑商品: coat-160-l.png', '127.0.0.1'),
(1193, 1420917647, 1, '删除团购商品: JACQUARD  FLARED SHIRT[14]', '127.0.0.1'),
(1194, 1420917727, 1, '添加团购商品: coat-160-l.png', '127.0.0.1'),
(1195, 1420917806, 1, '编辑商品: jacket-160-l.png', '127.0.0.1'),
(1196, 1420917819, 1, '编辑商品: coat-160-l.png', '127.0.0.1'),
(1197, 1420923090, 1, '编辑商品: coat-160-l.png', '127.0.0.1'),
(1198, 1420923110, 1, '编辑商品: coat-160-l.png', '127.0.0.1'),
(1199, 1420923879, 1, '添加商品: m-160-l-tshirt', '127.0.0.1'),
(1200, 1420923941, 1, '添加商品: m-160-l-legging.png', '127.0.0.1'),
(1201, 1420924139, 1, '添加商品: m-160-l-wear', '127.0.0.1'),
(1202, 1420924374, 1, '编辑商品: m-160-l-wear', '127.0.0.1'),
(1203, 1420924389, 1, '编辑商品: m-160-l-legging.png', '127.0.0.1'),
(1204, 1420924403, 1, '编辑商品: m-160-l-tshirt', '127.0.0.1'),
(1205, 1420924531, 1, '编辑商品: m-160-l-legging.png', '127.0.0.1'),
(1206, 1420924574, 1, '添加团购商品: m-160-l-legging.png', '127.0.0.1'),
(1207, 1421075969, 1, '添加商品分类: test', '127.0.0.1'),
(1208, 1421085542, 1, '添加商品分类: test2', '127.0.0.1'),
(1209, 1421085549, 1, '添加商品分类: test3', '127.0.0.1'),
(1210, 1421085556, 1, '添加商品分类: test4', '127.0.0.1'),
(1211, 1421085563, 1, '添加商品分类: test66', '127.0.0.1'),
(1212, 1421085570, 1, '添加商品分类: test668', '127.0.0.1'),
(1213, 1421086301, 1, '添加商品分类: Fashion Geners', '127.0.0.1'),
(1214, 1421086335, 1, '编辑商品分类: Dresses', '127.0.0.1'),
(1215, 1421086352, 1, '编辑商品分类: Outerwear', '127.0.0.1'),
(1216, 1421086363, 1, '编辑商品分类: Top', '127.0.0.1'),
(1217, 1421086372, 1, '编辑商品分类: Bottom', '127.0.0.1'),
(1218, 1421086394, 1, '编辑商品分类: Footwear', '127.0.0.1'),
(1219, 1421086416, 1, '添加商品分类: Sport & Swimwear', '127.0.0.1'),
(1220, 1421086424, 1, '编辑商品分类: Sport & Swimwear', '127.0.0.1'),
(1221, 1421086436, 1, '添加商品分类: Bags', '127.0.0.1'),
(1222, 1421086450, 1, '添加商品分类: Accessories', '127.0.0.1'),
(1223, 1421086586, 1, '添加商品分类: Casual', '127.0.0.1'),
(1224, 1421086595, 1, '添加商品分类: Summer', '127.0.0.1'),
(1225, 1421086615, 1, '添加商品分类: Rocker with gun', '127.0.0.1'),
(1226, 1421086627, 1, '添加商品分类: Night Out', '127.0.0.1'),
(1227, 1421086643, 1, '添加商品分类: Minimalism', '127.0.0.1'),
(1228, 1421086658, 1, '添加商品分类: Vintage', '127.0.0.1'),
(1229, 1421086674, 1, '添加商品分类: Preppy', '127.0.0.1'),
(1230, 1421086685, 1, '添加商品分类: J and K', '127.0.0.1'),
(1231, 1421086698, 1, '添加商品分类: Formal', '127.0.0.1'),
(1232, 1421086770, 1, '添加商品分类: tesi23', '127.0.0.1'),
(1233, 1421086840, 1, '添加商品分类: Boing (Pre-order)', '127.0.0.1'),
(1234, 1421086865, 1, '添加商品分类: Boed (Buy it now)', '127.0.0.1'),
(1235, 1421086883, 1, '添加商品分类: Last Chance to Buy', '127.0.0.1'),
(1236, 1421087984, 1, '删除商品分类: Designers List', '127.0.0.1'),
(1237, 1422115196, 1, '添加商品: 190 l long dress.png', '127.0.0.1'),
(1238, 1422115237, 1, '添加商品: 190 l short dress.png', '127.0.0.1'),
(1239, 1422115254, 1, '添加商品: 190 l short skirt.png', '127.0.0.1'),
(1240, 1422115502, 1, '编辑商品: 190 l short skirt.png', '127.0.0.1'),
(1241, 1422115568, 1, '编辑商品: 190 l short skirt.png', '127.0.0.1'),
(1242, 1422115629, 1, '编辑商品: coat-160-l.png', '127.0.0.1'),
(1243, 1422115637, 1, '编辑商品: 190 l short skirt.png', '127.0.0.1'),
(1244, 1422115644, 1, '编辑商品: 190 l short dress.png', '127.0.0.1'),
(1245, 1422115650, 1, '编辑商品: 190 l long dress.png', '127.0.0.1'),
(1246, 1422115765, 1, '编辑商品: 190 l short dress.png', '127.0.0.1'),
(1247, 1422115775, 1, '编辑商品: 190 l short skirt.png', '127.0.0.1'),
(1248, 1422115795, 1, '编辑商品: 190 l long dress.png', '127.0.0.1'),
(1249, 1422116342, 1, '编辑商品: 190 l short skirt.png', '127.0.0.1'),
(1250, 1422116370, 1, '编辑商品: 190 l short dress.png', '127.0.0.1'),
(1251, 1422116378, 1, '编辑商品: 190 l long dress.png', '127.0.0.1'),
(1252, 1422116864, 1, '编辑商品: 190 l short dress.png', '127.0.0.1'),
(1253, 1422116871, 1, '编辑商品: 190 l long dress.png', '127.0.0.1'),
(1254, 1423104641, 1, '卸载支付方式: cod', '127.0.0.1'),
(1255, 1423104679, 1, '编辑支付方式: paypal', '127.0.0.1'),
(1256, 1423104688, 1, '卸载支付方式: balance', '127.0.0.1'),
(1257, 1423104696, 1, '卸载支付方式: bank', '127.0.0.1'),
(1258, 1423212234, 1, '编辑商店设置: ', '127.0.0.1'),
(1259, 1423213708, 1, '编辑商店设置: ', '127.0.0.1'),
(1260, 1423213715, 1, '编辑商店设置: ', '127.0.0.1'),
(1261, 1423213741, 1, '编辑商店设置: ', '127.0.0.1'),
(1262, 1423228772, 1, '编辑商品: 190 l short skirt.png', '127.0.0.1'),
(1263, 1423243479, 1, '编辑商品: 190 l short skirt.png', '127.0.0.1'),
(1264, 1423246638, 1, '编辑商品: 190 l short skirt.png', '127.0.0.1'),
(1265, 1423645044, 1, '添加商品: test', '127.0.0.1'),
(1266, 1423645054, 1, '编辑商品: test', '127.0.0.1'),
(1267, 1423645063, 1, '编辑商品: test', '127.0.0.1'),
(1268, 1423645075, 1, '回收商品: test', '127.0.0.1'),
(1269, 1423645873, 1, '编辑商品: youtube.png', '127.0.0.1'),
(1270, 1424561898, 1, '编辑商品: 190 l short skirt.png', '223.73.18.45'),
(1271, 1424562018, 1, '编辑商品: 190 l short skirt.png', '223.73.18.45'),
(1272, 1424562185, 1, '编辑商品: 190 l short skirt.png', '223.73.18.45'),
(1273, 1424562198, 1, '编辑商品: 190 l short skirt.png', '223.73.18.45'),
(1274, 1424562203, 1, '编辑商品: 190 l short skirt.png', '223.73.18.45'),
(1275, 1424562242, 1, '编辑商品: 190 l short skirt.png', '223.73.18.45'),
(1276, 1424797480, 1, '删除文章: ', '223.73.18.18'),
(1277, 1424797480, 1, '删除文章: ', '223.73.18.18'),
(1278, 1424797480, 1, '删除文章: ', '223.73.18.18'),
(1279, 1424797480, 1, '删除文章: ', '223.73.18.18'),
(1280, 1424797480, 1, '删除文章: ', '223.73.18.18'),
(1281, 1424797480, 1, '删除文章: ', '223.73.18.18'),
(1282, 1424797480, 1, '删除文章: ', '223.73.18.18'),
(1283, 1424797480, 1, '删除文章: ', '223.73.18.18'),
(1284, 1424797480, 1, '删除文章: ', '223.73.18.18'),
(1285, 1424797480, 1, '删除文章: ', '223.73.18.18'),
(1286, 1424797480, 1, '删除文章: ', '223.73.18.18'),
(1287, 1424797480, 1, '删除文章: ', '223.73.18.18'),
(1288, 1424797480, 1, '删除文章: ', '223.73.18.18'),
(1289, 1424797480, 1, '删除文章: ', '223.73.18.18'),
(1290, 1424797480, 1, '删除文章: ', '223.73.18.18'),
(1291, 1424797488, 1, '删除文章: ', '223.73.18.18'),
(1292, 1424797488, 1, '删除文章: ', '223.73.18.18'),
(1293, 1424797488, 1, '删除文章: ', '223.73.18.18'),
(1294, 1424797488, 1, '删除文章: ', '223.73.18.18'),
(1295, 1424797488, 1, '删除文章: ', '223.73.18.18'),
(1296, 1424797488, 1, '删除文章: ', '223.73.18.18'),
(1297, 1424797488, 1, '删除文章: ', '223.73.18.18'),
(1298, 1424797488, 1, '删除文章: ', '223.73.18.18'),
(1299, 1424797488, 1, '删除文章: ', '223.73.18.18'),
(1300, 1424797488, 1, '删除文章: ', '223.73.18.18'),
(1301, 1424797488, 1, '删除文章: ', '223.73.18.18'),
(1302, 1424797488, 1, '删除文章: ', '223.73.18.18'),
(1303, 1424797488, 1, '删除文章: ', '223.73.18.18'),
(1304, 1424797488, 1, '删除文章: ', '223.73.18.18'),
(1305, 1424797495, 1, '删除文章: ', '223.73.18.18'),
(1306, 1424797495, 1, '删除文章: ', '223.73.18.18'),
(1307, 1424797566, 1, '添加文章分类: menu', '223.73.18.18'),
(1308, 1424797606, 1, '添加文章: Be a Designer', '223.73.18.18'),
(1309, 1424797616, 1, '编辑文章: Be a Designer', '223.73.18.18'),
(1310, 1424797638, 1, '添加文章: Be a Model', '223.73.18.18'),
(1311, 1424797676, 1, '添加文章: Compaign & Vocher', '223.73.18.18'),
(1312, 1425054416, 1, '编辑商店设置: ', '223.74.29.87'),
(1313, 1425054417, 1, 'Edit Shop config: ', '92.237.84.249'),
(1314, 1425055500, 1, 'AddProduct: tuangou', '92.237.84.249'),
(1315, 1425055808, 1, 'EditProduct: tuangou', '92.237.84.249'),
(1316, 1425056153, 1, 'EditProduct: tuangou', '92.237.84.249'),
(1317, 1425058631, 1, 'EditArticle: Be a Model', '92.237.84.249'),
(1318, 1425058734, 1, 'EditArticle: Be a Model', '92.237.84.249'),
(1319, 1425058787, 1, 'EditArticle: Be a Model', '92.237.84.249'),
(1320, 1425224030, 1, 'AddArticle: Get in Touch', '223.74.29.87'),
(1321, 1425224153, 1, 'EditArticle: Get in Touch./', '223.74.29.87'),
(1322, 1425232532, 1, 'EditProduct: tuangou', '223.74.29.87'),
(1323, 1425232774, 1, 'Edit Shop config: ', '223.74.29.87'),
(1324, 1425233083, 1, '删除订单: 2015020617880', '223.74.29.87'),
(1325, 1425233098, 1, '删除订单: 2015020647828', '223.74.29.87'),
(1326, 1425233986, 1, '编辑商品: 190 l short skirt.png', '223.74.29.87'),
(1327, 1425236048, 1, '编辑商店设置: ', '223.74.29.87'),
(1328, 1425236417, 1, 'EditProduct: tuangou', '223.74.29.87'),
(1329, 1425236433, 1, 'EditProduct: tuangou', '92.237.84.249'),
(1330, 1425236479, 1, 'EditProduct: tuangou', '92.237.84.249'),
(1331, 1425692464, 1, 'EditUser account number: 4657331@qq.com', '223.73.17.212'),
(1332, 1425692480, 1, 'EditProduct: 190 l short skirt.png', '223.73.17.212'),
(1333, 1425692487, 1, 'EditProduct: tuangou', '223.73.17.212'),
(1334, 1425692499, 1, 'EditProduct: 190 l short dress.png', '223.73.17.212'),
(1335, 1426768483, 1, 'AddArticle: MORE TOUR', '123.88.157.158'),
(1336, 1426768573, 1, 'AddArticle: GET IN TOUCH', '123.88.157.158'),
(1337, 1426768619, 1, 'AddArticle: JOIN NOW', '123.88.157.158'),
(1338, 1427184761, 1, 'Edit Shop config: ', '123.89.74.174'),
(1339, 1429038869, 1, 'Edit Shop config: ', '127.0.0.1'),
(1340, 1429039421, 1, '添加会员账号: test', '127.0.0.1'),
(1341, 1429039477, 1, '编辑会员账号: test', '127.0.0.1'),
(1342, 1429039503, 1, '编辑会员账号: test', '127.0.0.1'),
(1343, 1429039600, 1, '编辑会员账号: test', '127.0.0.1'),
(1344, 1429039734, 1, '添加会员账号: admin123', '127.0.0.1'),
(1345, 1429040081, 1, '编辑会员账号: 4657331@qq.com', '127.0.0.1');

-- --------------------------------------------------------

--
-- 表的结构 `mb_admin_message`
--

CREATE TABLE IF NOT EXISTS `mb_admin_message` (
  `message_id` smallint(5) unsigned NOT NULL AUTO_INCREMENT,
  `sender_id` tinyint(3) unsigned NOT NULL DEFAULT '0',
  `receiver_id` tinyint(3) unsigned NOT NULL DEFAULT '0',
  `sent_time` int(11) unsigned NOT NULL DEFAULT '0',
  `read_time` int(11) unsigned NOT NULL DEFAULT '0',
  `readed` tinyint(1) unsigned NOT NULL DEFAULT '0',
  `deleted` tinyint(1) unsigned NOT NULL DEFAULT '0',
  `title` varchar(150) NOT NULL DEFAULT '',
  `message` text NOT NULL,
  PRIMARY KEY (`message_id`),
  KEY `sender_id` (`sender_id`,`receiver_id`),
  KEY `receiver_id` (`receiver_id`)
) ENGINE=MyISAM DEFAULT CHARSET=utf8 AUTO_INCREMENT=1 ;

-- --------------------------------------------------------

--
-- 表的结构 `mb_admin_user`
--

CREATE TABLE IF NOT EXISTS `mb_admin_user` (
  `user_id` smallint(5) unsigned NOT NULL AUTO_INCREMENT,
  `user_name` varchar(60) NOT NULL DEFAULT '',
  `email` varchar(60) NOT NULL DEFAULT '',
  `password` varchar(32) NOT NULL DEFAULT '',
  `add_time` int(11) NOT NULL DEFAULT '0',
  `last_login` int(11) NOT NULL DEFAULT '0',
  `last_ip` varchar(15) NOT NULL DEFAULT '',
  `action_list` text NOT NULL,
  `nav_list` text NOT NULL,
  `lang_type` varchar(50) NOT NULL DEFAULT '',
  `agency_id` smallint(5) unsigned NOT NULL,
  `suppliers_id` smallint(5) unsigned DEFAULT '0',
  `todolist` longtext,
  `role_id` smallint(5) DEFAULT NULL,
  PRIMARY KEY (`user_id`),
  KEY `user_name` (`user_name`),
  KEY `agency_id` (`agency_id`)
) ENGINE=MyISAM  DEFAULT CHARSET=utf8 AUTO_INCREMENT=4 ;

--
-- 转存表中的数据 `mb_admin_user`
--

INSERT INTO `mb_admin_user` (`user_id`, `user_name`, `email`, `password`, `add_time`, `last_login`, `last_ip`, `action_list`, `nav_list`, `lang_type`, `agency_id`, `suppliers_id`, `todolist`, `role_id`) VALUES
(1, 'admin', 'belladndy82@126.com', '0e2a9d81c02d965b96b80dce20f73246', 1252464116, 1429038840, '127.0.0.1', 'all', '商品列表|goods.php?act=list,订单列表|order.php?act=list,用户评论|comment_manage.php?act=list,会员列表|users.php?act=list,商店设置|shop_config.php?act=list_edit', '', 0, 0, NULL, NULL),
(2, 'bjgonghuo1', 'bj@163.com', 'd0c015b6eb9a280f318a4c0510581e7e', 1245044099, 0, '', '', '商品列表|goods.php?act=list,订单列表|order.php?act=list,用户评论|comment_manage.php?act=list,会员列表|users.php?act=list,商店设置|shop_config.php?act=list_edit', '', 0, 1, '', NULL),
(3, 'shhaigonghuo1', 'shanghai@163.com', '4146fecce77907d264f6bd873f4ea27b', 1245044202, 0, '', '', '商品列表|goods.php?act=list,订单列表|order.php?act=list,用户评论|comment_manage.php?act=list,会员列表|users.php?act=list,商店设置|shop_config.php?act=list_edit', '', 0, 2, '', NULL);

-- --------------------------------------------------------

--
-- 表的结构 `mb_adsense`
--

CREATE TABLE IF NOT EXISTS `mb_adsense` (
  `from_ad` smallint(5) NOT NULL DEFAULT '0',
  `referer` varchar(255) NOT NULL DEFAULT '',
  `clicks` int(10) unsigned NOT NULL DEFAULT '0',
  KEY `from_ad` (`from_ad`)
) ENGINE=MyISAM DEFAULT CHARSET=utf8;

-- --------------------------------------------------------

--
-- 表的结构 `mb_ad_custom`
--

CREATE TABLE IF NOT EXISTS `mb_ad_custom` (
  `ad_id` mediumint(8) unsigned NOT NULL AUTO_INCREMENT,
  `ad_type` tinyint(1) unsigned NOT NULL DEFAULT '1',
  `ad_name` varchar(60) DEFAULT NULL,
  `add_time` int(10) unsigned NOT NULL DEFAULT '0',
  `content` mediumtext,
  `url` varchar(255) DEFAULT NULL,
  `ad_status` tinyint(3) unsigned NOT NULL DEFAULT '0',
  PRIMARY KEY (`ad_id`)
) ENGINE=MyISAM DEFAULT CHARSET=utf8 AUTO_INCREMENT=1 ;

-- --------------------------------------------------------

--
-- 表的结构 `mb_ad_position`
--

CREATE TABLE IF NOT EXISTS `mb_ad_position` (
  `position_id` tinyint(3) unsigned NOT NULL AUTO_INCREMENT,
  `position_name` varchar(60) NOT NULL DEFAULT '',
  `ad_width` smallint(5) unsigned NOT NULL DEFAULT '0',
  `ad_height` smallint(5) unsigned NOT NULL DEFAULT '0',
  `position_desc` varchar(255) NOT NULL DEFAULT '',
  `position_style` text NOT NULL,
  PRIMARY KEY (`position_id`)
) ENGINE=MyISAM  DEFAULT CHARSET=utf8 AUTO_INCREMENT=2 ;

--
-- 转存表中的数据 `mb_ad_position`
--

INSERT INTO `mb_ad_position` (`position_id`, `position_name`, `ad_width`, `ad_height`, `position_desc`, `position_style`) VALUES
(1, '全宽广告', 990, 100, '', '<table cellpadding="0" cellspacing="0">\r\n{foreach from=$ads item=ad}\r\n<tr><td>{$ad}</td></tr>\r\n{/foreach}\r\n</table>');

-- --------------------------------------------------------

--
-- 表的结构 `mb_affiliate_log`
--

CREATE TABLE IF NOT EXISTS `mb_affiliate_log` (
  `log_id` mediumint(8) NOT NULL AUTO_INCREMENT,
  `order_id` mediumint(8) NOT NULL,
  `time` int(10) NOT NULL,
  `user_id` mediumint(8) NOT NULL,
  `user_name` varchar(60) DEFAULT NULL,
  `money` decimal(10,2) NOT NULL DEFAULT '0.00',
  `point` int(10) NOT NULL DEFAULT '0',
  `separate_type` tinyint(1) NOT NULL DEFAULT '0',
  PRIMARY KEY (`log_id`)
) ENGINE=MyISAM DEFAULT CHARSET=utf8 AUTO_INCREMENT=1 ;

-- --------------------------------------------------------

--
-- 表的结构 `mb_agency`
--

CREATE TABLE IF NOT EXISTS `mb_agency` (
  `agency_id` smallint(5) unsigned NOT NULL AUTO_INCREMENT,
  `agency_name` varchar(255) NOT NULL,
  `agency_desc` text NOT NULL,
  PRIMARY KEY (`agency_id`),
  KEY `agency_name` (`agency_name`)
) ENGINE=MyISAM DEFAULT CHARSET=utf8 AUTO_INCREMENT=1 ;

-- --------------------------------------------------------

--
-- 表的结构 `mb_area_region`
--

CREATE TABLE IF NOT EXISTS `mb_area_region` (
  `shipping_area_id` smallint(5) unsigned NOT NULL DEFAULT '0',
  `region_id` smallint(5) unsigned NOT NULL DEFAULT '0',
  PRIMARY KEY (`shipping_area_id`,`region_id`)
) ENGINE=MyISAM DEFAULT CHARSET=utf8;

--
-- 转存表中的数据 `mb_area_region`
--

INSERT INTO `mb_area_region` (`shipping_area_id`, `region_id`) VALUES
(1, 1),
(2, 1),
(3, 1),
(4, 3),
(4, 4),
(4, 6),
(4, 9),
(4, 30),
(4, 32);

-- --------------------------------------------------------

--
-- 表的结构 `mb_article`
--

CREATE TABLE IF NOT EXISTS `mb_article` (
  `article_id` mediumint(8) unsigned NOT NULL AUTO_INCREMENT,
  `cat_id` smallint(5) NOT NULL DEFAULT '0',
  `title` varchar(150) NOT NULL DEFAULT '',
  `content` longtext NOT NULL,
  `author` varchar(30) NOT NULL DEFAULT '',
  `author_email` varchar(60) NOT NULL DEFAULT '',
  `keywords` varchar(255) NOT NULL DEFAULT '',
  `article_type` tinyint(1) unsigned NOT NULL DEFAULT '2',
  `is_open` tinyint(1) unsigned NOT NULL DEFAULT '1',
  `add_time` int(10) unsigned NOT NULL DEFAULT '0',
  `file_url` varchar(255) NOT NULL DEFAULT '',
  `open_type` tinyint(1) unsigned NOT NULL DEFAULT '0',
  `link` varchar(255) NOT NULL DEFAULT '',
  `description` varchar(255) DEFAULT NULL,
  PRIMARY KEY (`article_id`),
  KEY `cat_id` (`cat_id`)
) ENGINE=MyISAM  DEFAULT CHARSET=utf8 AUTO_INCREMENT=44 ;

--
-- 转存表中的数据 `mb_article`
--

INSERT INTO `mb_article` (`article_id`, `cat_id`, `title`, `content`, `author`, `author_email`, `keywords`, `article_type`, `is_open`, `add_time`, `file_url`, `open_type`, `link`, `description`) VALUES
(37, 13, 'Be a Designer', '<p>&nbsp;Be a Designer</p>\r\n<p>Be a Designer</p>\r\n<p>Be a Designer</p>\r\n<p>Be a Designer</p>\r\n<p>Be a Designer</p>\r\n<p>Be a Designer</p>', '', '', '', 1, 1, 1424797606, '', 0, 'http://', ''),
(38, 13, 'Be a Model', '<p>&nbsp;Be a ModelBe a ModelBe a ModelBe a Mod</p>\r\n<div>\r\n<p>Be a Mel<img src="/images/upload/Image/QQ截图20150227163554.png" width="330" height="312" alt="" /></p>\r\n</div>\r\n<div>\r\n<p>&nbsp;</p>\r\n</div>', '', '', '', 1, 1, 1424797638, '', 0, 'http://', ''),
(39, 13, 'Compaign & Vocher', '<p>&nbsp;Compaign &amp; VocherCompaign &amp; VocherCompaign &amp; VocherCompaign &amp; Vocher</p>\r\n<p>Compaign &amp; Vocher</p>\r\n<p>Compaign &amp; VocherCompaign &amp; VocherCompaign &amp; Vocher</p>\r\n<p>Compaign &amp; Vocher Compaign &amp; VocherCompaign &amp; VocherCompaign &amp; VocherCompaign &amp; Vocher</p>\r\n<p>Compaign &amp; Vocher</p>\r\n<p>Compaign &amp; VocherCompaign &amp; VocherCompaign &amp; Vocher</p>\r\n<p>Compaign &amp; Vocher Compaign &amp; VocherCompaign &amp; VocherCompaign &amp; VocherCompaign &amp; Vocher</p>\r\n<p>Compaign &amp; Vocher</p>\r\n<p>Compaign &amp; VocherCompaign &amp; VocherCompaign &amp; Vocher</p>\r\n<p>Compaign &amp; Vocher</p>', '', '', '', 1, 1, 1424797676, '', 0, 'http://', ''),
(40, 13, 'Get in Touch./', '<p>&nbsp;Tel: 01162 222 222</p>\r\n<div>Monday to Friday from 7:30 am to 6:30 pm</div>\r\n<div>Saturday from 9:00 am to 3:00 pm</div>\r\n<div>&nbsp;</div>\r\n<div>Email: help@bo-bo.me</div>\r\n<div>We will try to get back to you within 36 hours</div>\r\n<div>&nbsp;</div>\r\n<div>FAQ</div>\r\n<div>Find the anwser in the old fashion way</div>\r\n<div>&nbsp;</div>\r\n<div>Invest in BoBo</div>\r\n<div>We are always looking for investment to make BoBo a better place for customers and designers.</div>\r\n<div>You can drop us an email and tell us who you are and how you wanna collaborate with us</div>\r\n<div>&nbsp;</div>', '', '', '', 1, 1, 1425224030, '', 0, 'http://', ''),
(41, 13, 'MORE TOUR', '<p>&nbsp;&nbsp;</p>\r\n<p style="box-sizing: border-box; margin: 0px; color: rgb(51, 51, 51); font-family: ''Helvetica Neue'', Helvetica, Arial, sans-serif; font-size: 14px; line-height: 20px; background-color: rgb(228, 228, 228);">&nbsp;MORE TOURMORE TOURMORE TOURMORE TOURMORE</p>\r\n<p style="box-sizing: border-box; margin: 0px; color: rgb(51, 51, 51); font-family: ''Helvetica Neue'', Helvetica, Arial, sans-serif; font-size: 14px; line-height: 20px; background-color: rgb(228, 228, 228);">TOURMORE TOURMORE TOURMORE</p>\r\n<p style="box-sizing: border-box; margin: 0px; color: rgb(51, 51, 51); font-family: ''Helvetica Neue'', Helvetica, Arial, sans-serif; font-size: 14px; line-height: 20px; background-color: rgb(228, 228, 228);">TOURMORE TOURMORE TOURMORE TOURMORE TOURMORE</p>\r\n<p style="box-sizing: border-box; margin: 0px; color: rgb(51, 51, 51); font-family: ''Helvetica Neue'', Helvetica, Arial, sans-serif; font-size: 14px; line-height: 20px; background-color: rgb(228, 228, 228);">TOURMORE TOURMORE TOURMORE</p>\r\n<p style="box-sizing: border-box; margin: 0px; color: rgb(51, 51, 51); font-family: ''Helvetica Neue'', Helvetica, Arial, sans-serif; font-size: 14px; line-height: 20px; background-color: rgb(228, 228, 228);">TOURMORE TOURMORE TOURMORE&nbsp;TOURMORE TOURMORE</p>\r\n<p style="box-sizing: border-box; margin: 0px; color: rgb(51, 51, 51); font-family: ''Helvetica Neue'', Helvetica, Arial, sans-serif; font-size: 14px; line-height: 20px; background-color: rgb(228, 228, 228);">TOURMORE TOURMORE TOURMORE</p>\r\n<p style="box-sizing: border-box; margin: 0px; color: rgb(51, 51, 51); font-family: ''Helvetica Neue'', Helvetica, Arial, sans-serif; font-size: 14px; line-height: 20px; background-color: rgb(228, 228, 228);">TOURMORE TOURMORE TOURMORE TOURMORE TOURMORE</p>\r\n<p style="box-sizing: border-box; margin: 0px; color: rgb(51, 51, 51); font-family: ''Helvetica Neue'', Helvetica, Arial, sans-serif; font-size: 14px; line-height: 20px; background-color: rgb(228, 228, 228);">TOURMORE&nbsp;TOURMORE TOURMORE</p>\r\n<p style="box-sizing: border-box; margin: 0px; color: rgb(51, 51, 51); font-family: ''Helvetica Neue'', Helvetica, Arial, sans-serif; font-size: 14px; line-height: 20px; background-color: rgb(228, 228, 228);">TOURMORE TOURMORE TOURMORE TOURMORE TOURMORE</p>\r\n<p style="box-sizing: border-box; margin: 0px; color: rgb(51, 51, 51); font-family: ''Helvetica Neue'', Helvetica, Arial, sans-serif; font-size: 14px; line-height: 20px; background-color: rgb(228, 228, 228);">TOURMORE TOURMORE TOURMORE</p>', 'MORE TOUR', 'test@qq.com', 'MORE TOUR', 0, 1, 1426768483, '', 0, 'http://', 'MORE TOUR'),
(6, -1, '用户协议', '', '', '', '', 0, 0, 1252464116, '', 0, '', NULL),
(42, 13, 'GET IN TOUCH', '<p>&nbsp;<span style="color: rgb(51, 51, 51); font-family: ''Helvetica Neue'', Helvetica, Arial, sans-serif; font-size: 14px; line-height: 20px; background-color: rgb(228, 228, 228);">GET IN TOUCH GET IN TOUCH GET IN TOUCH GET IN TOUCH</span></p>\r\n<p style="box-sizing: border-box; margin: 0px; color: rgb(51, 51, 51); font-family: ''Helvetica Neue'', Helvetica, Arial, sans-serif; font-size: 14px; line-height: 20px; background-color: rgb(228, 228, 228);">GET IN TOUCH GET IN TOUCH&nbsp;GET IN TOUCH GET IN TOUCH GET IN TOUCH</p>\r\n<p style="box-sizing: border-box; margin: 0px; color: rgb(51, 51, 51); font-family: ''Helvetica Neue'', Helvetica, Arial, sans-serif; font-size: 14px; line-height: 20px; background-color: rgb(228, 228, 228);">GET IN TOUCH GET IN TOUCH&nbsp;GET IN TOUCH GET IN TOUCH GET IN TOUCH</p>\r\n<p style="box-sizing: border-box; margin: 0px; color: rgb(51, 51, 51); font-family: ''Helvetica Neue'', Helvetica, Arial, sans-serif; font-size: 14px; line-height: 20px; background-color: rgb(228, 228, 228);">GET IN TOUCH GET IN TOUCH&nbsp;GET IN TOUCH GET IN TOUCH GET IN TOUCH</p>\r\n<p style="box-sizing: border-box; margin: 0px; color: rgb(51, 51, 51); font-family: ''Helvetica Neue'', Helvetica, Arial, sans-serif; font-size: 14px; line-height: 20px; background-color: rgb(228, 228, 228);">GET IN TOUCH GET IN TOUCH&nbsp;GET IN TOUCH GET IN TOUCH GET IN TOUCH</p>\r\n<p style="box-sizing: border-box; margin: 0px; color: rgb(51, 51, 51); font-family: ''Helvetica Neue'', Helvetica, Arial, sans-serif; font-size: 14px; line-height: 20px; background-color: rgb(228, 228, 228);">GET IN TOUCH GET IN TOUCH&nbsp;GET IN TOUCH GET IN TOUCH GET IN TOUCH</p>\r\n<p style="box-sizing: border-box; margin: 0px; color: rgb(51, 51, 51); font-family: ''Helvetica Neue'', Helvetica, Arial, sans-serif; font-size: 14px; line-height: 20px; background-color: rgb(228, 228, 228);">GET IN TOUCH GET IN TOUCH&nbsp;GET IN TOUCH GET IN TOUCH GET IN TOUCH</p>\r\n<p style="box-sizing: border-box; margin: 0px; color: rgb(51, 51, 51); font-family: ''Helvetica Neue'', Helvetica, Arial, sans-serif; font-size: 14px; line-height: 20px; background-color: rgb(228, 228, 228);">GET IN TOUCH GET IN TOUCH&nbsp;GET IN TOUCH GET IN TOUCH GET IN TOUCH</p>\r\n<p style="box-sizing: border-box; margin: 0px; color: rgb(51, 51, 51); font-family: ''Helvetica Neue'', Helvetica, Arial, sans-serif; font-size: 14px; line-height: 20px; background-color: rgb(228, 228, 228);">GET IN TOUCH GET IN TOUCH&nbsp;GET IN TOUCH GET IN TOUCH GET IN TOUCH</p>\r\n<p>&nbsp;</p>', 'GET IN TOUCH', 'test@qq.com', 'GET IN TOUCH', 0, 1, 1426768573, '', 0, 'http://', 'GET IN TOUCH'),
(43, 13, 'JOIN NOW', '<p>&nbsp;</p>\r\n<div>\r\n<p style="box-sizing: border-box; margin: 0px; background-color: rgb(228, 228, 228);"><font color="#333333" face="Helvetica Neue, Helvetica, Arial, sans-serif"><span style="font-size: 14px; line-height: 20px;">JOIN NOW&nbsp;</span></font><span style="color: rgb(51, 51, 51); font-family: ''Helvetica Neue'', Helvetica, Arial, sans-serif; font-size: 14px; line-height: 20px;">JOIN NOW&nbsp;</span><span style="color: rgb(51, 51, 51); font-family: ''Helvetica Neue'', Helvetica, Arial, sans-serif; font-size: 14px; line-height: 20px;">JOIN NOW</span></p>\r\n<p style="box-sizing: border-box; margin: 0px; background-color: rgb(228, 228, 228);"><font color="#333333" face="Helvetica Neue, Helvetica, Arial, sans-serif"><span style="font-size: 14px; line-height: 20px;">JOIN NOW&nbsp;</span></font><span style="color: rgb(51, 51, 51); font-family: ''Helvetica Neue'', Helvetica, Arial, sans-serif; font-size: 14px; line-height: 20px;">JOIN NOW&nbsp;</span><span style="color: rgb(51, 51, 51); font-family: ''Helvetica Neue'', Helvetica, Arial, sans-serif; font-size: 14px; line-height: 20px;">JOIN NOW</span></p>\r\n<p style="box-sizing: border-box; margin: 0px; background-color: rgb(228, 228, 228);"><font color="#333333" face="Helvetica Neue, Helvetica, Arial, sans-serif"><span style="font-size: 14px; line-height: 20px;">JOIN NOW&nbsp;</span></font><span style="color: rgb(51, 51, 51); font-family: ''Helvetica Neue'', Helvetica, Arial, sans-serif; font-size: 14px; line-height: 20px;">JOIN NOW&nbsp;</span><span style="color: rgb(51, 51, 51); font-family: ''Helvetica Neue'', Helvetica, Arial, sans-serif; font-size: 14px; line-height: 20px;">JOIN NOW</span></p>\r\n<p style="box-sizing: border-box; margin: 0px; background-color: rgb(228, 228, 228);"><font color="#333333" face="Helvetica Neue, Helvetica, Arial, sans-serif"><span style="font-size: 14px; line-height: 20px;">JOIN NOW&nbsp;</span></font><span style="color: rgb(51, 51, 51); font-family: ''Helvetica Neue'', Helvetica, Arial, sans-serif; font-size: 14px; line-height: 20px;">JOIN NOW&nbsp;</span><span style="color: rgb(51, 51, 51); font-family: ''Helvetica Neue'', Helvetica, Arial, sans-serif; font-size: 14px; line-height: 20px;">JOIN NOW</span></p>\r\n<p style="box-sizing: border-box; margin: 0px; background-color: rgb(228, 228, 228);"><font color="#333333" face="Helvetica Neue, Helvetica, Arial, sans-serif"><span style="font-size: 14px; line-height: 20px;">JOIN NOW&nbsp;</span></font><span style="color: rgb(51, 51, 51); font-family: ''Helvetica Neue'', Helvetica, Arial, sans-serif; font-size: 14px; line-height: 20px;">JOIN NOW&nbsp;</span><span style="color: rgb(51, 51, 51); font-family: ''Helvetica Neue'', Helvetica, Arial, sans-serif; font-size: 14px; line-height: 20px;">JOIN NOW</span></p>\r\n<p style="box-sizing: border-box; margin: 0px; background-color: rgb(228, 228, 228);"><font color="#333333" face="Helvetica Neue, Helvetica, Arial, sans-serif"><span style="font-size: 14px; line-height: 20px;">JOIN NOW&nbsp;</span></font><span style="color: rgb(51, 51, 51); font-family: ''Helvetica Neue'', Helvetica, Arial, sans-serif; font-size: 14px; line-height: 20px;">JOIN NOW&nbsp;</span><span style="color: rgb(51, 51, 51); font-family: ''Helvetica Neue'', Helvetica, Arial, sans-serif; font-size: 14px; line-height: 20px;">JOIN NOW</span></p>\r\n<p style="box-sizing: border-box; margin: 0px; background-color: rgb(228, 228, 228);"><font color="#333333" face="Helvetica Neue, Helvetica, Arial, sans-serif"><span style="font-size: 14px; line-height: 20px;">JOIN NOW&nbsp;</span></font><span style="color: rgb(51, 51, 51); font-family: ''Helvetica Neue'', Helvetica, Arial, sans-serif; font-size: 14px; line-height: 20px;">JOIN NOW&nbsp;</span><span style="color: rgb(51, 51, 51); font-family: ''Helvetica Neue'', Helvetica, Arial, sans-serif; font-size: 14px; line-height: 20px;">JOIN NOW</span></p>\r\n<p style="box-sizing: border-box; margin: 0px; background-color: rgb(228, 228, 228);"><font color="#333333" face="Helvetica Neue, Helvetica, Arial, sans-serif"><span style="font-size: 14px; line-height: 20px;">JOIN NOW&nbsp;</span></font><span style="color: rgb(51, 51, 51); font-family: ''Helvetica Neue'', Helvetica, Arial, sans-serif; font-size: 14px; line-height: 20px;">JOIN NOW&nbsp;</span><span style="color: rgb(51, 51, 51); font-family: ''Helvetica Neue'', Helvetica, Arial, sans-serif; font-size: 14px; line-height: 20px;">JOIN NOW</span></p>\r\n<p style="box-sizing: border-box; margin: 0px; background-color: rgb(228, 228, 228);"><font color="#333333" face="Helvetica Neue, Helvetica, Arial, sans-serif"><span style="font-size: 14px; line-height: 20px;">JOIN NOW&nbsp;</span></font><span style="color: rgb(51, 51, 51); font-family: ''Helvetica Neue'', Helvetica, Arial, sans-serif; font-size: 14px; line-height: 20px;">JOIN NOW&nbsp;</span><span style="color: rgb(51, 51, 51); font-family: ''Helvetica Neue'', Helvetica, Arial, sans-serif; font-size: 14px; line-height: 20px;">JOIN NOW</span></p>\r\n</div>', 'JOIN NOW', 'test@qq.com', 'JOIN NOW', 0, 1, 1426768619, '', 0, 'http://', 'JOIN NOW');

-- --------------------------------------------------------

--
-- 表的结构 `mb_article_cat`
--

CREATE TABLE IF NOT EXISTS `mb_article_cat` (
  `cat_id` smallint(5) NOT NULL AUTO_INCREMENT,
  `cat_name` varchar(255) NOT NULL DEFAULT '',
  `cat_type` tinyint(1) unsigned NOT NULL DEFAULT '1',
  `keywords` varchar(255) NOT NULL DEFAULT '',
  `cat_desc` varchar(255) NOT NULL DEFAULT '',
  `sort_order` tinyint(3) unsigned NOT NULL DEFAULT '50',
  `show_in_nav` tinyint(1) unsigned NOT NULL DEFAULT '0',
  `parent_id` smallint(5) unsigned NOT NULL DEFAULT '0',
  PRIMARY KEY (`cat_id`),
  KEY `cat_type` (`cat_type`),
  KEY `sort_order` (`sort_order`),
  KEY `parent_id` (`parent_id`)
) ENGINE=MyISAM  DEFAULT CHARSET=utf8 AUTO_INCREMENT=14 ;

--
-- 转存表中的数据 `mb_article_cat`
--

INSERT INTO `mb_article_cat` (`cat_id`, `cat_name`, `cat_type`, `keywords`, `cat_desc`, `sort_order`, `show_in_nav`, `parent_id`) VALUES
(1, '系统分类', 2, '', '系统保留分类', 50, 1, 0),
(2, '网店信息', 3, '', '网店信息分类', 50, 1, 1),
(3, '网店帮助分类', 4, '', '网店帮助分类', 50, 1, 1),
(4, '3G资讯', 1, '', '', 50, 1, 0),
(5, '新手上路 ', 5, '', '', 50, 1, 3),
(6, '手机常识 ', 5, '', '手机常识 ', 50, 1, 3),
(7, '配送与支付 ', 5, '', '配送与支付 ', 50, 1, 3),
(8, '服务保证 ', 5, '', '', 50, 1, 3),
(9, '联系我们 ', 5, '联系我们', '', 50, 1, 3),
(10, '会员中心', 5, '', '', 50, 1, 3),
(11, '手机促销', 1, '', '', 50, 1, 0),
(12, '站内快讯', 1, '', '', 50, 1, 0),
(13, 'menu', 1, '', '', 50, 0, 0);

-- --------------------------------------------------------

--
-- 表的结构 `mb_attribute`
--

CREATE TABLE IF NOT EXISTS `mb_attribute` (
  `attr_id` smallint(5) unsigned NOT NULL AUTO_INCREMENT,
  `cat_id` smallint(5) unsigned NOT NULL DEFAULT '0',
  `attr_name` varchar(60) NOT NULL DEFAULT '',
  `attr_input_type` tinyint(1) unsigned NOT NULL DEFAULT '1',
  `attr_type` tinyint(1) unsigned NOT NULL DEFAULT '1',
  `attr_values` text NOT NULL,
  `attr_index` tinyint(1) unsigned NOT NULL DEFAULT '0',
  `sort_order` tinyint(3) unsigned NOT NULL DEFAULT '0',
  `is_linked` tinyint(1) unsigned NOT NULL DEFAULT '0',
  `attr_group` tinyint(1) unsigned NOT NULL DEFAULT '0',
  PRIMARY KEY (`attr_id`),
  KEY `cat_id` (`cat_id`)
) ENGINE=MyISAM  DEFAULT CHARSET=utf8 AUTO_INCREMENT=214 ;

--
-- 转存表中的数据 `mb_attribute`
--

INSERT INTO `mb_attribute` (`attr_id`, `cat_id`, `attr_name`, `attr_input_type`, `attr_type`, `attr_values`, `attr_index`, `sort_order`, `is_linked`, `attr_group`) VALUES
(213, 12, '女', 0, 0, '', 1, 0, 0, 0),
(212, 12, '男', 0, 0, '', 1, 0, 0, 0);

-- --------------------------------------------------------

--
-- 表的结构 `mb_auction_log`
--

CREATE TABLE IF NOT EXISTS `mb_auction_log` (
  `log_id` mediumint(8) unsigned NOT NULL AUTO_INCREMENT,
  `act_id` mediumint(8) unsigned NOT NULL,
  `bid_user` mediumint(8) unsigned NOT NULL,
  `bid_price` decimal(10,2) unsigned NOT NULL,
  `bid_time` int(10) unsigned NOT NULL,
  PRIMARY KEY (`log_id`),
  KEY `act_id` (`act_id`)
) ENGINE=MyISAM  DEFAULT CHARSET=utf8 AUTO_INCREMENT=2 ;

--
-- 转存表中的数据 `mb_auction_log`
--

INSERT INTO `mb_auction_log` (`log_id`, `act_id`, `bid_user`, `bid_price`, `bid_time`) VALUES
(1, 4, 1, '170.00', 1242144083);

-- --------------------------------------------------------

--
-- 表的结构 `mb_auto_manage`
--

CREATE TABLE IF NOT EXISTS `mb_auto_manage` (
  `item_id` mediumint(8) NOT NULL,
  `type` varchar(10) NOT NULL,
  `starttime` int(10) NOT NULL,
  `endtime` int(10) NOT NULL,
  PRIMARY KEY (`item_id`,`type`)
) ENGINE=MyISAM DEFAULT CHARSET=utf8;

-- --------------------------------------------------------

--
-- 表的结构 `mb_back_goods`
--

CREATE TABLE IF NOT EXISTS `mb_back_goods` (
  `rec_id` mediumint(8) unsigned NOT NULL AUTO_INCREMENT,
  `back_id` mediumint(8) unsigned DEFAULT '0',
  `goods_id` mediumint(8) unsigned NOT NULL DEFAULT '0',
  `goods_name` varchar(120) DEFAULT NULL,
  `brand_name` varchar(60) DEFAULT NULL,
  `goods_sn` varchar(60) DEFAULT NULL,
  `is_real` tinyint(1) unsigned DEFAULT '0',
  `send_number` smallint(5) unsigned DEFAULT '0',
  `goods_attr` text,
  `product_id` mediumint(8) unsigned NOT NULL DEFAULT '0',
  `product_sn` varchar(60) DEFAULT NULL,
  PRIMARY KEY (`rec_id`),
  KEY `back_id` (`back_id`),
  KEY `goods_id` (`goods_id`)
) ENGINE=MyISAM DEFAULT CHARSET=utf8 AUTO_INCREMENT=1 ;

-- --------------------------------------------------------

--
-- 表的结构 `mb_back_order`
--

CREATE TABLE IF NOT EXISTS `mb_back_order` (
  `back_id` mediumint(8) unsigned NOT NULL AUTO_INCREMENT,
  `delivery_sn` varchar(20) NOT NULL,
  `order_sn` varchar(20) NOT NULL,
  `order_id` mediumint(8) unsigned NOT NULL DEFAULT '0',
  `invoice_no` varchar(50) DEFAULT NULL,
  `add_time` int(10) unsigned DEFAULT '0',
  `shipping_id` tinyint(3) unsigned DEFAULT '0',
  `shipping_name` varchar(120) DEFAULT NULL,
  `user_id` mediumint(8) unsigned DEFAULT '0',
  `action_user` varchar(30) DEFAULT NULL,
  `consignee` varchar(60) DEFAULT NULL,
  `address` varchar(250) DEFAULT NULL,
  `country` smallint(5) unsigned DEFAULT '0',
  `province` smallint(5) unsigned DEFAULT '0',
  `city` smallint(5) unsigned DEFAULT '0',
  `district` smallint(5) unsigned DEFAULT '0',
  `sign_building` varchar(120) DEFAULT NULL,
  `email` varchar(60) DEFAULT NULL,
  `zipcode` varchar(60) DEFAULT NULL,
  `tel` varchar(60) DEFAULT NULL,
  `mobile` varchar(60) DEFAULT NULL,
  `best_time` varchar(120) DEFAULT NULL,
  `postscript` varchar(255) DEFAULT NULL,
  `how_oos` varchar(120) DEFAULT NULL,
  `insure_fee` decimal(10,2) unsigned DEFAULT '0.00',
  `shipping_fee` decimal(10,2) unsigned DEFAULT '0.00',
  `update_time` int(10) unsigned DEFAULT '0',
  `suppliers_id` smallint(5) DEFAULT '0',
  `status` tinyint(1) unsigned NOT NULL DEFAULT '0',
  `return_time` int(10) unsigned DEFAULT '0',
  `agency_id` smallint(5) unsigned DEFAULT '0',
  PRIMARY KEY (`back_id`),
  KEY `user_id` (`user_id`),
  KEY `order_id` (`order_id`)
) ENGINE=MyISAM  DEFAULT CHARSET=utf8 AUTO_INCREMENT=5 ;

-- --------------------------------------------------------

--
-- 表的结构 `mb_bonus_type`
--

CREATE TABLE IF NOT EXISTS `mb_bonus_type` (
  `type_id` smallint(5) unsigned NOT NULL AUTO_INCREMENT,
  `type_name` varchar(60) NOT NULL DEFAULT '',
  `type_money` decimal(10,2) NOT NULL DEFAULT '0.00',
  `send_type` tinyint(3) unsigned NOT NULL DEFAULT '0',
  `min_amount` decimal(10,2) unsigned NOT NULL DEFAULT '0.00',
  `max_amount` decimal(10,2) unsigned NOT NULL DEFAULT '0.00',
  `send_start_date` int(11) NOT NULL DEFAULT '0',
  `send_end_date` int(11) NOT NULL DEFAULT '0',
  `use_start_date` int(11) NOT NULL DEFAULT '0',
  `use_end_date` int(11) NOT NULL DEFAULT '0',
  `min_goods_amount` decimal(10,2) unsigned NOT NULL DEFAULT '0.00',
  PRIMARY KEY (`type_id`)
) ENGINE=MyISAM  DEFAULT CHARSET=utf8 AUTO_INCREMENT=5 ;

--
-- 转存表中的数据 `mb_bonus_type`
--

INSERT INTO `mb_bonus_type` (`type_id`, `type_name`, `type_money`, `send_type`, `min_amount`, `max_amount`, `send_start_date`, `send_end_date`, `use_start_date`, `use_end_date`, `min_goods_amount`) VALUES
(1, '用户红包', '2.00', 0, '0.00', '0.00', 1242057600, 1244736000, 1242057600, 1250006400, '500.00'),
(2, '商品红包', '10.00', 1, '0.00', '0.00', 1241971200, 1250352000, 1242057600, 1250006400, '500.00'),
(3, '订单红包', '20.00', 2, '1500.00', '0.00', 1242057600, 1309363200, 1242057600, 1257955200, '800.00'),
(4, '线下红包', '5.00', 3, '0.00', '0.00', 1242057600, 1244736000, 1242057600, 1255449600, '360.00');

-- --------------------------------------------------------

--
-- 表的结构 `mb_booking_goods`
--

CREATE TABLE IF NOT EXISTS `mb_booking_goods` (
  `rec_id` mediumint(8) unsigned NOT NULL AUTO_INCREMENT,
  `user_id` mediumint(8) unsigned NOT NULL DEFAULT '0',
  `email` varchar(60) NOT NULL DEFAULT '',
  `link_man` varchar(60) NOT NULL DEFAULT '',
  `tel` varchar(60) NOT NULL DEFAULT '',
  `goods_id` mediumint(8) unsigned NOT NULL DEFAULT '0',
  `goods_desc` varchar(255) NOT NULL DEFAULT '',
  `goods_number` smallint(5) unsigned NOT NULL DEFAULT '0',
  `booking_time` int(10) unsigned NOT NULL DEFAULT '0',
  `is_dispose` tinyint(1) unsigned NOT NULL DEFAULT '0',
  `dispose_user` varchar(30) NOT NULL DEFAULT '',
  `dispose_time` int(10) unsigned NOT NULL DEFAULT '0',
  `dispose_note` varchar(255) NOT NULL DEFAULT '',
  PRIMARY KEY (`rec_id`),
  KEY `user_id` (`user_id`)
) ENGINE=MyISAM  DEFAULT CHARSET=utf8 AUTO_INCREMENT=3 ;

--
-- 转存表中的数据 `mb_booking_goods`
--

INSERT INTO `mb_booking_goods` (`rec_id`, `user_id`, `email`, `link_man`, `tel`, `goods_id`, `goods_desc`, `goods_number`, `booking_time`, `is_dispose`, `dispose_user`, `dispose_time`, `dispose_note`) VALUES
(1, 1, 'ecshop@ecshop.com', '刘先生', '13986765412', 19, '可以补货吗？\n我想要一个', 1, 1242142762, 0, '', 0, ''),
(2, 3, 'text@ecshop.com', '叶先生', '13588104710', 17, '什么时候有货', 1, 1242143592, 0, '', 0, '');

-- --------------------------------------------------------

--
-- 表的结构 `mb_brand`
--

CREATE TABLE IF NOT EXISTS `mb_brand` (
  `brand_id` smallint(5) unsigned NOT NULL AUTO_INCREMENT,
  `brand_name` varchar(60) NOT NULL DEFAULT '',
  `brand_logo` varchar(80) NOT NULL DEFAULT '',
  `brand_desc` text NOT NULL,
  `site_url` varchar(255) NOT NULL DEFAULT '',
  `sort_order` tinyint(3) unsigned NOT NULL DEFAULT '50',
  `is_show` tinyint(1) unsigned NOT NULL DEFAULT '1',
  PRIMARY KEY (`brand_id`),
  KEY `is_show` (`is_show`)
) ENGINE=MyISAM  DEFAULT CHARSET=utf8 AUTO_INCREMENT=12 ;

--
-- 转存表中的数据 `mb_brand`
--

INSERT INTO `mb_brand` (`brand_id`, `brand_name`, `brand_logo`, `brand_desc`, `site_url`, `sort_order`, `is_show`) VALUES
(1, '索尼', '1252599837855961981.gif', '公司网站：http://www.nokia.com.cn/\r\n\r\n客服电话：400-880-0123', 'http://#', 50, 1),
(2, '恒寿堂', '1252599873661412338.gif', '官方咨询电话：4008105050\r\n售后网点：http://www.motorola.com.cn/service/carecenter/search.asp ', 'http://#', 50, 1),
(3, '九阳', '1252599907016668576.gif', '官方咨询电话：4008201668\r\n售后网点：http://www.dopod.com/pc/service/searchresult2.php ', 'http://#', 50, 1),
(4, 'AIPTEK', '1252599947692711885.gif', '官方咨询电话：4008800008\r\n售后网点：http://www.philips.com.cn/service/mustservice/index.page ', 'http://#', 50, 1),
(5, 'POVOS', '1252599981907878227.gif', '官方咨询电话：4008875777\r\n售后网点：http://www.amobile.com.cn/service_fwyzc.asp ', 'http://#', 50, 1);

-- --------------------------------------------------------

--
-- 表的结构 `mb_card`
--

CREATE TABLE IF NOT EXISTS `mb_card` (
  `card_id` tinyint(3) unsigned NOT NULL AUTO_INCREMENT,
  `card_name` varchar(120) NOT NULL DEFAULT '',
  `card_img` varchar(255) NOT NULL DEFAULT '',
  `card_fee` decimal(6,2) unsigned NOT NULL DEFAULT '0.00',
  `free_money` decimal(6,2) unsigned NOT NULL DEFAULT '0.00',
  `card_desc` varchar(255) NOT NULL DEFAULT '',
  PRIMARY KEY (`card_id`)
) ENGINE=MyISAM  DEFAULT CHARSET=utf8 AUTO_INCREMENT=2 ;

--
-- 转存表中的数据 `mb_card`
--

INSERT INTO `mb_card` (`card_id`, `card_name`, `card_img`, `card_fee`, `free_money`, `card_desc`) VALUES
(1, '祝福贺卡', '1242108754847457261.jpg', '5.00', '1000.00', '把您的祝福带给您身边的人');

-- --------------------------------------------------------

--
-- 表的结构 `mb_cart`
--

CREATE TABLE IF NOT EXISTS `mb_cart` (
  `rec_id` mediumint(8) unsigned NOT NULL AUTO_INCREMENT,
  `user_id` mediumint(8) unsigned NOT NULL DEFAULT '0',
  `session_id` char(32) CHARACTER SET utf8 COLLATE utf8_bin NOT NULL DEFAULT '',
  `goods_id` mediumint(8) unsigned NOT NULL DEFAULT '0',
  `goods_sn` varchar(60) NOT NULL DEFAULT '',
  `goods_name` varchar(120) NOT NULL DEFAULT '',
  `market_price` decimal(10,2) unsigned NOT NULL DEFAULT '0.00',
  `goods_price` decimal(10,2) NOT NULL DEFAULT '0.00',
  `goods_number` smallint(5) unsigned NOT NULL DEFAULT '0',
  `goods_attr` text NOT NULL,
  `is_real` tinyint(1) unsigned NOT NULL DEFAULT '0',
  `extension_code` varchar(30) NOT NULL DEFAULT '',
  `parent_id` mediumint(8) unsigned NOT NULL DEFAULT '0',
  `rec_type` tinyint(1) unsigned NOT NULL DEFAULT '0',
  `is_gift` smallint(5) unsigned NOT NULL DEFAULT '0',
  `can_handsel` tinyint(3) unsigned NOT NULL DEFAULT '0',
  `goods_attr_id` varchar(255) NOT NULL DEFAULT '',
  `is_shipping` tinyint(1) unsigned NOT NULL DEFAULT '0',
  `product_id` mediumint(8) unsigned NOT NULL DEFAULT '0',
  PRIMARY KEY (`rec_id`),
  KEY `session_id` (`session_id`)
) ENGINE=MyISAM  DEFAULT CHARSET=utf8 AUTO_INCREMENT=14 ;

-- --------------------------------------------------------

--
-- 表的结构 `mb_category`
--

CREATE TABLE IF NOT EXISTS `mb_category` (
  `cat_id` smallint(5) unsigned NOT NULL AUTO_INCREMENT,
  `cat_name` varchar(90) NOT NULL DEFAULT '',
  `keywords` varchar(255) NOT NULL DEFAULT '',
  `cat_desc` varchar(255) NOT NULL DEFAULT '',
  `parent_id` smallint(5) unsigned NOT NULL DEFAULT '0',
  `sort_order` tinyint(1) unsigned NOT NULL DEFAULT '50',
  `template_file` varchar(50) NOT NULL DEFAULT '',
  `measure_unit` varchar(15) NOT NULL DEFAULT '',
  `show_in_nav` tinyint(1) NOT NULL DEFAULT '0',
  `style` varchar(150) NOT NULL,
  `is_show` tinyint(1) unsigned NOT NULL DEFAULT '1',
  `grade` tinyint(4) NOT NULL DEFAULT '0',
  `filter_attr` varchar(255) NOT NULL DEFAULT '0',
  PRIMARY KEY (`cat_id`),
  KEY `parent_id` (`parent_id`)
) ENGINE=MyISAM  DEFAULT CHARSET=utf8 AUTO_INCREMENT=142 ;

--
-- 转存表中的数据 `mb_category`
--

INSERT INTO `mb_category` (`cat_id`, `cat_name`, `keywords`, `cat_desc`, `parent_id`, `sort_order`, `template_file`, `measure_unit`, `show_in_nav`, `style`, `is_show`, `grade`, `filter_attr`) VALUES
(129, 'Casual', '', '', 125, 1, '', '', 0, '', 1, 0, ''),
(141, 'Last Chance to Buy', '', '', 72, 4, '', '', 0, '', 1, 0, ''),
(138, 'tesi23', '', '', 130, 50, '', '', 0, '', 1, 0, ''),
(140, 'Boed (Buy it now)', '', '', 72, 2, '', '', 0, '', 1, 0, ''),
(139, 'Boing (Pre-order)', '', '', 72, 1, '', '', 0, '', 1, 0, ''),
(136, 'J and K', '', '', 125, 9, '', '', 0, '', 1, 0, ''),
(137, 'Formal', '', '', 125, 10, '', '', 0, '', 1, 0, ''),
(133, 'Minimalism', '', '', 125, 5, '', '', 0, '', 1, 0, ''),
(135, 'Preppy', '', '', 125, 8, '', '', 0, '', 1, 0, ''),
(134, 'Vintage', '', '', 125, 7, '', '', 0, '', 1, 0, ''),
(132, 'Night Out', '', '', 125, 4, '', '', 0, '', 1, 0, ''),
(72, 'Product Stage', '', '', 0, 3, '', '', 1, '', 1, 0, ''),
(131, 'Rocker with gun', '', '', 125, 3, '', '', 0, '', 1, 0, ''),
(75, 'Fashion Type', '', '', 0, 1, '', '', 1, '', 1, 0, ''),
(128, 'Accessories', '', '', 75, 8, '', '', 0, '', 1, 0, ''),
(127, 'Bags', '', '', 75, 7, '', '', 0, '', 1, 0, ''),
(130, 'Summer', '', '', 125, 2, '', '', 0, '', 1, 0, ''),
(114, 'Dresses', '', '', 75, 1, '', '', 0, '', 1, 0, ''),
(115, 'Top', '', '', 75, 3, '', '', 0, '', 1, 0, ''),
(116, 'Bottom', '', '', 75, 4, '', '', 0, '', 1, 0, ''),
(117, 'Footwear', '', '', 75, 5, '', '', 0, '', 1, 0, ''),
(118, 'Outerwear', '', '', 75, 2, '', '', 0, '', 1, 0, ''),
(119, 'test', '', '', 118, 50, '', '', 0, '', 1, 0, ''),
(120, 'test2', '', '', 118, 50, '', '', 0, '', 1, 0, ''),
(121, 'test3', '', '', 114, 50, '', '', 0, '', 1, 0, ''),
(122, 'test4', '', '', 114, 50, '', '', 0, '', 1, 0, ''),
(123, 'test66', '', '', 117, 50, '', '', 0, '', 1, 0, ''),
(124, 'test668', '', '', 117, 50, '', '', 0, '', 1, 0, ''),
(125, 'Fashion Geners', '', '', 0, 2, '', '', 0, '', 1, 0, ''),
(126, 'Sport & Swimwear', '', '', 75, 6, '', '', 0, '', 1, 0, '');

-- --------------------------------------------------------

--
-- 表的结构 `mb_cat_recommend`
--

CREATE TABLE IF NOT EXISTS `mb_cat_recommend` (
  `cat_id` smallint(5) NOT NULL,
  `recommend_type` tinyint(1) NOT NULL,
  PRIMARY KEY (`cat_id`,`recommend_type`)
) ENGINE=MyISAM DEFAULT CHARSET=utf8;

--
-- 转存表中的数据 `mb_cat_recommend`
--

INSERT INTO `mb_cat_recommend` (`cat_id`, `recommend_type`) VALUES
(16, 1),
(16, 2),
(16, 3),
(19, 1),
(19, 2),
(19, 3),
(35, 1),
(35, 2),
(35, 3),
(55, 1),
(55, 2),
(55, 3),
(56, 1),
(56, 2),
(56, 3),
(72, 1),
(72, 2),
(72, 3),
(75, 1),
(75, 2),
(75, 3);

-- --------------------------------------------------------

--
-- 表的结构 `mb_collect_goods`
--

CREATE TABLE IF NOT EXISTS `mb_collect_goods` (
  `rec_id` mediumint(8) unsigned NOT NULL AUTO_INCREMENT,
  `user_id` mediumint(8) unsigned NOT NULL DEFAULT '0',
  `goods_id` mediumint(8) unsigned NOT NULL DEFAULT '0',
  `add_time` int(11) unsigned NOT NULL DEFAULT '0',
  `is_attention` tinyint(1) NOT NULL DEFAULT '0',
  PRIMARY KEY (`rec_id`),
  KEY `user_id` (`user_id`),
  KEY `goods_id` (`goods_id`),
  KEY `is_attention` (`is_attention`)
) ENGINE=MyISAM  DEFAULT CHARSET=utf8 AUTO_INCREMENT=4 ;

--
-- 转存表中的数据 `mb_collect_goods`
--

INSERT INTO `mb_collect_goods` (`rec_id`, `user_id`, `goods_id`, `add_time`, `is_attention`) VALUES
(1, 3, 61, 1418804466, 0),
(2, 3, 60, 1418804479, 0),
(3, 8, 76, 1423104925, 0);

-- --------------------------------------------------------

--
-- 表的结构 `mb_comment`
--

CREATE TABLE IF NOT EXISTS `mb_comment` (
  `comment_id` int(10) unsigned NOT NULL AUTO_INCREMENT,
  `comment_type` tinyint(3) unsigned NOT NULL DEFAULT '0',
  `id_value` mediumint(8) unsigned NOT NULL DEFAULT '0',
  `email` varchar(60) NOT NULL DEFAULT '',
  `user_name` varchar(60) NOT NULL DEFAULT '',
  `content` text NOT NULL,
  `comment_rank` tinyint(1) unsigned NOT NULL DEFAULT '0',
  `add_time` int(10) unsigned NOT NULL DEFAULT '0',
  `ip_address` varchar(15) NOT NULL DEFAULT '',
  `status` tinyint(3) unsigned NOT NULL DEFAULT '0',
  `parent_id` int(10) unsigned NOT NULL DEFAULT '0',
  `user_id` int(10) unsigned NOT NULL DEFAULT '0',
  PRIMARY KEY (`comment_id`),
  KEY `parent_id` (`parent_id`),
  KEY `id_value` (`id_value`)
) ENGINE=MyISAM  DEFAULT CHARSET=utf8 AUTO_INCREMENT=8 ;

-- --------------------------------------------------------

--
-- 表的结构 `mb_crons`
--

CREATE TABLE IF NOT EXISTS `mb_crons` (
  `cron_id` tinyint(3) unsigned NOT NULL AUTO_INCREMENT,
  `cron_code` varchar(20) NOT NULL,
  `cron_name` varchar(120) NOT NULL,
  `cron_desc` text,
  `cron_order` tinyint(3) unsigned NOT NULL DEFAULT '0',
  `cron_config` text NOT NULL,
  `thistime` int(10) NOT NULL DEFAULT '0',
  `nextime` int(10) NOT NULL,
  `day` tinyint(2) NOT NULL,
  `week` varchar(1) NOT NULL,
  `hour` varchar(2) NOT NULL,
  `minute` varchar(255) NOT NULL,
  `enable` tinyint(1) NOT NULL DEFAULT '1',
  `run_once` tinyint(1) NOT NULL DEFAULT '0',
  `allow_ip` varchar(100) NOT NULL DEFAULT '',
  `alow_files` varchar(255) NOT NULL,
  PRIMARY KEY (`cron_id`),
  KEY `nextime` (`nextime`),
  KEY `enable` (`enable`),
  KEY `cron_code` (`cron_code`)
) ENGINE=MyISAM  DEFAULT CHARSET=utf8 AUTO_INCREMENT=3 ;

--
-- 转存表中的数据 `mb_crons`
--

INSERT INTO `mb_crons` (`cron_id`, `cron_code`, `cron_name`, `cron_desc`, `cron_order`, `cron_config`, `thistime`, `nextime`, `day`, `week`, `hour`, `minute`, `enable`, `run_once`, `allow_ip`, `alow_files`) VALUES
(1, 'auto_manage', '自动处理', '自动处理商品的上架下架,和文章的发布取消', 0, 'a:1:{i:0;a:3:{s:4:"name";s:17:"auto_manage_count";s:4:"type";s:6:"select";s:5:"value";s:1:"5";}}', 1423105096, 1423105096, 0, '', '0', '', 1, 0, '', ''),
(2, 'ipdel', '浏览日志删除', '删除浏览日志', 0, 'a:1:{i:0;a:3:{s:4:"name";s:9:"ipdel_day";s:4:"type";s:6:"select";s:5:"value";s:2:"30";}}', 1423105096, 1423105096, 0, '', '0', '', 1, 0, '', '');

-- --------------------------------------------------------

--
-- 表的结构 `mb_delivery_goods`
--

CREATE TABLE IF NOT EXISTS `mb_delivery_goods` (
  `rec_id` mediumint(8) unsigned NOT NULL AUTO_INCREMENT,
  `delivery_id` mediumint(8) unsigned NOT NULL DEFAULT '0',
  `goods_id` mediumint(8) unsigned NOT NULL DEFAULT '0',
  `goods_name` varchar(120) DEFAULT NULL,
  `brand_name` varchar(60) DEFAULT NULL,
  `goods_sn` varchar(60) DEFAULT NULL,
  `is_real` tinyint(1) unsigned DEFAULT '0',
  `extension_code` varchar(30) DEFAULT NULL,
  `parent_id` mediumint(8) unsigned DEFAULT '0',
  `send_number` smallint(5) unsigned DEFAULT '0',
  `goods_attr` text,
  `product_id` mediumint(8) unsigned NOT NULL DEFAULT '0',
  `product_sn` varchar(60) DEFAULT NULL,
  PRIMARY KEY (`rec_id`),
  KEY `delivery_id` (`delivery_id`,`goods_id`),
  KEY `goods_id` (`goods_id`)
) ENGINE=MyISAM  DEFAULT CHARSET=utf8 AUTO_INCREMENT=22 ;

--
-- 转存表中的数据 `mb_delivery_goods`
--

INSERT INTO `mb_delivery_goods` (`rec_id`, `delivery_id`, `goods_id`, `goods_name`, `brand_name`, `goods_sn`, `is_real`, `extension_code`, `parent_id`, `send_number`, `goods_attr`, `product_id`, `product_sn`) VALUES
(1, 1, 13, '诺基亚5320 XpressMusic', '诺基亚', 'ECS000013', 1, '', 0, 3, NULL, 0, NULL),
(2, 1, 14, '诺基亚5800XM', '诺基亚', 'ECS000014', 1, '', 0, 1, NULL, 0, NULL),
(3, 2, 24, 'P806', '联想', 'ECS000024', 1, '', 0, 3, NULL, 0, NULL),
(4, 2, 9, '诺基亚E66', '诺基亚', 'ECS000009', 1, '', 0, 1, NULL, 0, NULL),
(5, 3, 24, 'P806', '联想', 'ECS000024', 1, '', 0, 1, NULL, 0, NULL),
(6, 3, 8, '飞利浦9@9v', '飞利浦', 'ECS000008', 1, '', 0, 3, NULL, 0, NULL),
(7, 4, 12, '摩托罗拉A810', '摩托罗拉', 'ECS000012', 1, '', 0, 2, NULL, 0, NULL),
(8, 5, 24, 'P806', '联想', 'ECS000024', 1, '', 0, 1, NULL, 0, NULL),
(9, 6, 49, '模板堂测试商品17', '', 'ECS000049', 1, NULL, 0, 1, '', 0, ''),
(10, 6, 54, '模板堂测试商品21', '', 'ECS000054', 1, NULL, 0, 1, '', 0, ''),
(11, 6, 50, '模板堂测试商品18', '', 'ECS000050', 1, NULL, 0, 1, '', 0, ''),
(12, 6, 48, '模板堂测试商品16', '', 'ECS000048', 1, NULL, 0, 1, '', 0, ''),
(13, 7, 62, '模板堂测试商品', '索尼', 'ECS000062', 1, NULL, 0, 1, '', 0, ''),
(14, 7, 63, '模板堂测试商品', '索尼', 'ECS000063', 1, NULL, 0, 1, '', 0, ''),
(15, 7, 64, '模板堂测试商品', '索尼', 'ECS000064', 1, NULL, 0, 1, '', 0, ''),
(16, 7, 66, '模板堂测试商品', '索尼', 'ECS000066', 1, NULL, 0, 2, '', 0, ''),
(17, 7, 61, '模板堂测试商品', '索尼', 'ECS000061', 1, NULL, 0, 2, '', 0, ''),
(18, 7, 60, '模板堂测试商品', '索尼', 'ECS000060', 1, NULL, 0, 1, '', 0, ''),
(19, 7, 57, '模板堂测试商品', '索尼', 'ECS000057', 1, NULL, 0, 1, '', 0, ''),
(20, 8, 71, 'JACQUARD  FLARED SHIRT', '索尼', '000071', 1, NULL, 0, 1, '', 0, ''),
(21, 9, 71, 'JACQUARD  FLARED SHIRT', '索尼', '000071', 1, NULL, 0, 2, '', 0, '');

-- --------------------------------------------------------

--
-- 表的结构 `mb_delivery_order`
--

CREATE TABLE IF NOT EXISTS `mb_delivery_order` (
  `delivery_id` mediumint(8) unsigned NOT NULL AUTO_INCREMENT,
  `delivery_sn` varchar(20) NOT NULL,
  `order_sn` varchar(20) NOT NULL,
  `order_id` mediumint(8) unsigned NOT NULL DEFAULT '0',
  `invoice_no` varchar(50) DEFAULT NULL,
  `add_time` int(10) unsigned DEFAULT '0',
  `shipping_id` tinyint(3) unsigned DEFAULT '0',
  `shipping_name` varchar(120) DEFAULT NULL,
  `user_id` mediumint(8) unsigned DEFAULT '0',
  `action_user` varchar(30) DEFAULT NULL,
  `consignee` varchar(60) DEFAULT NULL,
  `address` varchar(250) DEFAULT NULL,
  `country` smallint(5) unsigned DEFAULT '0',
  `province` smallint(5) unsigned DEFAULT '0',
  `city` smallint(5) unsigned DEFAULT '0',
  `district` smallint(5) unsigned DEFAULT '0',
  `sign_building` varchar(120) DEFAULT NULL,
  `email` varchar(60) DEFAULT NULL,
  `zipcode` varchar(60) DEFAULT NULL,
  `tel` varchar(60) DEFAULT NULL,
  `mobile` varchar(60) DEFAULT NULL,
  `best_time` varchar(120) DEFAULT NULL,
  `postscript` varchar(255) DEFAULT NULL,
  `how_oos` varchar(120) DEFAULT NULL,
  `insure_fee` decimal(10,2) unsigned DEFAULT '0.00',
  `shipping_fee` decimal(10,2) unsigned DEFAULT '0.00',
  `update_time` int(10) unsigned DEFAULT '0',
  `suppliers_id` smallint(5) DEFAULT '0',
  `status` tinyint(1) unsigned NOT NULL DEFAULT '0',
  `agency_id` smallint(5) unsigned DEFAULT '0',
  PRIMARY KEY (`delivery_id`),
  KEY `user_id` (`user_id`),
  KEY `order_id` (`order_id`)
) ENGINE=MyISAM  DEFAULT CHARSET=utf8 AUTO_INCREMENT=10 ;

-- --------------------------------------------------------

--
-- 表的结构 `mb_email_list`
--

CREATE TABLE IF NOT EXISTS `mb_email_list` (
  `id` mediumint(8) NOT NULL AUTO_INCREMENT,
  `email` varchar(60) NOT NULL,
  `stat` tinyint(1) NOT NULL DEFAULT '0',
  `hash` varchar(10) NOT NULL,
  PRIMARY KEY (`id`)
) ENGINE=MyISAM DEFAULT CHARSET=utf8 AUTO_INCREMENT=1 ;

-- --------------------------------------------------------

--
-- 表的结构 `mb_email_sendlist`
--

CREATE TABLE IF NOT EXISTS `mb_email_sendlist` (
  `id` mediumint(8) NOT NULL AUTO_INCREMENT,
  `email` varchar(100) NOT NULL,
  `template_id` mediumint(8) NOT NULL,
  `email_content` text NOT NULL,
  `error` tinyint(1) NOT NULL DEFAULT '0',
  `pri` tinyint(10) NOT NULL,
  `last_send` int(10) NOT NULL,
  PRIMARY KEY (`id`)
) ENGINE=MyISAM DEFAULT CHARSET=utf8 AUTO_INCREMENT=1 ;

-- --------------------------------------------------------

--
-- 表的结构 `mb_error_log`
--

CREATE TABLE IF NOT EXISTS `mb_error_log` (
  `id` int(10) NOT NULL AUTO_INCREMENT,
  `info` varchar(255) NOT NULL,
  `file` varchar(100) NOT NULL,
  `time` int(10) NOT NULL,
  PRIMARY KEY (`id`),
  KEY `time` (`time`)
) ENGINE=MyISAM DEFAULT CHARSET=utf8 AUTO_INCREMENT=1 ;

-- --------------------------------------------------------

--
-- 表的结构 `mb_exchange_goods`
--

CREATE TABLE IF NOT EXISTS `mb_exchange_goods` (
  `goods_id` mediumint(8) unsigned NOT NULL DEFAULT '0',
  `exchange_integral` int(10) unsigned NOT NULL DEFAULT '0',
  `is_exchange` tinyint(1) unsigned NOT NULL DEFAULT '0',
  `is_hot` tinyint(1) unsigned NOT NULL DEFAULT '0',
  PRIMARY KEY (`goods_id`)
) ENGINE=MyISAM DEFAULT CHARSET=utf8;

--
-- 转存表中的数据 `mb_exchange_goods`
--

INSERT INTO `mb_exchange_goods` (`goods_id`, `exchange_integral`, `is_exchange`, `is_hot`) VALUES
(24, 17000, 1, 0),
(19, 80000, 1, 0),
(9, 1, 1, 1);

-- --------------------------------------------------------

--
-- 表的结构 `mb_favourable_activity`
--

CREATE TABLE IF NOT EXISTS `mb_favourable_activity` (
  `act_id` smallint(5) unsigned NOT NULL AUTO_INCREMENT,
  `act_name` varchar(255) NOT NULL,
  `start_time` int(10) unsigned NOT NULL,
  `end_time` int(10) unsigned NOT NULL,
  `user_rank` varchar(255) NOT NULL,
  `act_range` tinyint(3) unsigned NOT NULL,
  `act_range_ext` varchar(255) NOT NULL,
  `min_amount` decimal(10,2) unsigned NOT NULL,
  `max_amount` decimal(10,2) unsigned NOT NULL,
  `act_type` tinyint(3) unsigned NOT NULL,
  `act_type_ext` decimal(10,2) unsigned NOT NULL,
  `gift` text NOT NULL,
  `sort_order` tinyint(3) unsigned NOT NULL DEFAULT '50',
  PRIMARY KEY (`act_id`),
  KEY `act_name` (`act_name`)
) ENGINE=MyISAM  DEFAULT CHARSET=utf8 AUTO_INCREMENT=2 ;

--
-- 转存表中的数据 `mb_favourable_activity`
--

INSERT INTO `mb_favourable_activity` (`act_id`, `act_name`, `start_time`, `end_time`, `user_rank`, `act_range`, `act_range_ext`, `min_amount`, `max_amount`, `act_type`, `act_type_ext`, `gift`, `sort_order`) VALUES
(1, '5.1诺基亚优惠活动', 1241107200, 1253030400, '1,2', 2, '1', '500.00', '5000.00', 2, '95.00', 'a:0:{}', 50);

-- --------------------------------------------------------

--
-- 表的结构 `mb_feedback`
--

CREATE TABLE IF NOT EXISTS `mb_feedback` (
  `msg_id` mediumint(8) unsigned NOT NULL AUTO_INCREMENT,
  `parent_id` mediumint(8) unsigned NOT NULL DEFAULT '0',
  `user_id` mediumint(8) unsigned NOT NULL DEFAULT '0',
  `user_name` varchar(60) NOT NULL DEFAULT '',
  `user_email` varchar(60) NOT NULL DEFAULT '',
  `msg_title` varchar(200) NOT NULL DEFAULT '',
  `msg_type` tinyint(1) unsigned NOT NULL DEFAULT '0',
  `msg_status` tinyint(1) unsigned NOT NULL DEFAULT '0',
  `msg_content` text NOT NULL,
  `msg_time` int(10) unsigned NOT NULL DEFAULT '0',
  `message_img` varchar(255) NOT NULL DEFAULT '0',
  `order_id` int(11) unsigned NOT NULL DEFAULT '0',
  `msg_area` tinyint(1) unsigned NOT NULL DEFAULT '0',
  PRIMARY KEY (`msg_id`),
  KEY `user_id` (`user_id`)
) ENGINE=MyISAM  DEFAULT CHARSET=utf8 AUTO_INCREMENT=2 ;

--
-- 转存表中的数据 `mb_feedback`
--

INSERT INTO `mb_feedback` (`msg_id`, `parent_id`, `user_id`, `user_name`, `user_email`, `msg_title`, `msg_type`, `msg_status`, `msg_content`, `msg_time`, `message_img`, `order_id`, `msg_area`) VALUES
(1, 0, 1, 'ecshop', 'ecshop@ecshop.com', '三星SGH-F258什么时候到', 4, 0, '三星SGH-F258什么时候有货', 1242107197, '', 0, 0);

-- --------------------------------------------------------

--
-- 表的结构 `mb_friend_link`
--

CREATE TABLE IF NOT EXISTS `mb_friend_link` (
  `link_id` smallint(5) unsigned NOT NULL AUTO_INCREMENT,
  `link_name` varchar(255) NOT NULL DEFAULT '',
  `link_url` varchar(255) NOT NULL DEFAULT '',
  `link_logo` varchar(255) NOT NULL DEFAULT '',
  `show_order` tinyint(3) unsigned NOT NULL DEFAULT '50',
  PRIMARY KEY (`link_id`),
  KEY `show_order` (`show_order`)
) ENGINE=MyISAM  DEFAULT CHARSET=utf8 AUTO_INCREMENT=3 ;

-- --------------------------------------------------------

--
-- 表的结构 `mb_goods`
--

CREATE TABLE IF NOT EXISTS `mb_goods` (
  `goods_id` mediumint(8) unsigned NOT NULL AUTO_INCREMENT,
  `cat_id` smallint(5) unsigned NOT NULL DEFAULT '0',
  `goods_sn` varchar(60) NOT NULL DEFAULT '',
  `goods_name` varchar(120) NOT NULL DEFAULT '',
  `goods_name_style` varchar(60) NOT NULL DEFAULT '+',
  `click_count` int(10) unsigned NOT NULL DEFAULT '0',
  `brand_id` smallint(5) unsigned NOT NULL DEFAULT '0',
  `provider_name` varchar(100) NOT NULL DEFAULT '',
  `goods_number` smallint(5) unsigned NOT NULL DEFAULT '0',
  `goods_weight` decimal(10,3) unsigned NOT NULL DEFAULT '0.000',
  `market_price` decimal(10,2) unsigned NOT NULL DEFAULT '0.00',
  `shop_price` decimal(10,2) unsigned NOT NULL DEFAULT '0.00',
  `promote_price` decimal(10,2) unsigned NOT NULL DEFAULT '0.00',
  `promote_start_date` int(11) unsigned NOT NULL DEFAULT '0',
  `promote_end_date` int(11) unsigned NOT NULL DEFAULT '0',
  `warn_number` tinyint(3) unsigned NOT NULL DEFAULT '1',
  `keywords` varchar(255) NOT NULL DEFAULT '',
  `goods_brief` varchar(255) NOT NULL DEFAULT '',
  `goods_desc` text NOT NULL,
  `goods_thumb` varchar(255) NOT NULL DEFAULT '',
  `goods_front_cover` varchar(255) NOT NULL,
  `front_cover_thumb` varchar(225) NOT NULL,
  `goods_img` varchar(255) NOT NULL DEFAULT '',
  `original_img` varchar(255) NOT NULL DEFAULT '',
  `goods_sex` int(2) NOT NULL,
  `is_real` tinyint(3) unsigned NOT NULL DEFAULT '1',
  `extension_code` varchar(30) NOT NULL DEFAULT '',
  `is_on_sale` tinyint(1) unsigned NOT NULL DEFAULT '1',
  `is_alone_sale` tinyint(1) unsigned NOT NULL DEFAULT '1',
  `integral` int(10) unsigned NOT NULL DEFAULT '0',
  `add_time` int(10) unsigned NOT NULL DEFAULT '0',
  `sort_order` smallint(4) unsigned NOT NULL DEFAULT '100',
  `is_delete` tinyint(1) unsigned NOT NULL DEFAULT '0',
  `is_best` tinyint(1) unsigned NOT NULL DEFAULT '0',
  `is_new` tinyint(1) unsigned NOT NULL DEFAULT '0',
  `is_hot` tinyint(1) unsigned NOT NULL DEFAULT '0',
  `is_promote` tinyint(1) unsigned NOT NULL DEFAULT '0',
  `bonus_type_id` tinyint(3) unsigned NOT NULL DEFAULT '0',
  `last_update` int(10) unsigned NOT NULL DEFAULT '0',
  `goods_type` smallint(5) unsigned NOT NULL DEFAULT '0',
  `seller_note` varchar(255) NOT NULL DEFAULT '',
  `give_integral` int(11) NOT NULL DEFAULT '-1',
  `rank_integral` int(11) NOT NULL DEFAULT '-1',
  `suppliers_id` smallint(5) unsigned DEFAULT NULL,
  `is_check` tinyint(1) unsigned DEFAULT NULL,
  `is_shipping` tinyint(1) unsigned NOT NULL DEFAULT '0',
  `layer_type` varchar(50) NOT NULL,
  `z_index` int(11) NOT NULL DEFAULT '0',
  `youtube_url` varchar(100) NOT NULL DEFAULT '',
  `is_groupbuy` tinyint(4) NOT NULL DEFAULT '0',
  `group_start_date` int(11) NOT NULL DEFAULT '0',
  `group_end_date` int(11) NOT NULL DEFAULT '0',
  `goods_quantity` int(11) NOT NULL DEFAULT '0',
  `goods_saled` int(11) NOT NULL DEFAULT '0',
  `user_id` int(11) NOT NULL DEFAULT '0',
  PRIMARY KEY (`goods_id`),
  KEY `goods_sn` (`goods_sn`),
  KEY `cat_id` (`cat_id`),
  KEY `last_update` (`last_update`),
  KEY `brand_id` (`brand_id`),
  KEY `goods_weight` (`goods_weight`),
  KEY `promote_end_date` (`promote_end_date`),
  KEY `promote_start_date` (`promote_start_date`),
  KEY `goods_number` (`goods_number`),
  KEY `sort_order` (`sort_order`)
) ENGINE=MyISAM  DEFAULT CHARSET=utf8 AUTO_INCREMENT=82 ;

--
-- 转存表中的数据 `mb_goods`
--

INSERT INTO `mb_goods` (`goods_id`, `cat_id`, `goods_sn`, `goods_name`, `goods_name_style`, `click_count`, `brand_id`, `provider_name`, `goods_number`, `goods_weight`, `market_price`, `shop_price`, `promote_price`, `promote_start_date`, `promote_end_date`, `warn_number`, `keywords`, `goods_brief`, `goods_desc`, `goods_thumb`, `goods_front_cover`, `front_cover_thumb`, `goods_img`, `original_img`, `goods_sex`, `is_real`, `extension_code`, `is_on_sale`, `is_alone_sale`, `integral`, `add_time`, `sort_order`, `is_delete`, `is_best`, `is_new`, `is_hot`, `is_promote`, `bonus_type_id`, `last_update`, `goods_type`, `seller_note`, `give_integral`, `rank_integral`, `suppliers_id`, `is_check`, `is_shipping`, `layer_type`, `z_index`, `youtube_url`, `is_groupbuy`, `group_start_date`, `group_end_date`, `goods_quantity`, `goods_saled`, `user_id`) VALUES
(57, 75, 'ECS000057', '模板堂测试商品', '+', 119, 1, '', 11110, '0.000', '120.00', '100.00', '0.00', 0, 0, 1, '', '', '<p>韩版原创牛仔裙</p>\r\n<p>衣长78 肩 35 胸42 腰42 下摆64</p>', 'images/201412/thumb_img/57_thumb_G_1419598394023.jpg', 'images/201412/goods_front_cover/57_thumb_F_1419596682817.png', 'images/201412/front_cover_thumb/57_thumb_T_1419596682947.png', 'images/201412/goods_img/57_G_1419598394381.jpg', 'images/201412/source_img/57_G_1419598394356.png', 1, 1, '', 1, 1, 1, 1281251746, 100, 1, 1, 0, 0, 0, 0, 1420901399, 0, '', -1, -1, 0, NULL, 0, '', 0, '', 0, 0, 0, 0, 0, 0),
(58, 75, 'ECS000058', '模板堂测试商品', '+', 93, 1, '', 11111, '0.000', '120.00', '100.00', '0.00', 0, 0, 1, '', '', '<p>韩版原创牛仔裙</p>\r\n<p>衣长78 肩 35 胸42 腰42</p>', 'images/201103/thumb_img/58_thumb_G_1298969351752.jpg', 'images/201412/goods_front_cover/58_thumb_F_1419611668068.png', 'images/201412/front_cover_thumb/58_thumb_T_1419611668885.png', 'images/201103/goods_img/58_G_1298968990395.jpg', 'images/201103/source_img/58_G_1298968990672.jpg', 1, 1, '', 1, 1, 1, 1281251781, 100, 1, 1, 0, 0, 0, 0, 1420901399, 0, '', -1, -1, 0, NULL, 0, '', 0, '', 0, 0, 0, 0, 0, 0),
(56, 75, 'ECS000056', '模板堂测试商品', '+', 2, 1, '', 65535, '0.000', '120.00', '100.00', '0.00', 0, 0, 1, '', '', '<p>韩版原创牛仔裙</p>\r\n<p>衣长78 肩 35 胸42 腰42 下摆64</p>\r\n<p class="MsoNormal" sizcache="2" sizset="34" style="margin: 0cm 0cm 0pt; text-align: center"><font size="2"><span sizcache="2" sizset="51" style="font-size: small"><span lang="EN-US" sizcache="2" sizset="53"><span style="font-family: Times New Roman"><img height="600" alt="" width="400" src="./images/upload/Image/a.jpg" /></span></span></span></font></p>\r\n<p class="MsoNormal" sizcache="2" sizset="34" style="margin: 0cm 0cm 0pt; text-align: center">&nbsp;</p>\r\n<p class="MsoNormal" sizcache="2" sizset="34" style="margin: 0cm 0cm 0pt; text-align: center"><font size="2"><span sizcache="2" sizset="51" style="font-size: small"><span lang="EN-US" sizcache="2" sizset="53"><span style="font-family: Times New Roman"><img height="600" alt="" width="400" src="./images/upload/Image/b.jpg" /></span></span></span></font></p>', 'images/201008/thumb_img/56_thumb_G_1281251636623.jpg', '', '', 'images/201008/goods_img/56_G_1281251636358.jpg', 'images/201008/source_img/56_G_1281251636290.jpg', 1, 1, '', 1, 1, 1, 1281251636, 100, 1, 1, 0, 0, 0, 0, 1281263810, 0, '', -1, -1, 0, NULL, 0, '', 0, '', 0, 0, 0, 0, 0, 0),
(59, 75, 'ECS000059', '模板堂测试商品', '+', 46, 1, '', 11111, '0.000', '120.00', '100.00', '0.00', 0, 0, 1, '', '', '<p>韩版原创牛仔裙</p>\r\n<p>衣长78 肩 35 胸42 腰42 下摆64</p>', 'images/201103/thumb_img/59_thumb_G_1298969382880.jpg', 'images/201412/goods_front_cover/59_thumb_F_1419611634004.png', 'images/201412/front_cover_thumb/59_thumb_T_1419611634043.png', 'images/201103/goods_img/59_G_1298968979213.jpg', 'images/201103/source_img/59_G_1298968979750.jpg', 1, 1, '', 1, 1, 1, 1281251800, 100, 1, 1, 0, 0, 0, 0, 1420901399, 0, '', -1, -1, 0, NULL, 0, '', 0, '', 0, 0, 0, 0, 0, 0),
(60, 72, 'ECS000060', '模板堂测试商品', '+', 22, 1, '', 11110, '0.000', '120.00', '100.00', '0.00', 0, 0, 1, '', '', '<p>韩版原创牛仔裙</p>\r\n<p>衣长78 肩 35 胸42 腰42 下摆64</p>', 'images/201103/thumb_img/60_thumb_G_1298969443686.jpg', 'images/201412/goods_front_cover/60_thumb_F_1419614980529.png', 'images/201412/front_cover_thumb/60_thumb_T_1419614980535.png', 'images/201103/goods_img/60_G_1298968961229.jpg', 'images/201103/source_img/60_G_1298968961285.jpg', 1, 1, '', 1, 1, 1, 1281252048, 100, 1, 1, 0, 0, 0, 0, 1420901399, 0, '', -1, -1, 0, NULL, 0, '', 0, '', 0, 0, 0, 0, 0, 0),
(61, 72, 'ECS000061', '模板堂测试商品', '+', 286, 1, '', 1109, '0.000', '120.00', '100.00', '0.00', 0, 0, 1, '', '', '<p><span style="color: rgb(255, 255, 255); font-family: ''Helvetica Neue'', Helvetica, Arial, sans-serif; line-height: 14px; text-align: justify; background-color: rgb(50, 50, 50);">You can effortlessly cover both those bases thanks to this gen-pattern sweater dress. Its bodycon sillhouette and 3/4 length sleeves will hug your body in all the right places while keeping you warm and cozy.</span></p>', 'images/201412/1419171738539220669.png', '', '', 'images/201412/1419171738539220669.png', 'images/201412/source_img/61_G_1419171738169.png', 1, 1, '', 1, 1, 1, 1281252076, 100, 1, 1, 0, 0, 0, 0, 1420901399, 0, '', -1, -1, 0, NULL, 0, '', 0, '', 0, 0, 0, 0, 0, 0),
(62, 72, 'ECS000062', '模板堂测试商品', '+', 116, 1, '', 1110, '0.000', '120.00', '100.00', '0.00', 0, 0, 1, '', '', '<p>韩版原创牛仔裙</p>\r\n<p>衣长78 肩 35 胸42 腰42 下摆64</p>\r\n<p>&nbsp;</p>', 'images/201103/thumb_img/62_thumb_G_1298969468240.jpg', 'images/201412/goods_front_cover/62_thumb_F_1419611973013.png', 'images/201412/front_cover_thumb/62_thumb_T_1419611973240.png', 'images/201103/goods_img/62_G_1298968933497.jpg', 'images/201103/source_img/62_G_1298968933207.jpg', 1, 1, '', 1, 1, 1, 1281252102, 100, 1, 1, 0, 0, 0, 0, 1420901399, 0, '', -1, -1, 0, NULL, 0, '', 0, '', 0, 0, 0, 0, 0, 0),
(63, 72, 'ECS000063', 'MINIMALISM', '+', 112, 1, '', 1110, '0.000', '120.00', '100.00', '0.00', 0, 0, 1, '', 'Try resizing your browser window to see how the design responds to the various sizes. This theme is packed with features that make it easy for anyone.', '<p>韩版原创牛仔裙</p>\r\n<p>衣长78 肩 35 胸42 腰42 下摆64</p>', 'images/201412/thumb_img/63_thumb_G_1419006279782.jpg', 'images/201412/goods_front_cover/63_thumb_F_1419611517846.png', 'images/201412/front_cover_thumb/63_thumb_T_1419611517183.png', 'images/201412/goods_img/63_G_1419006279035.jpg', 'images/201412/source_img/63_G_1419006279620.png', 1, 1, '', 1, 1, 1, 1281252122, 1, 1, 1, 0, 0, 0, 0, 1420901399, 0, '', -1, -1, 0, NULL, 0, '', 0, '', 0, 0, 0, 0, 0, 0),
(68, 72, '000068', 'a', '+', 0, 1, '', 1, '0.000', '0.00', '0.00', '0.00', 0, 0, 1, '', '', '', '', '', '', '', '', 1, 1, '', 1, 1, 0, 1419063740, 100, 1, 0, 0, 0, 0, 0, 1419063740, 0, '', -1, -1, 0, NULL, 0, '', 0, '', 0, 0, 0, 0, 0, 0),
(64, 72, 'ECS000064', '模板堂测试商品', '+', 22, 1, '', 110, '0.000', '120.00', '100.00', '0.00', 0, 0, 1, '', '', '<p>韩版原创牛仔裙</p>\r\n<p>衣长78 肩 35 胸42 腰42 下摆64</p>', 'images/201412/1419171652515517735.png', 'images/201412/goods_front_cover/64_thumb_F_1419413303302.png', 'images/201412/front_cover_thumb/64_thumb_T_1419413303453.png', 'images/201412/1419171652515517735.png', 'images/201412/source_img/64_G_1419171652851.png', 1, 1, '', 1, 1, 1, 1281256630, 100, 1, 1, 0, 0, 0, 0, 1420901399, 0, '', -1, -1, 0, NULL, 0, '', 0, '', 0, 0, 0, 0, 0, 0),
(65, 72, 'ECS000065', '模板堂测试商品', '+', 0, 1, '', 1, '0.000', '120.00', '100.00', '0.00', 0, 0, 1, '', '', '<p>韩版原创牛仔裙</p>\r\n<p>衣长78 肩 35 胸42 腰42 下摆64</p>\r\n<p class="MsoNormal" sizcache="2" sizset="34" style="margin: 0cm 0cm 0pt; text-align: center"><font size="2"><span sizcache="2" sizset="51" style="font-size: small"><span lang="EN-US" sizcache="2" sizset="53"><span style="font-family: Times New Roman"><img height="600" alt="" width="400" src="../images/upload/Image/a.jpg" /></span></span></span></font></p>\r\n<p class="MsoNormal" sizcache="2" sizset="34" style="margin: 0cm 0cm 0pt; text-align: center">&nbsp;</p>\r\n<p class="MsoNormal" sizcache="2" sizset="34" style="margin: 0cm 0cm 0pt; text-align: center"><font size="2"><span sizcache="2" sizset="51" style="font-size: small"><span lang="EN-US" sizcache="2" sizset="53"><span style="font-family: Times New Roman"><img height="600" alt="" width="400" src="../images/upload/Image/b.jpg" /></span></span></span></font></p>', 'images/201008/thumb_img/65_thumb_G_1281256710848.jpg', '', '', 'images/201008/goods_img/65_G_1281256710360.jpg', 'images/201008/source_img/65_G_1281256710535.jpg', 1, 1, '', 1, 1, 1, 1281256710, 100, 1, 1, 0, 0, 0, 0, 1281256710, 0, '', -1, -1, 0, NULL, 0, '', 0, '', 0, 0, 0, 0, 0, 0),
(66, 72, 'ECS000066', '模板堂测试商品', '+', 109, 1, '', 109, '0.000', '120.00', '100.00', '0.00', 0, 0, 1, '', '', '<p>韩版原创牛仔裙</p>\r\n<p>衣长78 肩 35 胸42 腰42 下摆64</p>', 'images/201103/thumb_img/66_thumb_G_1298969508495.jpg', 'images/201412/goods_front_cover/66_thumb_F_1419615073721.png', 'images/201412/front_cover_thumb/66_thumb_T_1419615073758.png', 'images/201103/goods_img/66_G_1298968897991.jpg', 'images/201103/source_img/66_G_1298968897921.jpg', 1, 1, '', 1, 1, 1, 1281256736, 100, 1, 1, 0, 0, 0, 0, 1420901399, 0, '', -1, -1, 0, NULL, 0, '', 0, '', 0, 0, 0, 0, 0, 0),
(67, 72, 'ECS000067', '模板堂测试商品', '+', 93, 1, '', 111, '0.000', '120.00', '100.00', '0.00', 0, 0, 1, '的 啊', '', '<p>韩版原创牛仔裙</p>\r\n<p>衣长78 肩 35 胸42 腰42 下摆64</p>', 'images/201412/thumb_img/67_thumb_G_1419942848218.jpg', 'images/201501/goods_front_cover/67_thumb_F_1420114120475.png', 'images/201501/front_cover_thumb/67_thumb_T_1420114120320.png', 'images/201412/goods_img/67_G_1419942848143.jpg', 'images/201412/source_img/67_G_1419942848524.png', 1, 1, '', 1, 1, 1, 1281256767, 100, 1, 1, 0, 0, 0, 0, 1420901399, 12, '', -1, -1, 0, NULL, 0, '', 0, '', 0, 0, 0, 0, 0, 0),
(55, 75, 'ECS000000', '模板堂测试商品', '+', 5, 1, '', 11111, '0.000', '120.00', '100.00', '0.00', 0, 0, 1, '', '', '<p>韩版原创牛仔裙</p>\r\n<p>衣长78 肩 35 胸42 腰42 下摆64</p>\r\n<p class="MsoNormal" sizcache="2" sizset="34" style="margin: 0cm 0cm 0pt; text-align: center"><font size="2"><span sizcache="2" sizset="51" style="font-size: small"><span lang="EN-US" sizcache="2" sizset="53"><span style="font-family: Times New Roman"><img height="600" alt="" width="400" src="./images/upload/Image/a.jpg" /></span></span></span></font></p>\r\n<p class="MsoNormal" sizcache="2" sizset="34" style="margin: 0cm 0cm 0pt; text-align: center">&nbsp;</p>\r\n<p class="MsoNormal" sizcache="2" sizset="34" style="margin: 0cm 0cm 0pt; text-align: center"><font size="2"><span sizcache="2" sizset="51" style="font-size: small"><span lang="EN-US" sizcache="2" sizset="53"><span style="font-family: Times New Roman"><img height="600" alt="" width="400" src="./images/upload/Image/b.jpg" /></span></span></span></font></p>', 'images/201008/thumb_img/55_thumb_G_1281251392381.jpg', '', '', 'images/201008/goods_img/55_G_1281251392295.jpg', 'images/201008/source_img/55_G_1281251392937.jpg', 1, 1, '', 1, 1, 1, 1281251392, 100, 1, 1, 0, 0, 0, 0, 1281263820, 0, '', -1, -1, 0, NULL, 0, '', 0, '', 0, 0, 0, 0, 0, 0),
(69, 72, '商品货号001', '商品名称', '+', 5, 1, '', 1, '0.000', '120.00', '100.00', '0.00', 0, 0, 1, '', '', '', 'images/201412/thumb_img/69_thumb_G_1419077540601.jpg', '', '', 'images/201412/goods_img/69_G_1419077540673.jpg', 'images/201412/source_img/69_G_1419077540322.jpg', 1, 1, '', 1, 1, 1, 1419077540, 100, 1, 0, 0, 0, 0, 0, 1419087476, 0, '', -1, -1, 0, NULL, 0, '', 0, '', 0, 0, 0, 0, 0, 0),
(70, 72, '货号', '名称', '+', 1, 1, '', 1, '0.000', '0.00', '0.00', '0.00', 0, 0, 1, '', '', '', 'images/201412/thumb_img/70_thumb_G_1419077591543.jpg', '', '', 'images/201412/goods_img/70_G_1419077591321.jpg', 'images/201412/source_img/70_G_1419077591194.jpg', 1, 1, '', 1, 1, 0, 1419077591, 100, 1, 0, 0, 0, 0, 0, 1419087476, 0, '', -1, -1, 0, NULL, 0, '', 0, '', 0, 0, 0, 0, 0, 0),
(72, 75, 'cs000071', 'youtube.png', '+', 187, 0, '', 1, '0.000', '1905.60', '1588.00', '0.00', 0, 0, 1, '', '', '<p>&nbsp;test coat</p>', 'images/201501/thumb_img/72_thumb_G_1420917559989.jpg', 'images/201501/goods_front_cover/72_thumb_F_1420917819618.png', 'images/201501/front_cover_thumb/72_thumb_T_1420917819730.png', 'images/201501/goods_img/72_G_1420917559968.jpg', 'images/201501/source_img/72_G_1420917559262.png', 1, 1, '', 1, 1, 15, 1420903027, 100, 0, 1, 0, 0, 0, 0, 1423645873, 0, '', -1, -1, 0, NULL, 0, 'coat', 100, 'https://www.youtube.com/embed/FenKVtzRr0I', 0, 0, 0, 0, 0, 0),
(74, 75, 'cs000074', 'm-160-l-tshirt', '+', 27, 0, '', 1, '0.000', '1022.40', '852.00', '0.00', 0, 0, 1, '', '', '', 'images/201501/thumb_img/74_thumb_G_1420923879821.jpg', 'images/201501/goods_front_cover/74_thumb_F_1420924403039.png', 'images/201501/front_cover_thumb/74_thumb_T_1420924403968.png', 'images/201501/goods_img/74_G_1420923879208.jpg', 'images/201501/source_img/74_G_1420923879120.png', 1, 1, '', 1, 1, 8, 1420923879, 100, 0, 1, 0, 0, 0, 0, 1420924403, 0, '', -1, -1, 0, NULL, 0, 'underwear', 10, '', 0, 0, 0, 0, 0, 0),
(73, 75, 'cs000073', 'jacket-160-l.png', '+', 60, 0, '', 1, '0.000', '0.12', '0.10', '0.00', 0, 0, 1, '', '', '', 'images/201501/thumb_img/73_thumb_G_1420912203606.jpg', 'images/201501/goods_front_cover/73_thumb_F_1420917806530.png', 'images/201501/front_cover_thumb/73_thumb_T_1420917806150.png', 'images/201501/goods_img/73_G_1420912203063.jpg', 'images/201501/source_img/73_G_1420912203055.png', 1, 1, '', 1, 1, 8, 1420912203, 100, 0, 1, 1, 0, 0, 0, 1423254865, 0, '', -1, -1, 0, NULL, 0, 'coat', 100, '', 0, 0, 0, 0, 0, 0),
(75, 75, 'cs000075', 'm-160-l-legging.png', '+', 82, 0, '', 1, '0.000', '0.00', '99.00', '0.00', 0, 0, 1, '', '', '', 'images/201501/thumb_img/75_thumb_G_1420923941778.jpg', 'images/201501/goods_front_cover/75_thumb_F_1420924389042.png', 'images/201501/front_cover_thumb/75_thumb_T_1420924389564.png', 'images/201501/goods_img/75_G_1420923941894.jpg', 'images/201501/source_img/75_G_1420923941389.png', 1, 1, '', 1, 1, 0, 1420923941, 200, 0, 1, 0, 0, 0, 0, 1420924635, 0, '', -1, -1, 0, NULL, 0, 'trousers', 50, '', 0, 0, 0, 0, 0, 0),
(76, 72, 'cs000076', 'm-160-l-wear', '+', 169, 0, '', 1, '0.000', '189.60', '158.00', '0.00', 0, 0, 1, '', '', '', 'images/201501/thumb_img/76_thumb_G_1420924139452.jpg', 'images/201501/goods_front_cover/76_thumb_F_1420924374137.png', 'images/201501/front_cover_thumb/76_thumb_T_1420924374117.png', 'images/201501/goods_img/76_G_1420924139365.jpg', 'images/201501/source_img/76_G_1420924139046.png', 1, 1, '', 1, 1, 1, 1420924139, 100, 0, 1, 0, 0, 0, 0, 1420924374, 0, '', -1, -1, 0, NULL, 0, 'underwear', 10, '', 0, 0, 0, 0, 0, 0),
(77, 75, 'cs000077', '190 l long dress.png', '+', 7, 0, '', 1, '0.000', '1054.80', '879.00', '0.00', 0, 0, 1, '', '', '', 'images/201501/thumb_img/77_thumb_G_1422115196674.jpg', 'images/201501/goods_front_cover/77_thumb_F_1422115196624.png', 'images/201501/front_cover_thumb/77_thumb_T_1422115196130.png', 'images/201501/goods_img/77_G_1422115196967.jpg', 'images/201501/source_img/77_G_1422115196971.png', 2, 1, '', 1, 1, 0, 1422115196, 100, 0, 0, 0, 0, 0, 0, 1422116871, 0, '', -1, -1, 0, NULL, 0, 'underwear', 10, '', 0, 0, 0, 0, 0, 0),
(78, 75, 'cs000078', '190 l short dress.png', '+', 6, 0, '', 1, '0.000', '942.00', '785.00', '0.00', 0, 0, 1, '', '', '', 'images/201501/thumb_img/78_thumb_G_1422115237756.jpg', 'images/201501/goods_front_cover/78_thumb_F_1422115237428.png', 'images/201501/front_cover_thumb/78_thumb_T_1422115237550.png', 'images/201501/goods_img/78_G_1422115237520.jpg', 'images/201501/source_img/78_G_1422115237505.png', 2, 1, '', 1, 1, 0, 1422115237, 100, 0, 0, 0, 0, 0, 0, 1425692499, 0, '', -1, -1, 0, NULL, 0, 'coat', 100, '', 0, 0, 0, 0, 0, 25),
(79, 75, 'cs000079', '190 l short skirt.png', '+', 48, 0, '', 50, '0.000', '189.60', '158.00', '0.00', 0, 0, 1, '', '', '', 'images/201502/thumb_img/79_thumb_G_1424562185854.jpg', 'images/201502/goods_front_cover/79_thumb_F_1424562203435.png', 'images/201502/front_cover_thumb/79_thumb_T_1424562203793.png', 'images/201502/goods_img/79_G_1424562185102.jpg', 'images/201502/source_img/79_G_1424562185194.jpg', 2, 1, '', 1, 1, 0, 1422115254, 100, 0, 1, 0, 1, 0, 0, 1425692480, 0, '', -1, -1, 0, NULL, 0, 'trousers', 50, '', 1, 1424534400, 1425312000, 100, 2, 25),
(80, 75, 'cs000080', 'test', '+', 0, 0, '', 1, '0.000', '0.00', '0.00', '0.00', 0, 0, 1, '', '', '', '', '', '', '', '', 0, 1, '', 1, 1, 0, 1423645044, 100, 1, 0, 0, 0, 0, 0, 1423645063, 0, '', -1, -1, 0, NULL, 0, 'underwear', 10, 'abcde', 0, 0, 0, 0, 0, 0),
(81, 139, 'cs000081', 'tuangou', '+', 114, 0, '', 10, '0.000', '14.39', '12.00', '0.00', 0, 0, 1, '', '', '<p>&nbsp;12312312312312323123123</p>', 'images/201502/thumb_img/81_thumb_G_1425055500213.jpg', 'images/201502/goods_front_cover/81_thumb_F_1425055500176.png', 'images/201502/front_cover_thumb/81_thumb_T_1425055500002.png', 'images/201502/goods_img/81_G_1425055500389.jpg', 'images/201502/source_img/81_G_1425055500315.png', 1, 1, '', 1, 1, 0, 1425055500, 100, 0, 1, 0, 0, 0, 0, 1425692487, 0, '', -1, -1, 0, NULL, 0, 'coat', 100, 'https://www.youtube.com/embed/FenKVtzRr0I', 1, 1424966400, 1425312000, 10, 10, 25);

-- --------------------------------------------------------

--
-- 表的结构 `mb_goods_activity`
--

CREATE TABLE IF NOT EXISTS `mb_goods_activity` (
  `act_id` mediumint(8) unsigned NOT NULL AUTO_INCREMENT,
  `act_name` varchar(255) NOT NULL,
  `act_desc` text NOT NULL,
  `act_type` tinyint(3) unsigned NOT NULL,
  `goods_id` mediumint(8) unsigned NOT NULL,
  `goods_name` varchar(255) NOT NULL,
  `start_time` int(10) unsigned NOT NULL,
  `end_time` int(10) unsigned NOT NULL,
  `is_finished` tinyint(3) unsigned NOT NULL,
  `ext_info` text NOT NULL,
  `product_id` mediumint(8) unsigned NOT NULL DEFAULT '0',
  PRIMARY KEY (`act_id`),
  KEY `act_name` (`act_name`,`act_type`,`goods_id`)
) ENGINE=MyISAM  DEFAULT CHARSET=utf8 AUTO_INCREMENT=17 ;

--
-- 转存表中的数据 `mb_goods_activity`
--

INSERT INTO `mb_goods_activity` (`act_id`, `act_name`, `act_desc`, `act_type`, `goods_id`, `goods_name`, `start_time`, `end_time`, `is_finished`, `ext_info`, `product_id`) VALUES
(1, '夺宝奇兵之诺基亚N96', '新一轮的夺宝开始了\n本期是 诺基亚n96', 0, 23, '诺基亚N96', 1242107580, 1242193980, 0, 'a:4:{s:11:"start_price";s:4:"1.00";s:9:"end_price";s:6:"800.00";s:9:"max_price";i:0;s:11:"cost_points";s:1:"1";}', 0),
(2, '夺宝奇兵之夏新N7', '本期的夺宝奖品是 夏新N7', 0, 17, '夏新N7', 1242107820, 1250661420, 0, 'a:4:{s:11:"start_price";s:4:"1.00";s:9:"end_price";s:6:"800.00";s:9:"max_price";i:0;s:11:"cost_points";s:1:"1";}', 0),
(15, 'coat-160-l.png', '54564454162164', 1, 72, 'coat-160-l.png', 1420905600, 1431532800, 0, 'a:4:{s:12:"price_ladder";a:1:{i:0;a:2:{s:6:"amount";i:12;s:5:"price";d:10;}}s:15:"restrict_amount";i:50;s:13:"gift_integral";i:0;s:7:"deposit";d:100;}', 0),
(16, 'm-160-l-legging.png', '', 1, 75, 'm-160-l-legging.png', 1420905600, 1672848000, 0, 'a:4:{s:12:"price_ladder";a:1:{i:0;a:2:{s:6:"amount";i:20;s:5:"price";d:50;}}s:15:"restrict_amount";i:60;s:13:"gift_integral";i:0;s:7:"deposit";d:500;}', 0),
(4, '拍卖活动——索爱C702c', '', 2, 10, '索爱C702c', 1242144000, 1242403200, 0, 'a:5:{s:7:"deposit";d:0;s:11:"start_price";d:0;s:9:"end_price";i:0;s:9:"amplitude";d:20;s:6:"no_top";i:1;}', 0),
(5, '摩托罗拉E8 大礼包', '礼包大优惠', 4, 31, '摩托罗拉E8 ', 1242110400, 1252046400, 0, 'a:1:{s:13:"package_price";s:4:"1430";}', 0),
(6, '诺基亚N85大礼包', '诺基亚N85超值大礼包', 4, 32, '诺基亚N85', 1242110760, 1248936360, 0, 'a:1:{s:13:"package_price";s:4:"3150";}', 0),
(7, '拍卖活动——索爱C702c(第2期)', '拍卖活动————索爱C702c （第2期）', 2, 10, '索爱C702c', 1241712000, 1274803200, 0, 'a:5:{s:7:"deposit";d:50;s:11:"start_price";d:0;s:9:"end_price";i:0;s:9:"amplitude";d:50;s:6:"no_top";i:1;}', 0),
(13, '模板堂测试商品', '', 1, 57, '模板堂测试商品', 1388073600, 1451404800, 0, 'a:4:{s:12:"price_ladder";a:1:{i:0;a:2:{s:6:"amount";i:1;s:5:"price";d:1;}}s:15:"restrict_amount";i:9999;s:13:"gift_integral";i:0;s:7:"deposit";d:0;}', 0);

-- --------------------------------------------------------

--
-- 表的结构 `mb_goods_article`
--

CREATE TABLE IF NOT EXISTS `mb_goods_article` (
  `goods_id` mediumint(8) unsigned NOT NULL DEFAULT '0',
  `article_id` mediumint(8) unsigned NOT NULL DEFAULT '0',
  `admin_id` tinyint(3) unsigned NOT NULL DEFAULT '0',
  PRIMARY KEY (`goods_id`,`article_id`,`admin_id`)
) ENGINE=MyISAM DEFAULT CHARSET=utf8;

-- --------------------------------------------------------

--
-- 表的结构 `mb_goods_attr`
--

CREATE TABLE IF NOT EXISTS `mb_goods_attr` (
  `goods_attr_id` int(10) unsigned NOT NULL AUTO_INCREMENT,
  `goods_id` mediumint(8) unsigned NOT NULL DEFAULT '0',
  `attr_id` smallint(5) unsigned NOT NULL DEFAULT '0',
  `attr_value` text NOT NULL,
  `attr_price` varchar(255) NOT NULL DEFAULT '',
  PRIMARY KEY (`goods_attr_id`),
  KEY `goods_id` (`goods_id`),
  KEY `attr_id` (`attr_id`)
) ENGINE=MyISAM  DEFAULT CHARSET=utf8 AUTO_INCREMENT=241 ;

--
-- 转存表中的数据 `mb_goods_attr`
--

INSERT INTO `mb_goods_attr` (`goods_attr_id`, `goods_id`, `attr_id`, `attr_value`, `attr_price`) VALUES
(239, 67, 212, '的', '0'),
(240, 67, 213, '啊', '0');

-- --------------------------------------------------------

--
-- 表的结构 `mb_goods_cat`
--

CREATE TABLE IF NOT EXISTS `mb_goods_cat` (
  `goods_id` mediumint(8) unsigned NOT NULL DEFAULT '0',
  `cat_id` smallint(5) unsigned NOT NULL DEFAULT '0',
  PRIMARY KEY (`goods_id`,`cat_id`)
) ENGINE=MyISAM DEFAULT CHARSET=utf8;

--
-- 转存表中的数据 `mb_goods_cat`
--

INSERT INTO `mb_goods_cat` (`goods_id`, `cat_id`) VALUES
(72, 72),
(72, 116),
(72, 118),
(73, 72),
(73, 113),
(73, 115),
(73, 116),
(73, 117),
(74, 72),
(74, 113),
(74, 116),
(74, 117),
(75, 113),
(75, 115),
(75, 116),
(75, 118),
(76, 116),
(81, 139);

-- --------------------------------------------------------

--
-- 表的结构 `mb_goods_gallery`
--

CREATE TABLE IF NOT EXISTS `mb_goods_gallery` (
  `img_id` mediumint(8) unsigned NOT NULL AUTO_INCREMENT,
  `goods_id` mediumint(8) unsigned NOT NULL DEFAULT '0',
  `img_url` varchar(255) NOT NULL DEFAULT '',
  `img_desc` varchar(255) NOT NULL DEFAULT '',
  `thumb_url` varchar(255) NOT NULL DEFAULT '',
  `img_original` varchar(255) NOT NULL DEFAULT '',
  PRIMARY KEY (`img_id`),
  KEY `goods_id` (`goods_id`)
) ENGINE=MyISAM  DEFAULT CHARSET=utf8 AUTO_INCREMENT=165 ;

--
-- 转存表中的数据 `mb_goods_gallery`
--

INSERT INTO `mb_goods_gallery` (`img_id`, `goods_id`, `img_url`, `img_desc`, `thumb_url`, `img_original`) VALUES
(103, 67, 'images/201412/goods_img/67_P_1419153767400.png', '', '', 'images/201412/source_img/67_P_1419153767153.png'),
(104, 67, 'images/201412/goods_img/67_P_1419154764450.png', '', '', 'images/201412/source_img/67_P_1419154764442.png'),
(80, 66, 'images/201103/goods_img/66_P_1298968897131.jpg', '', 'images/201103/thumb_img/66_thumb_P_1298968897725.jpg', 'images/201103/source_img/66_P_1298968897195.jpg'),
(76, 65, 'images/201008/goods_img/65_P_1281256710058.jpg', '', 'images/201008/thumb_img/65_thumb_P_1281256710436.jpg', 'images/201008/source_img/65_P_1281256710735.jpg'),
(81, 64, 'images/201103/goods_img/64_P_1298968908142.jpg', '', 'images/201103/thumb_img/64_thumb_P_1298968908351.jpg', 'images/201103/source_img/64_P_1298968908657.jpg'),
(85, 60, 'images/201103/goods_img/60_P_1298968961609.jpg', '', 'images/201103/thumb_img/60_thumb_P_1298968961653.jpg', 'images/201103/source_img/60_P_1298968961911.jpg'),
(66, 55, 'images/201008/goods_img/55_P_1281251392635.jpg', '', 'images/201008/thumb_img/55_thumb_P_1281251392645.jpg', 'images/201008/source_img/55_P_1281251392130.jpg'),
(67, 56, 'images/201008/goods_img/56_P_1281251636233.jpg', '', 'images/201008/thumb_img/56_thumb_P_1281251636046.jpg', 'images/201008/source_img/56_P_1281251636235.jpg'),
(88, 57, 'images/201103/goods_img/57_P_1298969001897.jpg', '', 'images/201103/thumb_img/57_thumb_P_1298969001353.jpg', 'images/201103/source_img/57_P_1298969001738.jpg'),
(87, 58, 'images/201103/goods_img/58_P_1298968990047.jpg', '', 'images/201103/thumb_img/58_thumb_P_1298968990535.jpg', 'images/201103/source_img/58_P_1298968990365.jpg'),
(86, 59, 'images/201103/goods_img/59_P_1298968979812.jpg', '', 'images/201103/thumb_img/59_thumb_P_1298968979719.jpg', 'images/201103/source_img/59_P_1298968979524.jpg'),
(84, 61, 'images/201103/goods_img/61_P_1298968947552.jpg', '', 'images/201103/thumb_img/61_thumb_P_1298968947130.jpg', 'images/201103/source_img/61_P_1298968947538.jpg'),
(83, 62, 'images/201103/goods_img/62_P_1298968933302.jpg', '', 'images/201103/thumb_img/62_thumb_P_1298968933238.jpg', 'images/201103/source_img/62_P_1298968933807.jpg'),
(82, 63, 'images/201103/goods_img/63_P_1298968918102.jpg', '', 'images/201103/thumb_img/63_thumb_P_1298968918221.jpg', 'images/201103/source_img/63_P_1298968918244.jpg'),
(89, 63, 'images/201412/goods_img/63_P_1418650398857.jpg', '', 'images/201412/thumb_img/63_thumb_P_1418650398968.jpg', 'images/201412/source_img/63_P_1418650398341.jpg'),
(90, 61, 'images/201412/goods_img/61_P_1418728147254.jpg', '', 'images/201412/thumb_img/61_thumb_P_1418728147170.jpg', 'images/201412/source_img/61_P_1418728147265.jpg'),
(91, 61, 'images/201412/goods_img/61_P_1418749041128.jpg', '', 'images/201412/thumb_img/61_thumb_P_1418749041541.jpg', 'images/201412/source_img/61_P_1418749041837.jpg'),
(143, 67, 'images/201412/goods_img/67_P_1419942848123.png', '', 'images/201412/thumb_img/67_thumb_P_1419942848545.jpg', 'images/201412/source_img/67_P_1419942848354.png'),
(142, 67, 'images/201412/goods_img/67_P_1419942826752.png', '', 'images/201412/thumb_img/67_thumb_P_1419942826962.jpg', 'images/201412/source_img/67_P_1419942826577.png'),
(94, 63, 'images/201412/goods_img/63_P_1419000938138.png', '', 'images/201412/thumb_img/63_thumb_P_1419000938631.jpg', 'images/201412/source_img/63_P_1419000938451.png'),
(95, 61, 'images/201412/goods_img/61_P_1419006127387.png', '', 'images/201412/thumb_img/61_thumb_P_1419006127141.jpg', 'images/201412/source_img/61_P_1419006127003.png'),
(96, 61, 'images/201412/goods_img/61_P_1419006248476.png', '', 'images/201412/thumb_img/61_thumb_P_1419006248303.jpg', 'images/201412/source_img/61_P_1419006248172.png'),
(97, 63, 'images/201412/goods_img/63_P_1419006279476.png', '', 'images/201412/thumb_img/63_thumb_P_1419006279477.jpg', 'images/201412/source_img/63_P_1419006279091.png'),
(98, 69, 'images/201412/goods_img/69_P_1419077540470.jpg', '', 'images/201412/thumb_img/69_thumb_P_1419077540952.jpg', 'images/201412/source_img/69_P_1419077540208.jpg'),
(99, 70, 'images/201412/goods_img/70_P_1419077591104.jpg', '', 'images/201412/thumb_img/70_thumb_P_1419077591049.jpg', 'images/201412/source_img/70_P_1419077591669.jpg'),
(100, 63, 'images/201412/goods_img/63_P_1419093311444.png', '', 'images/201412/thumb_img/63_thumb_P_1419093311036.jpg', 'images/201412/source_img/63_P_1419093311044.png'),
(105, 67, 'images/201412/goods_img/67_P_1419154809626.png', '', '', 'images/201412/source_img/67_P_1419154809440.png'),
(106, 67, 'images/201412/goods_img/67_P_1419155134136.png', '', '', 'images/201412/source_img/67_P_1419155134311.png'),
(107, 67, 'images/201412/goods_img/67_P_1419155637527.png', '', '', 'images/201412/source_img/67_P_1419155637382.png'),
(108, 67, 'images/201412/goods_img/67_P_1419156209931.png', '', '', 'images/201412/source_img/67_P_1419156209084.png'),
(109, 67, 'images/201412/goods_img/67_P_1419156221698.png', '', '', 'images/201412/source_img/67_P_1419156221664.png'),
(110, 67, 'images/201412/goods_img/67_P_1419156246583.png', '', '', 'images/201412/source_img/67_P_1419156246849.png'),
(111, 67, 'images/201412/goods_img/67_P_1419156343778.png', '', '', 'images/201412/source_img/67_P_1419156343496.png'),
(120, 64, 'images/201412/goods_img/64_P_1419171652329.png', '', '', 'images/201412/source_img/64_P_1419171652843.png'),
(121, 61, 'images/201412/goods_img/61_P_1419171738104.png', '', '', 'images/201412/source_img/61_P_1419171738073.png'),
(140, 57, 'images/201412/goods_img/57_P_1419598394926.png', '', 'images/201412/thumb_img/57_thumb_P_1419598394366.jpg', 'images/201412/source_img/57_P_1419598394845.png'),
(139, 57, 'images/201412/goods_img/57_P_1419598346545.png', '', 'images/201412/thumb_img/57_thumb_P_1419598346854.jpg', 'images/201412/source_img/57_P_1419598346068.png'),
(145, 72, 'images/201501/goods_img/72_P_1420903071773.jpg', '', 'images/201501/thumb_img/72_thumb_P_1420903071168.jpg', 'images/201501/source_img/72_P_1420903071360.jpg'),
(144, 72, 'images/201501/goods_img/72_P_1420903028561.jpg', '', 'images/201501/thumb_img/72_thumb_P_1420903028176.jpg', 'images/201501/source_img/72_P_1420903028088.jpg'),
(146, 72, 'images/201501/goods_img/72_P_1420903081237.jpg', '', 'images/201501/thumb_img/72_thumb_P_1420903081244.jpg', 'images/201501/source_img/72_P_1420903081909.jpg'),
(147, 72, 'images/201501/goods_img/72_P_1420903108899.jpg', '', 'images/201501/thumb_img/72_thumb_P_1420903108481.jpg', 'images/201501/source_img/72_P_1420903108815.jpg'),
(148, 72, 'images/201501/goods_img/72_P_1420903108068.jpg', '', 'images/201501/thumb_img/72_thumb_P_1420903108889.jpg', 'images/201501/source_img/72_P_1420903108860.jpg'),
(149, 72, 'images/201501/goods_img/72_P_1420903108754.jpg', '', 'images/201501/thumb_img/72_thumb_P_1420903108443.jpg', 'images/201501/source_img/72_P_1420903108372.jpg'),
(150, 72, 'images/201501/goods_img/72_P_1420903109007.jpg', '', 'images/201501/thumb_img/72_thumb_P_1420903109668.jpg', 'images/201501/source_img/72_P_1420903109460.jpg'),
(151, 72, 'images/201501/goods_img/72_P_1420903109059.jpg', '', 'images/201501/thumb_img/72_thumb_P_1420903109548.jpg', 'images/201501/source_img/72_P_1420903109595.jpg'),
(152, 72, 'images/201501/goods_img/72_P_1420903403946.jpg', '', 'images/201501/thumb_img/72_thumb_P_1420903403693.jpg', 'images/201501/source_img/72_P_1420903403322.jpg'),
(153, 73, 'images/201501/goods_img/73_P_1420912203689.png', '', 'images/201501/thumb_img/73_thumb_P_1420912203567.jpg', 'images/201501/source_img/73_P_1420912203278.png'),
(154, 72, 'images/201501/goods_img/72_P_1420917559736.png', '', 'images/201501/thumb_img/72_thumb_P_1420917559168.jpg', 'images/201501/source_img/72_P_1420917559244.png'),
(155, 74, 'images/201501/goods_img/74_P_1420923879916.png', '', 'images/201501/thumb_img/74_thumb_P_1420923879810.jpg', 'images/201501/source_img/74_P_1420923879987.png'),
(156, 75, 'images/201501/goods_img/75_P_1420923941302.png', '', 'images/201501/thumb_img/75_thumb_P_1420923941934.jpg', 'images/201501/source_img/75_P_1420923941932.png'),
(157, 76, 'images/201501/goods_img/76_P_1420924139262.png', '', 'images/201501/thumb_img/76_thumb_P_1420924139703.jpg', 'images/201501/source_img/76_P_1420924139008.png'),
(158, 77, 'images/201501/goods_img/77_P_1422115196219.png', '', 'images/201501/thumb_img/77_thumb_P_1422115196292.jpg', 'images/201501/source_img/77_P_1422115196879.png'),
(159, 78, 'images/201501/goods_img/78_P_1422115237730.png', '', 'images/201501/thumb_img/78_thumb_P_1422115237931.jpg', 'images/201501/source_img/78_P_1422115237907.png'),
(160, 79, 'images/201501/goods_img/79_P_1422115254672.png', '', 'images/201501/thumb_img/79_thumb_P_1422115254385.jpg', 'images/201501/source_img/79_P_1422115254521.png'),
(163, 81, 'images/201502/goods_img/81_P_1425055500729.png', '', 'images/201502/thumb_img/81_thumb_P_1425055500866.jpg', 'images/201502/source_img/81_P_1425055500246.png'),
(162, 79, 'images/201502/goods_img/79_P_1424562185631.jpg', '', 'images/201502/thumb_img/79_thumb_P_1424562185756.jpg', 'images/201502/source_img/79_P_1424562185545.jpg'),
(164, 81, 'images/201502/goods_img/81_P_1425055500847.png', '', 'images/201502/thumb_img/81_thumb_P_1425055500021.jpg', 'images/201502/source_img/81_P_1425055500193.png');

-- --------------------------------------------------------

--
-- 表的结构 `mb_goods_type`
--

CREATE TABLE IF NOT EXISTS `mb_goods_type` (
  `cat_id` smallint(5) unsigned NOT NULL AUTO_INCREMENT,
  `cat_name` varchar(60) NOT NULL DEFAULT '',
  `enabled` tinyint(1) unsigned NOT NULL DEFAULT '1',
  `attr_group` varchar(255) NOT NULL,
  PRIMARY KEY (`cat_id`)
) ENGINE=MyISAM  DEFAULT CHARSET=utf8 AUTO_INCREMENT=13 ;

--
-- 转存表中的数据 `mb_goods_type`
--

INSERT INTO `mb_goods_type` (`cat_id`, `cat_name`, `enabled`, `attr_group`) VALUES
(12, '性别', 1, '');

-- --------------------------------------------------------

--
-- 表的结构 `mb_group_goods`
--

CREATE TABLE IF NOT EXISTS `mb_group_goods` (
  `parent_id` mediumint(8) unsigned NOT NULL DEFAULT '0',
  `goods_id` mediumint(8) unsigned NOT NULL DEFAULT '0',
  `goods_price` decimal(10,2) unsigned NOT NULL DEFAULT '0.00',
  `admin_id` tinyint(3) unsigned NOT NULL DEFAULT '0',
  PRIMARY KEY (`parent_id`,`goods_id`,`admin_id`)
) ENGINE=MyISAM DEFAULT CHARSET=utf8;

--
-- 转存表中的数据 `mb_group_goods`
--

INSERT INTO `mb_group_goods` (`parent_id`, `goods_id`, `goods_price`, `admin_id`) VALUES
(61, 60, '900.00', 1),
(61, 64, '9000.00', 1),
(67, 62, '100.00', 1),
(61, 63, '900.00', 1);

-- --------------------------------------------------------

--
-- 表的结构 `mb_keywords`
--

CREATE TABLE IF NOT EXISTS `mb_keywords` (
  `date` date NOT NULL DEFAULT '0000-00-00',
  `searchengine` varchar(20) NOT NULL DEFAULT '',
  `keyword` varchar(90) NOT NULL DEFAULT '',
  `count` mediumint(8) unsigned NOT NULL DEFAULT '0',
  PRIMARY KEY (`date`,`searchengine`,`keyword`)
) ENGINE=MyISAM DEFAULT CHARSET=utf8;

--
-- 转存表中的数据 `mb_keywords`
--

INSERT INTO `mb_keywords` (`date`, `searchengine`, `keyword`, `count`) VALUES
('2009-04-21', 'ecshop', '诺基亚', 1),
('2009-04-27', 'ecshop', '智能手机', 1),
('2009-05-04', 'ecshop', '斤', 1),
('2009-05-10', 'ecshop', '诺基亚', 1),
('2009-05-11', 'ecshop', '智能手机', 1),
('2009-05-11', 'ecshop', '诺基亚', 1),
('2009-05-12', 'ecshop', '三星', 1),
('2009-05-12', 'ecshop', '智能手机', 1),
('2009-05-12', 'ecshop', 'p806', 1),
('2009-05-12', 'ecshop', '诺基亚', 1),
('2009-05-12', 'ecshop', '夏新', 1),
('2009-05-18', 'ecshop', '52', 2),
('2009-05-22', 'ecshop', 'p', 1),
('2009-09-10', 'ecshop', 'ECS000019', 19),
('2010-02-03', 'ecshop', '123', 1),
('2010-08-08', 'ecshop', '1234567', 1),
('2010-08-08', 'ecshop', '11111', 1),
('2010-08-08', 'ecshop', '佳能相机', 1),
('2011-03-01', 'ecshop', '11', 1),
('2014-12-16', 'ecshop', '移动硬盘', 1),
('2014-12-16', 'ecshop', '电风扇', 1),
('2014-12-16', 'ecshop', '瑞士军刀', 1),
('2015-02-13', 'ecshop', 'png', 1),
('2015-02-13', 'ecshop', 'w', 2),
('2015-02-13', 'ecshop', '190', 2),
('2015-02-13', 'ecshop', '180', 1),
('2015-02-14', 'ecshop', 'fashion', 1),
('2015-02-14', 'ecshop', 'STYLELCON', 1),
('2015-02-14', 'ecshop', '190', 9),
('2015-02-14', 'ecshop', 'short', 1),
('2015-02-14', 'ecshop', '160', 1),
('2015-02-14', 'ecshop', 'cs000074', 1);

-- --------------------------------------------------------

--
-- 表的结构 `mb_link_goods`
--

CREATE TABLE IF NOT EXISTS `mb_link_goods` (
  `goods_id` mediumint(8) unsigned NOT NULL DEFAULT '0',
  `link_goods_id` mediumint(8) unsigned NOT NULL DEFAULT '0',
  `is_double` tinyint(1) unsigned NOT NULL DEFAULT '0',
  `admin_id` tinyint(3) unsigned NOT NULL DEFAULT '0',
  PRIMARY KEY (`goods_id`,`link_goods_id`,`admin_id`)
) ENGINE=MyISAM DEFAULT CHARSET=utf8;

-- --------------------------------------------------------

--
-- 表的结构 `mb_mail_templates`
--

CREATE TABLE IF NOT EXISTS `mb_mail_templates` (
  `template_id` tinyint(1) unsigned NOT NULL AUTO_INCREMENT,
  `template_code` varchar(30) NOT NULL DEFAULT '',
  `is_html` tinyint(1) unsigned NOT NULL DEFAULT '0',
  `template_subject` varchar(200) NOT NULL DEFAULT '',
  `template_content` text NOT NULL,
  `last_modify` int(10) unsigned NOT NULL DEFAULT '0',
  `last_send` int(10) unsigned NOT NULL DEFAULT '0',
  `type` varchar(10) NOT NULL,
  PRIMARY KEY (`template_id`),
  UNIQUE KEY `template_code` (`template_code`),
  KEY `type` (`type`)
) ENGINE=MyISAM  DEFAULT CHARSET=utf8 AUTO_INCREMENT=15 ;

--
-- 转存表中的数据 `mb_mail_templates`
--

INSERT INTO `mb_mail_templates` (`template_id`, `template_code`, `is_html`, `template_subject`, `template_content`, `last_modify`, `last_send`, `type`) VALUES
(1, 'send_password', 1, '密码找回', '{$user_name}您好！<br>\n<br>\n您已经进行了密码重置的操作，请点击以下链接(或者复制到您的浏览器):<br>\n<br>\n<a href="{$reset_email}" target="_blank">{$reset_email}</a><br>\n<br>\n以确认您的新密码重置操作！<br>\n<br>\n{$shop_name}<br>\n{$send_date}', 1194824789, 0, 'template'),
(2, 'order_confirm', 0, '订单确认通知', '亲爱的{$order.consignee}，你好！ \n\n我们已经收到您于 {$order.formated_add_time} 提交的订单，该订单编号为：{$order.order_sn} 请记住这个编号以便日后的查询。\n\n{$shop_name}\n{$sent_date}\n\n\n', 1158226370, 0, 'template'),
(3, 'deliver_notice', 1, '发货通知', '亲爱的{$order.consignee}。你好！</br></br>\n\n您的订单{$order.order_sn}已于{$send_time}按照您预定的配送方式给您发货了。</br>\n</br>\n{if $order.invoice_no}发货单号是{$order.invoice_no}。</br>{/if}\n</br>\n在您收到货物之后请点击下面的链接确认您已经收到货物：</br>\n<a href="{$confirm_url}" target="_blank">{$confirm_url}</a></br></br>\n如果您还没有收到货物可以点击以下链接给我们留言：</br></br>\n<a href="{$send_msg_url}" target="_blank">{$send_msg_url}</a></br>\n<br>\n再次感谢您对我们的支持。欢迎您的再次光临。 <br>\n<br>\n{$shop_name} </br>\n{$send_date}', 1194823291, 0, 'template'),
(4, 'order_cancel', 0, '订单取消', '亲爱的{$order.consignee}，你好！ \n\n您的编号为：{$order.order_sn}的订单已取消。\n\n{$shop_name}\n{$send_date}', 1156491130, 0, 'template'),
(5, 'order_invalid', 0, '订单无效', '亲爱的{$order.consignee}，你好！\n\n您的编号为：{$order.order_sn}的订单无效。\n\n{$shop_name}\n{$send_date}', 1156491164, 0, 'template'),
(6, 'send_bonus', 0, '发红包', '亲爱的{$user_name}您好！\n\n恭喜您获得了{$count}个红包，金额{if $count > 1}分别{/if}为{$money}\n\n{$shop_name}\n{$send_date}\n', 1156491184, 0, 'template'),
(7, 'group_buy', 1, '团购商品', '亲爱的{$consignee}，您好！<br>\n<br>\n您于{$order_time}在本店参加团购商品活动，所购买的商品名称为：{$goods_name}，数量：{$goods_number}，订单号为：{$order_sn}，订单金额为：{$order_amount}<br>\n<br>\n此团购商品现在已到结束日期，并达到最低价格，您现在可以对该订单付款。<br>\n<br>\n请点击下面的链接：<br>\n<a href="{$shop_url}" target="_blank">{$shop_url}</a><br>\n<br>\n请尽快登录到用户中心，查看您的订单详情信息。 <br>\n<br>\n{$shop_name} <br>\n<br>\n{$send_date}', 1194824668, 0, 'template'),
(8, 'register_validate', 1, '邮件验证', '{$user_name}您好！<br><br>\r\n\r\n这封邮件是 {$shop_name} 发送的。你收到这封邮件是为了验证你注册邮件地址是否有效。如果您已经通过验证了，请忽略这封邮件。<br>\r\n请点击以下链接(或者复制到您的浏览器)来验证你的邮件地址:<br>\r\n<a href="{$validate_email}" target="_blank">{$validate_email}</a><br><br>\r\n\r\n{$shop_name}<br>\r\n{$send_date}', 1162201031, 0, 'template'),
(9, 'virtual_card', 0, '虚拟卡片', '亲爱的{$order.consignee}\r\n你好！您的订单{$order.order_sn}中{$goods.goods_name} 商品的详细信息如下:\r\n{foreach from=$virtual_card item=card}\r\n{if $card.card_sn}卡号：{$card.card_sn}{/if}{if $card.card_password}卡片密码：{$card.card_password}{/if}{if $card.end_date}截至日期：{$card.end_date}{/if}\r\n{/foreach}\r\n再次感谢您对我们的支持。欢迎您的再次光临。\r\n\r\n{$shop_name} \r\n{$send_date}', 1162201031, 0, 'template'),
(10, 'attention_list', 0, '关注商品', '亲爱的{$user_name}您好~\n\n您关注的商品 : {$goods_name} 最近已经更新,请您查看最新的商品信息\n\n{$goods_url}\r\n\r\n{$shop_name} \r\n{$send_date}', 1183851073, 0, 'template'),
(11, 'remind_of_new_order', 0, '新订单通知', '亲爱的店长，您好：\n   快来看看吧，又有新订单了。\n    订单号:{$order.order_sn} \n 订单金额:{$order.order_amount}，\n 用户购买商品:{foreach from=$goods_list item=goods_data}{$goods_data.goods_name}(货号:{$goods_data.goods_sn})    {/foreach} \n\n 收货人:{$order.consignee}， \n 收货人地址:{$order.address}，\n 收货人电话:{$order.tel} {$order.mobile}, \n 配送方式:{$order.shipping_name}(费用:{$order.shipping_fee}), \n 付款方式:{$order.pay_name}(费用:{$order.pay_fee})。\n\n               系统提醒\n               {$send_date}', 1196239170, 0, 'template'),
(12, 'goods_booking', 1, '缺货回复', '亲爱的{$user_name}。你好！</br></br>您提交的缺货商品为</br></br><a href="{$goods_link}" target="_blank">{$goods_name}</a></br><br>店家给您的回复：</br>{$dispose_note}</br></br>{$shop_name} </br>{$send_date}', 0, 0, 'template'),
(13, 'user_message', 1, '留言回复', '亲爱的{$user_name}。你好！</br></br>对您的留言：</br>{$message_content}</br></br>店主作了如下回复：</br>{$message_note}</br></br>您可以随时回到店中和店主继续沟通。</br>{$shop_name}</br>{$send_date}', 0, 0, 'template'),
(14, 'recomment', 1, '用户评论回复', '亲爱的{$user_name}。你好！</br></br>对您的评论：</br>“{$comment}”</br></br>店主作了如下回复：</br>“{$recomment}”</br></br>您可以随时回到店中和店主继续沟通。</br>{$shop_name}</br>{$send_date}', 0, 0, 'template');

-- --------------------------------------------------------

--
-- 表的结构 `mb_member_price`
--

CREATE TABLE IF NOT EXISTS `mb_member_price` (
  `price_id` mediumint(8) unsigned NOT NULL AUTO_INCREMENT,
  `goods_id` mediumint(8) unsigned NOT NULL DEFAULT '0',
  `user_rank` tinyint(3) NOT NULL DEFAULT '0',
  `user_price` decimal(10,2) NOT NULL DEFAULT '0.00',
  PRIMARY KEY (`price_id`),
  KEY `goods_id` (`goods_id`,`user_rank`)
) ENGINE=MyISAM  DEFAULT CHARSET=utf8 AUTO_INCREMENT=5 ;

-- --------------------------------------------------------

--
-- 表的结构 `mb_model_height_management`
--

CREATE TABLE IF NOT EXISTS `mb_model_height_management` (
  `model_high` varchar(200) NOT NULL,
  `model_id` int(11) NOT NULL AUTO_INCREMENT,
  PRIMARY KEY (`model_id`)
) ENGINE=MyISAM  DEFAULT CHARSET=utf8 AUTO_INCREMENT=5 ;

--
-- 转存表中的数据 `mb_model_height_management`
--

INSERT INTO `mb_model_height_management` (`model_high`, `model_id`) VALUES
('190', 1),
('160', 2),
('170', 3),
('180', 4);

-- --------------------------------------------------------

--
-- 表的结构 `mb_model_management`
--

CREATE TABLE IF NOT EXISTS `mb_model_management` (
  `model_id` int(11) NOT NULL AUTO_INCREMENT,
  `model_high_id` int(11) NOT NULL,
  `model_sex` int(11) NOT NULL,
  `model_complexion` int(11) NOT NULL,
  `model_figure` int(11) NOT NULL,
  `model_images` varchar(100) NOT NULL,
  `model_add_time` int(11) NOT NULL,
  PRIMARY KEY (`model_id`)
) ENGINE=MyISAM  DEFAULT CHARSET=utf8 AUTO_INCREMENT=97 ;

--
-- 转存表中的数据 `mb_model_management`
--

INSERT INTO `mb_model_management` (`model_id`, `model_high_id`, `model_sex`, `model_complexion`, `model_figure`, `model_images`, `model_add_time`) VALUES
(1, 1, 1, 1, 1, '', 1420913574),
(2, 1, 1, 2, 1, '', 1420913574),
(3, 1, 1, 3, 1, '', 1420913574),
(4, 1, 1, 4, 1, '', 1420913574),
(5, 2, 1, 1, 1, '', 1420913574),
(6, 2, 1, 2, 1, '', 1420913574),
(7, 2, 1, 3, 1, '', 1420913574),
(8, 2, 1, 4, 1, '', 1420913574),
(9, 3, 1, 1, 1, '', 1420913574),
(10, 3, 1, 2, 1, '', 1420913574),
(11, 3, 1, 3, 1, '', 1420913574),
(12, 3, 1, 4, 1, '', 1420913574),
(13, 4, 1, 1, 1, '', 1420913574),
(14, 4, 1, 2, 1, '', 1420913574),
(15, 4, 1, 3, 1, '', 1420913574),
(16, 4, 1, 4, 1, '', 1420913574),
(17, 1, 1, 1, 2, '', 1420913574),
(18, 1, 1, 2, 2, '', 1420913574),
(19, 1, 1, 3, 2, '', 1420913574),
(20, 1, 1, 4, 2, '', 1420913574),
(21, 2, 1, 1, 2, '', 1420913574),
(22, 2, 1, 2, 2, '', 1420913574),
(23, 2, 1, 3, 2, '', 1420913574),
(24, 2, 1, 4, 2, '', 1420913574),
(25, 3, 1, 1, 2, '', 1420913574),
(26, 3, 1, 2, 2, '', 1420913574),
(27, 3, 1, 3, 2, '', 1420913574),
(28, 3, 1, 4, 2, '', 1420913574),
(29, 4, 1, 1, 2, '', 1420913574),
(30, 4, 1, 2, 2, '', 1420913574),
(31, 4, 1, 3, 2, '', 1420913574),
(32, 4, 1, 4, 2, '', 1420913574),
(33, 1, 1, 1, 3, '', 1420913574),
(34, 1, 1, 2, 3, '', 1420913574),
(35, 1, 1, 3, 3, '', 1420913574),
(36, 1, 1, 4, 3, '', 1420913574),
(37, 2, 1, 1, 3, '', 1420913574),
(38, 2, 1, 2, 3, '', 1420913574),
(39, 2, 1, 3, 3, '', 1420913574),
(40, 2, 1, 4, 3, '', 1420913574),
(41, 3, 1, 1, 3, '', 1420913574),
(42, 3, 1, 2, 3, '', 1420913574),
(43, 3, 1, 3, 3, '', 1420913574),
(44, 3, 1, 4, 3, '', 1420913574),
(45, 4, 1, 1, 3, '', 1420913574),
(46, 4, 1, 2, 3, '', 1420913574),
(47, 4, 1, 3, 3, '', 1420913574),
(48, 4, 1, 4, 3, '', 1420913574),
(49, 1, 2, 1, 1, '', 1420913574),
(50, 1, 2, 2, 1, '', 1420913574),
(51, 1, 2, 3, 1, '', 1420913574),
(52, 1, 2, 4, 1, '', 1420913574),
(53, 2, 2, 1, 1, '', 1420913574),
(54, 2, 2, 2, 1, '', 1420913574),
(55, 2, 2, 3, 1, '', 1420913574),
(56, 2, 2, 4, 1, '', 1420913574),
(57, 3, 2, 1, 1, '', 1420913574),
(58, 3, 2, 2, 1, '', 1420913574),
(59, 3, 2, 3, 1, '', 1420913574),
(60, 3, 2, 4, 1, '', 1420913574),
(61, 4, 2, 1, 1, '', 1420913574),
(62, 4, 2, 2, 1, '', 1420913574),
(63, 4, 2, 3, 1, '', 1420913574),
(64, 4, 2, 4, 1, '', 1420913574),
(65, 1, 2, 1, 2, '', 1420913574),
(66, 1, 2, 2, 2, '', 1420913574),
(67, 1, 2, 3, 2, '', 1420913574),
(68, 1, 2, 4, 2, '', 1420913574),
(69, 2, 2, 1, 2, '', 1420913574),
(70, 2, 2, 2, 2, '', 1420913574),
(71, 2, 2, 3, 2, '', 1420913574),
(72, 2, 2, 4, 2, '', 1420913574),
(73, 3, 2, 1, 2, '', 1420913574),
(74, 3, 2, 2, 2, '', 1420913574),
(75, 3, 2, 3, 2, '', 1420913574),
(76, 3, 2, 4, 2, '', 1420913574),
(77, 4, 2, 1, 2, '', 1420913574),
(78, 4, 2, 2, 2, '', 1420913574),
(79, 4, 2, 3, 2, '', 1420913574),
(80, 4, 2, 4, 2, '', 1420913574),
(81, 1, 2, 1, 3, '', 1420913574),
(82, 1, 2, 2, 3, '', 1420913574),
(83, 1, 2, 3, 3, '', 1420913574),
(84, 1, 2, 4, 3, '', 1420913574),
(85, 2, 2, 1, 3, '', 1420913574),
(86, 2, 2, 2, 3, '', 1420913574),
(87, 2, 2, 3, 3, '', 1420913574),
(88, 2, 2, 4, 3, '', 1420913574),
(89, 3, 2, 1, 3, '', 1420913574),
(90, 3, 2, 2, 3, '', 1420913574),
(91, 3, 2, 3, 3, '', 1420913574),
(92, 3, 2, 4, 3, '', 1420913574),
(93, 4, 2, 1, 3, '', 1420913574),
(94, 4, 2, 2, 3, '', 1420913574),
(95, 4, 2, 3, 3, '', 1420913574),
(96, 4, 2, 4, 3, '', 1420913574);

-- --------------------------------------------------------

--
-- 表的结构 `mb_nav`
--

CREATE TABLE IF NOT EXISTS `mb_nav` (
  `id` mediumint(8) NOT NULL AUTO_INCREMENT,
  `ctype` varchar(10) DEFAULT NULL,
  `cid` smallint(5) unsigned DEFAULT NULL,
  `name` varchar(255) NOT NULL,
  `ifshow` tinyint(1) NOT NULL,
  `vieworder` tinyint(1) NOT NULL,
  `opennew` tinyint(1) NOT NULL,
  `url` varchar(255) NOT NULL,
  `type` varchar(10) NOT NULL,
  PRIMARY KEY (`id`),
  KEY `type` (`type`),
  KEY `ifshow` (`ifshow`)
) ENGINE=MyISAM  DEFAULT CHARSET=utf8 AUTO_INCREMENT=48 ;

--
-- 转存表中的数据 `mb_nav`
--

INSERT INTO `mb_nav` (`id`, `ctype`, `cid`, `name`, `ifshow`, `vieworder`, `opennew`, `url`, `type`) VALUES
(2, NULL, NULL, '选购中心', 0, 2, 0, 'pick_out.php', 'top'),
(3, '', 0, '查看购物车', 1, 0, 0, 'flow.php', 'top'),
(4, '', 0, '团购商品', 1, 20, 0, 'group_buy.php', 'middle'),
(6, NULL, NULL, '标签云', 0, 5, 6, 'tag_cloud.php', 'top'),
(7, NULL, NULL, '免责条款', 1, 1, 0, 'article.php?id=1', 'bottom'),
(8, NULL, NULL, '隐私保护', 1, 2, 0, 'article.php?id=2', 'bottom'),
(9, NULL, NULL, '咨询热点', 1, 3, 0, 'article.php?id=3', 'bottom'),
(10, NULL, NULL, '联系我们', 1, 4, 0, 'article.php?id=4', 'bottom'),
(11, NULL, NULL, '公司简介', 1, 5, 0, 'article.php?id=5', 'bottom'),
(12, NULL, NULL, '批发方案', 1, 6, 0, 'wholesale.php', 'bottom'),
(14, NULL, NULL, '配送方式', 1, 7, 0, 'myship.php', 'bottom'),
(15, NULL, NULL, '留言板', 1, 99, 0, 'message.php', 'middle'),
(21, NULL, NULL, '优惠活动', 1, 21, 0, 'activity.php', 'middle'),
(23, NULL, NULL, '报价单', 1, 6, 0, 'quotation.php', 'top'),
(25, NULL, NULL, '积分商城', 1, 24, 0, 'exchange.php', 'middle'),
(28, 'c', 75, 'Fashion Type', 1, 1, 0, 'category.php?id=75', 'middle'),
(29, 'c', 72, 'Product Stage', 1, 2, 0, 'category.php?id=72', 'middle'),
(33, NULL, NULL, '配送方式', 1, 100, 0, 'myship.php', 'middle'),
(36, 'a', 9, '联系我们 ', 1, 106, 0, 'article_cat.php?id=9', 'middle'),
(37, 'a', 8, '服务保证 ', 1, 108, 0, 'article_cat.php?id=8', 'middle'),
(38, 'a', 7, '配送与支付 ', 1, 110, 0, 'article_cat.php?id=7', 'middle'),
(39, 'a', 6, '手机常识 ', 1, 112, 0, 'article_cat.php?id=6', 'middle'),
(40, 'a', 5, '新手上路 ', 1, 114, 0, 'article_cat.php?id=5', 'middle'),
(41, 'a', 3, '网店帮助分类', 1, 116, 0, 'article_cat.php?id=3', 'middle'),
(42, 'a', 1, '系统分类', 1, 118, 0, 'article_cat.php?id=1', 'middle'),
(43, 'a', 11, '手机促销', 1, 120, 0, 'article_cat.php?id=11', 'middle'),
(44, 'a', 10, '会员中心', 1, 122, 0, 'article_cat.php?id=10', 'middle'),
(45, 'a', 2, '网店信息', 1, 124, 0, 'article_cat.php?id=2', 'middle'),
(46, 'a', 12, '站内快讯', 1, 126, 0, 'article_cat.php?id=12', 'middle'),
(47, 'a', 4, '3G资讯', 1, 127, 0, 'article_cat.php?id=4', 'middle');

-- --------------------------------------------------------

--
-- 表的结构 `mb_online_wear`
--

CREATE TABLE IF NOT EXISTS `mb_online_wear` (
  `oid` int(11) NOT NULL AUTO_INCREMENT,
  `user_id` varchar(50) NOT NULL DEFAULT '0',
  `part_class` varchar(20) NOT NULL,
  `goods_id` int(11) NOT NULL DEFAULT '0',
  `sex` int(11) NOT NULL DEFAULT '1',
  PRIMARY KEY (`oid`)
) ENGINE=MyISAM  DEFAULT CHARSET=utf8 AUTO_INCREMENT=231 ;

--
-- 转存表中的数据 `mb_online_wear`
--

INSERT INTO `mb_online_wear` (`oid`, `user_id`, `part_class`, `goods_id`, `sex`) VALUES
(65, '8', 'coat', 78, 2),
(66, '8', 'trousers', 75, 1),
(68, '8', 'underwear', 76, 1),
(81, '23', 'trousers', 75, 1),
(173, '23', 'coat', 73, 1),
(83, '8b613e64c87f9c0b9f997d82f84b918a', 'underwear', 74, 1),
(85, '606213db7fe7dc4636c2cd72d50377b3', 'coat', 72, 1),
(86, 'bbbedb349ec5ed40039d3a44425cc5f4', 'coat', 78, 1),
(92, 'a9e80f3586700f22e62d20e4b4e4e9ac', 'trousers', 75, 1),
(94, 'a9e80f3586700f22e62d20e4b4e4e9ac', 'coat', 73, 1),
(117, 'e030322730c0e25cdc67362a68a9cde2', 'coat', 78, 1),
(115, 'e120cf9a04ea78d2851fcdad10e2d689', 'coat', 78, 1),
(118, 'e120cf9a04ea78d2851fcdad10e2d689', 'underwear', 77, 1),
(149, 'b89b0e8a82a264f82701d58ccb008615', 'underwear', 77, 1),
(131, 'e7950048a370d89666ccd0ec10346fce', 'underwear', 76, 1),
(180, 'e6583f452597b7017dcecd2e10694f45', 'underwear', 76, 1),
(138, '7aa6cea4e64ba9a43e21dc358abb8c64', 'trousers', 75, 1),
(221, '25', 'trousers', 75, 1),
(176, '8907bd5cbcd9a644f08ea0426c5ac11a', 'coat', 73, 1),
(179, 'e6583f452597b7017dcecd2e10694f45', 'trousers', 75, 1),
(181, 'e6583f452597b7017dcecd2e10694f45', 'coat', 73, 1),
(219, '25', 'underwear', 76, 1),
(186, '6522f695cfe954170bbb6009d555c794', 'coat', 73, 1),
(187, '6522f695cfe954170bbb6009d555c794', 'underwear', 76, 1),
(188, '6522f695cfe954170bbb6009d555c794', 'trousers', 75, 1),
(223, '25', 'coat', 81, 1),
(224, '147b97458d893bf91fefb12a1724be9d', 'trousers', 79, 1),
(226, '89c82e678aa6e32c79003b77114cf262', 'underwear', 76, 1),
(230, '9d925a214ae5c545cd5355c323a4fb72', 'coat', 73, 1);

-- --------------------------------------------------------

--
-- 表的结构 `mb_order_action`
--

CREATE TABLE IF NOT EXISTS `mb_order_action` (
  `action_id` mediumint(8) unsigned NOT NULL AUTO_INCREMENT,
  `order_id` mediumint(8) unsigned NOT NULL DEFAULT '0',
  `action_user` varchar(30) NOT NULL DEFAULT '',
  `order_status` tinyint(1) unsigned NOT NULL DEFAULT '0',
  `shipping_status` tinyint(1) unsigned NOT NULL DEFAULT '0',
  `pay_status` tinyint(1) unsigned NOT NULL DEFAULT '0',
  `action_place` tinyint(1) unsigned NOT NULL DEFAULT '0',
  `action_note` varchar(255) NOT NULL DEFAULT '',
  `log_time` int(11) unsigned NOT NULL DEFAULT '0',
  PRIMARY KEY (`action_id`),
  KEY `order_id` (`order_id`)
) ENGINE=MyISAM  DEFAULT CHARSET=utf8 AUTO_INCREMENT=79 ;

--
-- 转存表中的数据 `mb_order_action`
--

INSERT INTO `mb_order_action` (`action_id`, `order_id`, `action_user`, `order_status`, `shipping_status`, `pay_status`, `action_place`, `action_note`, `log_time`) VALUES
(1, 2, 'admin', 1, 0, 2, 0, '[售后] 1132', 1242142350),
(2, 2, 'admin', 1, 1, 2, 0, '已经发货，注意接收', 1242142389),
(3, 1, 'admin', 1, 1, 2, 0, '已经发货，注意接收', 1242142432),
(4, 2, '买家', 1, 2, 2, 0, '', 1242142449),
(5, 1, '买家', 1, 2, 2, 0, '', 1242142451),
(6, 3, 'admin', 1, 1, 2, 0, '已经发货了，注意接收', 1242142589),
(7, 3, '买家', 1, 2, 2, 0, '', 1242142634),
(8, 5, 'admin', 1, 3, 2, 0, '', 1242142869),
(9, 6, 'admin', 3, 0, 0, 0, '暂时缺货', 1242143337),
(10, 7, 'admin', 1, 0, 0, 0, '', 1242143454),
(11, 1, 'admin', 1, 2, 2, 0, '[售后] 售后', 1242143773),
(12, 2, 'admin', 4, 0, 0, 0, '质量问题', 1242144185),
(13, 12, 'buyer', 2, 0, 0, 0, '用户取消', 1242576313),
(14, 13, 'admin', 1, 1, 0, 0, '11', 1242576445),
(15, 14, 'admin', 1, 3, 2, 0, '', 1242976715),
(16, 14, 'admin', 1, 1, 2, 0, '已经发货，请接收', 1242976740),
(17, 15, 'admin', 1, 0, 0, 0, '', 1245044587),
(18, 15, 'admin', 1, 0, 2, 0, '已经付款', 1245044644),
(19, 15, 'admin', 1, 4, 2, 0, '', 1245044964),
(20, 15, 'admin', 1, 4, 2, 0, '北京供货商', 1245045061),
(21, 3, 'admin', 4, 0, 0, 0, '不喜欢这个颜色', 1245045334),
(22, 15, 'admin', 1, 1, 2, 0, '', 1245045443),
(23, 15, 'admin', 4, 0, 0, 0, '退货', 1245045515),
(24, 16, 'admin', 1, 4, 2, 0, '上海供货', 1245045723),
(25, 17, 'admin', 1, 1, 2, 0, '', 1245048189),
(26, 17, 'admin', 4, 0, 0, 0, '退货', 1245048212),
(27, 19, 'admin', 1, 1, 2, 0, '', 1245384050),
(28, 22, 'admin', 1, 0, 0, 0, '111', 1276919712),
(29, 22, 'admin', 1, 0, 2, 0, '111', 1276919715),
(30, 22, 'admin', 1, 3, 2, 0, '1111', 1276919718),
(31, 22, 'admin', 5, 5, 2, 0, '111', 1276919722),
(32, 22, 'admin', 1, 1, 2, 1, '11', 1276919731),
(33, 22, 'admin', 5, 2, 2, 0, '1111', 1276919743),
(34, 22, 'admin', 5, 2, 2, 0, '[售后] 1', 1276919747),
(35, 23, 'admin', 1, 0, 2, 0, '11', 1281263837),
(36, 23, 'admin', 1, 3, 2, 0, '111111111', 1281263840),
(37, 23, 'admin', 5, 5, 2, 0, '111111111', 1281263846),
(38, 23, 'admin', 1, 1, 2, 1, '11', 1281263864),
(39, 23, 'admin', 5, 2, 2, 0, '1', 1281263874),
(40, 23, 'admin', 5, 2, 2, 0, '[售后] 1', 1281263877),
(41, 25, 'admin', 1, 0, 2, 0, '123', 1419770108),
(42, 25, 'admin', 1, 3, 2, 0, '', 1419770147),
(43, 25, 'admin', 5, 5, 2, 0, '132', 1419770157),
(44, 25, 'admin', 1, 1, 2, 1, '8', 1419770175),
(45, 25, '买家', 5, 2, 2, 0, '', 1419777180),
(46, 26, 'admin', 1, 3, 2, 0, '', 1419777224),
(47, 26, 'admin', 5, 5, 2, 0, '', 1419777236),
(48, 26, 'admin', 1, 1, 2, 1, '', 1419777245),
(49, 26, '买家', 5, 2, 2, 0, '', 1419777261),
(50, 64, 'admin', 1, 0, 2, 0, 'sdfsdf', 1425232683),
(51, 65, 'admin', 1, 0, 0, 0, '', 1425233059),
(52, 63, 'admin', 1, 0, 0, 0, '', 1425233059),
(53, 62, 'admin', 1, 0, 0, 0, '', 1425233059),
(54, 61, 'admin', 1, 0, 0, 0, '', 1425233059),
(55, 60, 'admin', 1, 0, 0, 0, '', 1425233059),
(56, 59, 'admin', 1, 0, 0, 0, '', 1425233059),
(57, 58, 'admin', 1, 0, 0, 0, '', 1425233059),
(58, 57, 'admin', 1, 0, 0, 0, '', 1425233059),
(59, 56, 'admin', 1, 0, 0, 0, '', 1425233059),
(60, 55, 'admin', 1, 0, 0, 0, '', 1425233059),
(61, 54, 'admin', 1, 0, 0, 0, '', 1425233059),
(62, 53, 'admin', 1, 0, 0, 0, '', 1425233059),
(63, 52, 'admin', 1, 0, 0, 0, '', 1425233059),
(67, 65, 'admin', 1, 0, 2, 0, '123123', 1425233110),
(68, 65, 'admin', 1, 0, 0, 0, '123123', 1425233145),
(69, 1, 'admin', 1, 0, 0, 0, '12312', 1425233537),
(70, 1, 'admin', 1, 0, 2, 0, 'asdfasdf', 1425233548),
(71, 1, 'admin', 1, 0, 2, 0, '123123', 1425233876),
(72, 1, 'admin', 1, 0, 0, 0, '123123', 1425233888),
(73, 1, 'admin', 1, 0, 2, 0, '123123', 1425233895),
(74, 3, 'admin', 1, 0, 2, 0, '1123213', 1425234023),
(75, 4, 'admin', 1, 0, 2, 0, '123123', 1425234470),
(76, 5, 'admin', 1, 0, 2, 0, '123', 1425236193),
(77, 6, 'admin', 1, 0, 2, 0, '123', 1425236713),
(78, 7, 'admin', 1, 0, 2, 0, '123', 1425236767);

-- --------------------------------------------------------

--
-- 表的结构 `mb_order_goods`
--

CREATE TABLE IF NOT EXISTS `mb_order_goods` (
  `rec_id` mediumint(8) unsigned NOT NULL AUTO_INCREMENT,
  `order_id` mediumint(8) unsigned NOT NULL DEFAULT '0',
  `goods_id` mediumint(8) unsigned NOT NULL DEFAULT '0',
  `goods_name` varchar(120) NOT NULL DEFAULT '',
  `goods_sn` varchar(60) NOT NULL DEFAULT '',
  `goods_number` smallint(5) unsigned NOT NULL DEFAULT '1',
  `market_price` decimal(10,2) NOT NULL DEFAULT '0.00',
  `goods_price` decimal(10,2) NOT NULL DEFAULT '0.00',
  `goods_attr` text NOT NULL,
  `send_number` smallint(5) unsigned NOT NULL DEFAULT '0',
  `is_real` tinyint(1) unsigned NOT NULL DEFAULT '0',
  `extension_code` varchar(30) NOT NULL DEFAULT '',
  `parent_id` mediumint(8) unsigned NOT NULL DEFAULT '0',
  `is_gift` smallint(5) unsigned NOT NULL DEFAULT '0',
  `goods_attr_id` varchar(255) NOT NULL DEFAULT '',
  `product_id` mediumint(8) unsigned NOT NULL DEFAULT '0',
  PRIMARY KEY (`rec_id`),
  KEY `order_id` (`order_id`),
  KEY `goods_id` (`goods_id`)
) ENGINE=MyISAM  DEFAULT CHARSET=utf8 AUTO_INCREMENT=12 ;

--
-- 转存表中的数据 `mb_order_goods`
--

INSERT INTO `mb_order_goods` (`rec_id`, `order_id`, `goods_id`, `goods_name`, `goods_sn`, `goods_number`, `market_price`, `goods_price`, `goods_attr`, `send_number`, `is_real`, `extension_code`, `parent_id`, `is_gift`, `goods_attr_id`, `product_id`) VALUES
(1, 1, 81, 'tuangou', 'cs000081', 1, '14.39', '12.00', '', 0, 1, '', 0, 0, '', 0),
(2, 2, 81, 'tuangou', 'cs000081', 2, '14.39', '12.00', '', 0, 1, '', 0, 0, '', 0),
(3, 3, 81, 'tuangou', 'cs000081', 1, '14.39', '12.00', '', 0, 1, '', 0, 0, '', 0),
(4, 3, 79, '190 l short skirt.png', 'cs000079', 1, '189.60', '158.00', '', 0, 1, '', 0, 0, '', 0),
(5, 4, 79, '190 l short skirt.png', 'cs000079', 1, '189.60', '158.00', '', 0, 1, '', 0, 0, '', 0),
(6, 4, 81, 'tuangou', 'cs000081', 1, '14.39', '12.00', '', 0, 1, '', 0, 0, '', 0),
(7, 5, 81, 'tuangou', 'cs000081', 1, '14.39', '12.00', '', 0, 1, '', 0, 0, '', 0),
(8, 6, 81, 'tuangou', 'cs000081', 3, '14.39', '12.00', '', 0, 1, '', 0, 0, '', 0),
(9, 7, 81, 'tuangou', 'cs000081', 1, '14.39', '12.00', '', 0, 1, '', 0, 0, '', 0),
(10, 11, 77, '190 l long dress.png', 'cs000077', 1, '1054.80', '879.00', '', 0, 1, '', 0, 0, '', 0),
(11, 12, 76, 'm-160-l-wear', 'cs000076', 1, '189.60', '158.00', '', 0, 1, '', 0, 0, '', 0);

-- --------------------------------------------------------

--
-- 表的结构 `mb_order_info`
--

CREATE TABLE IF NOT EXISTS `mb_order_info` (
  `order_id` mediumint(8) unsigned NOT NULL AUTO_INCREMENT,
  `order_sn` varchar(20) NOT NULL DEFAULT '',
  `user_id` mediumint(8) unsigned NOT NULL DEFAULT '0',
  `order_status` tinyint(1) unsigned NOT NULL DEFAULT '0',
  `shipping_status` tinyint(1) unsigned NOT NULL DEFAULT '0',
  `pay_status` tinyint(1) unsigned NOT NULL DEFAULT '0',
  `consignee` varchar(60) NOT NULL DEFAULT '',
  `country` smallint(5) unsigned NOT NULL DEFAULT '0',
  `province` smallint(5) unsigned NOT NULL DEFAULT '0',
  `city` smallint(5) unsigned NOT NULL DEFAULT '0',
  `district` smallint(5) unsigned NOT NULL DEFAULT '0',
  `address` varchar(255) NOT NULL DEFAULT '',
  `zipcode` varchar(60) NOT NULL DEFAULT '',
  `tel` varchar(60) NOT NULL DEFAULT '',
  `mobile` varchar(60) NOT NULL DEFAULT '',
  `email` varchar(60) NOT NULL DEFAULT '',
  `best_time` varchar(120) NOT NULL DEFAULT '',
  `sign_building` varchar(120) NOT NULL DEFAULT '',
  `postscript` varchar(255) NOT NULL DEFAULT '',
  `shipping_id` tinyint(3) NOT NULL DEFAULT '0',
  `shipping_name` varchar(120) NOT NULL DEFAULT '',
  `pay_id` tinyint(3) NOT NULL DEFAULT '0',
  `pay_name` varchar(120) NOT NULL DEFAULT '',
  `how_oos` varchar(120) NOT NULL DEFAULT '',
  `how_surplus` varchar(120) NOT NULL DEFAULT '',
  `pack_name` varchar(120) NOT NULL DEFAULT '',
  `card_name` varchar(120) NOT NULL DEFAULT '',
  `card_message` varchar(255) NOT NULL DEFAULT '',
  `inv_payee` varchar(120) NOT NULL DEFAULT '',
  `inv_content` varchar(120) NOT NULL DEFAULT '',
  `goods_amount` decimal(10,2) NOT NULL DEFAULT '0.00',
  `shipping_fee` decimal(10,2) NOT NULL DEFAULT '0.00',
  `insure_fee` decimal(10,2) NOT NULL DEFAULT '0.00',
  `pay_fee` decimal(10,2) NOT NULL DEFAULT '0.00',
  `pack_fee` decimal(10,2) NOT NULL DEFAULT '0.00',
  `card_fee` decimal(10,2) NOT NULL DEFAULT '0.00',
  `money_paid` decimal(10,2) NOT NULL DEFAULT '0.00',
  `surplus` decimal(10,2) NOT NULL DEFAULT '0.00',
  `integral` int(10) unsigned NOT NULL DEFAULT '0',
  `integral_money` decimal(10,2) NOT NULL DEFAULT '0.00',
  `bonus` decimal(10,2) NOT NULL DEFAULT '0.00',
  `order_amount` decimal(10,2) NOT NULL DEFAULT '0.00',
  `from_ad` smallint(5) NOT NULL DEFAULT '0',
  `referer` varchar(255) NOT NULL DEFAULT '',
  `add_time` int(10) unsigned NOT NULL DEFAULT '0',
  `confirm_time` int(10) unsigned NOT NULL DEFAULT '0',
  `pay_time` int(10) unsigned NOT NULL DEFAULT '0',
  `shipping_time` int(10) unsigned NOT NULL DEFAULT '0',
  `pack_id` tinyint(3) unsigned NOT NULL DEFAULT '0',
  `card_id` tinyint(3) unsigned NOT NULL DEFAULT '0',
  `bonus_id` smallint(5) unsigned NOT NULL DEFAULT '0',
  `invoice_no` varchar(255) NOT NULL DEFAULT '',
  `extension_code` varchar(30) NOT NULL DEFAULT '',
  `extension_id` mediumint(8) unsigned NOT NULL DEFAULT '0',
  `to_buyer` varchar(255) NOT NULL DEFAULT '',
  `pay_note` varchar(255) NOT NULL DEFAULT '',
  `agency_id` smallint(5) unsigned NOT NULL,
  `inv_type` varchar(60) NOT NULL,
  `tax` decimal(10,2) NOT NULL,
  `is_separate` tinyint(1) NOT NULL DEFAULT '0',
  `parent_id` mediumint(8) unsigned NOT NULL DEFAULT '0',
  `discount` decimal(10,2) NOT NULL,
  PRIMARY KEY (`order_id`),
  UNIQUE KEY `order_sn` (`order_sn`),
  KEY `user_id` (`user_id`),
  KEY `order_status` (`order_status`),
  KEY `shipping_status` (`shipping_status`),
  KEY `pay_status` (`pay_status`),
  KEY `shipping_id` (`shipping_id`),
  KEY `pay_id` (`pay_id`),
  KEY `extension_code` (`extension_code`,`extension_id`),
  KEY `agency_id` (`agency_id`)
) ENGINE=MyISAM  DEFAULT CHARSET=utf8 AUTO_INCREMENT=13 ;

--
-- 转存表中的数据 `mb_order_info`
--

INSERT INTO `mb_order_info` (`order_id`, `order_sn`, `user_id`, `order_status`, `shipping_status`, `pay_status`, `consignee`, `country`, `province`, `city`, `district`, `address`, `zipcode`, `tel`, `mobile`, `email`, `best_time`, `sign_building`, `postscript`, `shipping_id`, `shipping_name`, `pay_id`, `pay_name`, `how_oos`, `how_surplus`, `pack_name`, `card_name`, `card_message`, `inv_payee`, `inv_content`, `goods_amount`, `shipping_fee`, `insure_fee`, `pay_fee`, `pack_fee`, `card_fee`, `money_paid`, `surplus`, `integral`, `integral_money`, `bonus`, `order_amount`, `from_ad`, `referer`, `add_time`, `confirm_time`, `pay_time`, `shipping_time`, `pack_id`, `card_id`, `bonus_id`, `invoice_no`, `extension_code`, `extension_id`, `to_buyer`, `pay_note`, `agency_id`, `inv_type`, `tax`, `is_separate`, `parent_id`, `discount`) VALUES
(1, '2015030140416', 23, 1, 0, 2, '123123', 1, 2, 52, 500, '123123123', '', '123123123123123', '', 'test@qq.com', '', '', '', 8, '', 4, 'paypal', '等待所有商品备齐后再发', '', '', '', '', '', '', '12.00', '0.00', '0.00', '0.00', '0.00', '0.00', '12.00', '0.00', 0, '0.00', '0.00', '0.00', 0, 'Home', 1425233284, 1425233401, 1425233895, 0, 0, 0, 0, '', '', 0, '', '', 0, '', '0.00', 0, 0, '0.00'),
(2, '2015030186837', 23, 0, 0, 0, '123123', 1, 2, 52, 500, '123123123', '', '123123123123123', '', 'test@qq.com', '', '', '', 8, '', 4, 'paypal', '等待所有商品备齐后再发', '', '', '', '', '', '', '24.00', '0.00', '0.00', '0.00', '0.00', '0.00', '0.00', '0.00', 0, '0.00', '0.00', '24.00', 0, 'Home', 1425233935, 0, 0, 0, 0, 0, 0, '', '', 0, '', '', 0, '', '0.00', 0, 0, '0.00'),
(3, '2015030117191', 23, 1, 0, 2, '123123', 1, 2, 52, 500, '123123123', '', '123123123123123', '', 'test@qq.com', '', '', '', 8, '', 4, 'paypal', '等待所有商品备齐后再发', '', '', '', '', '', '', '170.00', '0.00', '0.00', '0.00', '0.00', '0.00', '170.00', '0.00', 0, '0.00', '0.00', '0.00', 0, 'Home', 1425234000, 1425234023, 1425234023, 0, 0, 0, 0, '', '', 0, '', '', 0, '', '0.00', 0, 0, '0.00'),
(4, '2015030100916', 23, 1, 0, 2, '123123', 1, 2, 52, 500, '123123123', '', '123123123123123', '', 'test@qq.com', '', '', '', 8, '', 4, 'paypal', '等待所有商品备齐后再发', '', '', '', '', '', '', '170.00', '0.00', '0.00', '0.00', '0.00', '0.00', '170.00', '0.00', 0, '0.00', '0.00', '0.00', 0, '本站', 1425234450, 1425234470, 1425234470, 0, 0, 0, 0, '', '', 0, '', '', 0, '', '0.00', 0, 0, '0.00'),
(5, '2015030181492', 25, 1, 0, 2, '123', 1, 2, 52, 500, '123', '123', '123', '123', '4657331@qq.com', '123', '123', '', 0, '', 4, 'paypal', '等待所有商品备齐后再发', '', '', '', '', '', '', '12.00', '0.00', '0.00', '0.00', '0.00', '0.00', '12.00', '0.00', 0, '0.00', '0.00', '0.00', 0, '', 1425236009, 1425236193, 1425236193, 0, 0, 0, 0, '', '', 0, '', '', 0, '', '0.00', 0, 0, '0.00'),
(6, '2015030136810', 25, 1, 0, 2, '123', 1, 2, 52, 500, '123', '123', '123', '123', '4657331@qq.com', '123', '123', '', 8, '', 4, 'paypal', 'Don''t shipping until all products on deck.', '', '', '', '', '', '', '36.00', '0.00', '0.00', '0.00', '0.00', '0.00', '36.00', '0.00', 0, '0.00', '0.00', '0.00', 0, '', 1425236694, 1425236713, 1425236713, 0, 0, 0, 0, '', '', 0, '', '', 0, '', '0.00', 0, 0, '0.00'),
(7, '2015030158863', 25, 1, 0, 2, '123', 1, 2, 52, 500, '123', '123', '123', '123', '4657331@qq.com', '123', '123', '', 8, '', 4, 'paypal', 'Don''t shipping until all products on deck.', '', '', '', '', '', '', '12.00', '0.00', '0.00', '0.00', '0.00', '0.00', '12.00', '0.00', 0, '0.00', '0.00', '0.00', 0, '', 1425236750, 1425236767, 1425236767, 0, 0, 0, 0, '', '', 0, '', '', 0, '', '0.00', 0, 0, '0.00'),
(8, '2015030697444', 23, 0, 0, 0, '123123', 1, 2, 52, 500, '123123123', '', '123123123123123', '', 'test@qq.com', '', '', '', 8, '', 4, 'paypal', 'Don''t shipping until all products on deck.', '', '', '', '', '', '', '158.00', '0.00', '0.00', '0.00', '0.00', '0.00', '0.00', '0.00', 0, '0.00', '0.00', '158.00', 0, '', 1425685548, 0, 0, 0, 0, 0, 0, '', '', 0, '', '', 0, '', '0.00', 0, 0, '0.00'),
(9, '2015030621098', 23, 0, 0, 0, '123123', 1, 2, 52, 500, '123123123', '', '123123123123123', '', 'test@qq.com', '', '', '', 8, '', 4, 'paypal', 'Don''t shipping until all products on deck.', '', '', '', '', '', '', '158.00', '0.00', '0.00', '0.00', '0.00', '0.00', '0.00', '0.00', 0, '0.00', '0.00', '158.00', 0, '', 1425685631, 0, 0, 0, 0, 0, 0, '', '', 0, '', '', 0, '', '0.00', 0, 0, '0.00'),
(10, '2015030605299', 23, 0, 0, 0, '123123', 1, 2, 52, 500, '123123123', '', '123123123123123', '', 'test@qq.com', '', '', '', 8, '', 4, 'paypal', 'Don''t shipping until all products on deck.', '', '', '', '', '', '', '158.00', '0.00', '0.00', '0.00', '0.00', '0.00', '0.00', '0.00', 0, '0.00', '0.00', '158.00', 0, '', 1425685639, 0, 0, 0, 0, 0, 0, '', '', 0, '', '', 0, '', '0.00', 0, 0, '0.00'),
(11, '2015030798400', 23, 0, 0, 0, 'frank', 1, 2, 52, 500, 'ouch with us. The easiest ways is Live Chat with us, but you can als', '', '123123123123123', '18318433012', 'test@qq.com', '', '', '', 8, '', 4, 'paypal', 'Don''t shipping until all products on deck.', '', '', '', '', '', '', '879.00', '0.00', '0.00', '0.00', '0.00', '0.00', '0.00', '0.00', 0, '0.00', '0.00', '879.00', 0, 'Home', 1425692225, 0, 0, 0, 0, 0, 0, '', '', 0, '', '', 0, '', '0.00', 0, 0, '0.00'),
(12, '2015040212733', 23, 0, 0, 0, 'test', 1, 2, 52, 500, 'test', '', '12345678', 'test', 'test@qq.com', '', '', '', 8, '', 4, 'paypal', 'Don''t shipping until all products on deck.', '', '', '', '', '', '', '158.00', '0.00', '0.00', '0.00', '0.00', '0.00', '0.00', '0.00', 0, '0.00', '0.00', '158.00', 0, '', 1427939995, 0, 0, 0, 0, 0, 0, '', '', 0, '', '', 0, '', '0.00', 0, 0, '0.00');

-- --------------------------------------------------------

--
-- 表的结构 `mb_pack`
--

CREATE TABLE IF NOT EXISTS `mb_pack` (
  `pack_id` tinyint(3) unsigned NOT NULL AUTO_INCREMENT,
  `pack_name` varchar(120) NOT NULL DEFAULT '',
  `pack_img` varchar(255) NOT NULL DEFAULT '',
  `pack_fee` decimal(6,2) unsigned NOT NULL DEFAULT '0.00',
  `free_money` smallint(5) unsigned NOT NULL DEFAULT '0',
  `pack_desc` varchar(255) NOT NULL DEFAULT '',
  PRIMARY KEY (`pack_id`)
) ENGINE=MyISAM  DEFAULT CHARSET=utf8 AUTO_INCREMENT=2 ;

--
-- 转存表中的数据 `mb_pack`
--

INSERT INTO `mb_pack` (`pack_id`, `pack_name`, `pack_img`, `pack_fee`, `free_money`, `pack_desc`) VALUES
(1, '精品包装', '1242108360911825791.jpg', '5.00', 800, '精品包装，尽心为您设计一份不一样的礼物');

-- --------------------------------------------------------

--
-- 表的结构 `mb_package_goods`
--

CREATE TABLE IF NOT EXISTS `mb_package_goods` (
  `package_id` mediumint(8) unsigned NOT NULL DEFAULT '0',
  `goods_id` mediumint(8) unsigned NOT NULL DEFAULT '0',
  `goods_number` smallint(5) unsigned NOT NULL DEFAULT '1',
  `admin_id` tinyint(3) unsigned NOT NULL DEFAULT '0',
  `product_id` mediumint(8) unsigned NOT NULL,
  PRIMARY KEY (`package_id`,`goods_id`,`admin_id`,`product_id`)
) ENGINE=MyISAM DEFAULT CHARSET=utf8;

--
-- 转存表中的数据 `mb_package_goods`
--

INSERT INTO `mb_package_goods` (`package_id`, `goods_id`, `goods_number`, `admin_id`, `product_id`) VALUES
(5, 6, 1, 1, 0),
(5, 5, 1, 1, 0),
(6, 4, 1, 1, 0),
(6, 7, 1, 1, 0),
(6, 32, 1, 1, 0),
(5, 31, 1, 1, 0);

-- --------------------------------------------------------

--
-- 表的结构 `mb_payment`
--

CREATE TABLE IF NOT EXISTS `mb_payment` (
  `pay_id` tinyint(3) unsigned NOT NULL AUTO_INCREMENT,
  `pay_code` varchar(20) NOT NULL DEFAULT '',
  `pay_name` varchar(120) NOT NULL DEFAULT '',
  `pay_fee` varchar(10) NOT NULL DEFAULT '0',
  `pay_desc` text NOT NULL,
  `pay_order` tinyint(3) unsigned NOT NULL DEFAULT '0',
  `pay_config` text NOT NULL,
  `enabled` tinyint(1) unsigned NOT NULL DEFAULT '0',
  `is_cod` tinyint(1) unsigned NOT NULL DEFAULT '0',
  `is_online` tinyint(1) unsigned NOT NULL DEFAULT '0',
  PRIMARY KEY (`pay_id`),
  UNIQUE KEY `pay_code` (`pay_code`)
) ENGINE=MyISAM  DEFAULT CHARSET=utf8 AUTO_INCREMENT=5 ;

--
-- 转存表中的数据 `mb_payment`
--

INSERT INTO `mb_payment` (`pay_id`, `pay_code`, `pay_name`, `pay_fee`, `pay_desc`, `pay_order`, `pay_config`, `enabled`, `is_cod`, `is_online`) VALUES
(1, 'balance', '余额支付', '0', '使用帐户余额支付。只有会员才能使用，通过设置信用额度，可以透支。', 0, 'a:0:{}', 0, 0, 1),
(2, 'bank', '银行汇款/转帐', '0', '银行名称\n收款人信息：全称 ××× ；帐号或地址 ××× ；开户行 ×××。\n注意事项：办理电汇时，请在电汇单“汇款用途”一栏处注明您的订单号。', 0, 'a:0:{}', 0, 0, 0),
(3, 'cod', '货到付款', '0', '开通城市：×××\r\n货到付款区域：×××', 0, 'a:0:{}', 0, 1, 0),
(4, 'paypal', 'paypal', '0', 'PayPal 是在线付款解决方案的全球领导者，在全世界有超过七千一百六十万个帐户用户。PayPal 可在 56 个市场以 7 种货币（加元、欧元、英镑、美元、日元、澳元、港元）使用。（网址：http://www.paypal.com）', 0, 'a:2:{i:0;a:3:{s:4:"name";s:14:"paypal_account";s:4:"type";s:4:"text";s:5:"value";s:19:"opengg.cn@gmail.com";}i:1;a:3:{s:4:"name";s:15:"paypal_currency";s:4:"type";s:6:"select";s:5:"value";s:3:"USD";}}', 1, 0, 1);

-- --------------------------------------------------------

--
-- 表的结构 `mb_pay_log`
--

CREATE TABLE IF NOT EXISTS `mb_pay_log` (
  `log_id` int(10) unsigned NOT NULL AUTO_INCREMENT,
  `order_id` mediumint(8) unsigned NOT NULL DEFAULT '0',
  `order_amount` decimal(10,2) unsigned NOT NULL,
  `order_type` tinyint(1) unsigned NOT NULL DEFAULT '0',
  `is_paid` tinyint(1) unsigned NOT NULL DEFAULT '0',
  PRIMARY KEY (`log_id`)
) ENGINE=MyISAM  DEFAULT CHARSET=utf8 AUTO_INCREMENT=77 ;

--
-- 转存表中的数据 `mb_pay_log`
--

INSERT INTO `mb_pay_log` (`log_id`, `order_id`, `order_amount`, `order_type`, `is_paid`) VALUES
(1, 1, '0.00', 0, 0),
(2, 2, '0.00', 0, 0),
(3, 3, '0.00', 0, 0),
(4, 4, '0.00', 0, 0),
(5, 5, '0.00', 0, 0),
(6, 6, '35.00', 0, 0),
(7, 7, '2198.10', 0, 0),
(8, 8, '638.00', 0, 0),
(9, 9, '2015.00', 0, 0),
(10, 10, '0.00', 0, 0),
(11, 11, '3810.00', 0, 0),
(12, 12, '253.00', 0, 0),
(13, 13, '975.00', 0, 0),
(14, 14, '0.00', 0, 0),
(15, 15, '17054.00', 0, 0),
(16, 16, '0.00', 0, 0),
(17, 17, '0.00', 0, 0),
(18, 18, '0.00', 0, 0),
(19, 20, '290.00', 0, 0),
(20, 21, '1865.00', 0, 0),
(21, 22, '495.00', 0, 0),
(22, 23, '910.00', 0, 0),
(23, 24, '415.00', 0, 0),
(24, 25, '285.00', 0, 0),
(25, 26, '0.00', 0, 0),
(26, 27, '0.00', 0, 0),
(27, 28, '2196.00', 0, 0),
(28, 29, '0.00', 0, 0),
(29, 30, '0.00', 0, 0),
(30, 31, '0.00', 0, 0),
(31, 32, '0.00', 0, 0),
(32, 33, '0.00', 0, 0),
(33, 34, '0.00', 0, 0),
(34, 35, '0.00', 0, 0),
(35, 36, '0.00', 0, 0),
(36, 37, '0.00', 0, 0),
(37, 38, '0.00', 0, 0),
(38, 39, '0.00', 0, 0),
(39, 40, '0.00', 0, 0),
(40, 41, '0.00', 0, 0),
(41, 42, '0.00', 0, 0),
(42, 43, '852.00', 0, 0),
(43, 44, '852.00', 0, 0),
(44, 45, '852.00', 0, 0),
(45, 46, '852.00', 0, 0),
(46, 47, '852.00', 0, 0),
(47, 48, '852.00', 0, 0),
(48, 49, '951.00', 0, 0),
(49, 50, '852.00', 0, 0),
(50, 51, '1010.00', 0, 0),
(51, 52, '1010.00', 0, 0),
(52, 53, '852.00', 0, 0),
(53, 54, '852.00', 0, 0),
(54, 55, '852.00', 0, 0),
(55, 56, '99.00', 0, 0),
(56, 57, '99.00', 0, 0),
(57, 58, '99.00', 0, 0),
(58, 59, '99.00', 0, 0),
(59, 60, '99.00', 0, 0),
(60, 61, '99.00', 0, 0),
(61, 62, '99.00', 0, 0),
(62, 63, '99.00', 0, 0),
(63, 64, '12.00', 0, 0),
(64, 65, '12.00', 0, 0),
(65, 1, '12.00', 0, 0),
(66, 2, '24.00', 0, 0),
(67, 3, '170.00', 0, 0),
(68, 4, '170.00', 0, 0),
(69, 5, '12.00', 0, 0),
(70, 6, '36.00', 0, 0),
(71, 7, '12.00', 0, 0),
(72, 8, '158.00', 0, 0),
(73, 9, '158.00', 0, 0),
(74, 10, '158.00', 0, 0),
(75, 11, '879.00', 0, 0),
(76, 12, '158.00', 0, 0);

-- --------------------------------------------------------

--
-- 表的结构 `mb_plugins`
--

CREATE TABLE IF NOT EXISTS `mb_plugins` (
  `code` varchar(30) NOT NULL DEFAULT '',
  `version` varchar(10) NOT NULL DEFAULT '',
  `library` varchar(255) NOT NULL DEFAULT '',
  `assign` tinyint(1) unsigned NOT NULL DEFAULT '0',
  `install_date` int(10) unsigned NOT NULL DEFAULT '0',
  PRIMARY KEY (`code`)
) ENGINE=MyISAM DEFAULT CHARSET=utf8;

-- --------------------------------------------------------

--
-- 表的结构 `mb_products`
--

CREATE TABLE IF NOT EXISTS `mb_products` (
  `product_id` mediumint(8) unsigned NOT NULL AUTO_INCREMENT,
  `goods_id` mediumint(8) unsigned NOT NULL DEFAULT '0',
  `goods_attr` varchar(50) DEFAULT NULL,
  `product_sn` varchar(60) DEFAULT NULL,
  `product_number` smallint(5) unsigned DEFAULT '0',
  PRIMARY KEY (`product_id`)
) ENGINE=MyISAM DEFAULT CHARSET=utf8 AUTO_INCREMENT=1 ;

-- --------------------------------------------------------

--
-- 表的结构 `mb_region`
--

CREATE TABLE IF NOT EXISTS `mb_region` (
  `region_id` smallint(5) unsigned NOT NULL AUTO_INCREMENT,
  `parent_id` smallint(5) unsigned NOT NULL DEFAULT '0',
  `region_name` varchar(120) NOT NULL DEFAULT '',
  `region_type` tinyint(1) NOT NULL DEFAULT '2',
  `agency_id` smallint(5) unsigned NOT NULL DEFAULT '0',
  PRIMARY KEY (`region_id`),
  KEY `parent_id` (`parent_id`),
  KEY `region_type` (`region_type`),
  KEY `agency_id` (`agency_id`)
) ENGINE=MyISAM  DEFAULT CHARSET=utf8 AUTO_INCREMENT=3409 ;

--
-- 转存表中的数据 `mb_region`
--

INSERT INTO `mb_region` (`region_id`, `parent_id`, `region_name`, `region_type`, `agency_id`) VALUES
(1, 0, '中国', 0, 0),
(2, 1, '北京', 1, 0),
(3, 1, '安徽', 1, 0),
(4, 1, '福建', 1, 0),
(5, 1, '甘肃', 1, 0),
(6, 1, '广东', 1, 0),
(7, 1, '广西', 1, 0),
(8, 1, '贵州', 1, 0),
(9, 1, '海南', 1, 0),
(10, 1, '河北', 1, 0),
(11, 1, '河南', 1, 0),
(12, 1, '黑龙江', 1, 0),
(13, 1, '湖北', 1, 0),
(14, 1, '湖南', 1, 0),
(15, 1, '吉林', 1, 0),
(16, 1, '江苏', 1, 0),
(17, 1, '江西', 1, 0),
(18, 1, '辽宁', 1, 0),
(19, 1, '内蒙古', 1, 0),
(20, 1, '宁夏', 1, 0),
(21, 1, '青海', 1, 0),
(22, 1, '山东', 1, 0),
(23, 1, '山西', 1, 0),
(24, 1, '陕西', 1, 0),
(25, 1, '上海', 1, 0),
(26, 1, '四川', 1, 0),
(27, 1, '天津', 1, 0),
(28, 1, '西藏', 1, 0),
(29, 1, '新疆', 1, 0),
(30, 1, '云南', 1, 0),
(31, 1, '浙江', 1, 0),
(32, 1, '重庆', 1, 0),
(33, 1, '香港', 1, 0),
(34, 1, '澳门', 1, 0),
(35, 1, '台湾', 1, 0),
(36, 3, '安庆', 2, 0),
(37, 3, '蚌埠', 2, 0),
(38, 3, '巢湖', 2, 0),
(39, 3, '池州', 2, 0),
(40, 3, '滁州', 2, 0),
(41, 3, '阜阳', 2, 0),
(42, 3, '淮北', 2, 0),
(43, 3, '淮南', 2, 0),
(44, 3, '黄山', 2, 0),
(45, 3, '六安', 2, 0),
(46, 3, '马鞍山', 2, 0),
(47, 3, '宿州', 2, 0),
(48, 3, '铜陵', 2, 0),
(49, 3, '芜湖', 2, 0),
(50, 3, '宣城', 2, 0),
(51, 3, '亳州', 2, 0),
(52, 2, '北京', 2, 0),
(53, 4, '福州', 2, 0),
(54, 4, '龙岩', 2, 0),
(55, 4, '南平', 2, 0),
(56, 4, '宁德', 2, 0),
(57, 4, '莆田', 2, 0),
(58, 4, '泉州', 2, 0),
(59, 4, '三明', 2, 0),
(60, 4, '厦门', 2, 0),
(61, 4, '漳州', 2, 0),
(62, 5, '兰州', 2, 0),
(63, 5, '白银', 2, 0),
(64, 5, '定西', 2, 0),
(65, 5, '甘南', 2, 0),
(66, 5, '嘉峪关', 2, 0),
(67, 5, '金昌', 2, 0),
(68, 5, '酒泉', 2, 0),
(69, 5, '临夏', 2, 0),
(70, 5, '陇南', 2, 0),
(71, 5, '平凉', 2, 0),
(72, 5, '庆阳', 2, 0),
(73, 5, '天水', 2, 0),
(74, 5, '武威', 2, 0),
(75, 5, '张掖', 2, 0),
(76, 6, '广州', 2, 0),
(77, 6, '深圳', 2, 0),
(78, 6, '潮州', 2, 0),
(79, 6, '东莞', 2, 0),
(80, 6, '佛山', 2, 0),
(81, 6, '河源', 2, 0),
(82, 6, '惠州', 2, 0),
(83, 6, '江门', 2, 0),
(84, 6, '揭阳', 2, 0),
(85, 6, '茂名', 2, 0),
(86, 6, '梅州', 2, 0),
(87, 6, '清远', 2, 0),
(88, 6, '汕头', 2, 0),
(89, 6, '汕尾', 2, 0),
(90, 6, '韶关', 2, 0),
(91, 6, '阳江', 2, 0),
(92, 6, '云浮', 2, 0),
(93, 6, '湛江', 2, 0),
(94, 6, '肇庆', 2, 0),
(95, 6, '中山', 2, 0),
(96, 6, '珠海', 2, 0),
(97, 7, '南宁', 2, 0),
(98, 7, '桂林', 2, 0),
(99, 7, '百色', 2, 0),
(100, 7, '北海', 2, 0),
(101, 7, '崇左', 2, 0),
(102, 7, '防城港', 2, 0),
(103, 7, '贵港', 2, 0),
(104, 7, '河池', 2, 0),
(105, 7, '贺州', 2, 0),
(106, 7, '来宾', 2, 0),
(107, 7, '柳州', 2, 0),
(108, 7, '钦州', 2, 0),
(109, 7, '梧州', 2, 0),
(110, 7, '玉林', 2, 0),
(111, 8, '贵阳', 2, 0),
(112, 8, '安顺', 2, 0),
(113, 8, '毕节', 2, 0),
(114, 8, '六盘水', 2, 0),
(115, 8, '黔东南', 2, 0),
(116, 8, '黔南', 2, 0),
(117, 8, '黔西南', 2, 0),
(118, 8, '铜仁', 2, 0),
(119, 8, '遵义', 2, 0),
(120, 9, '海口', 2, 0),
(121, 9, '三亚', 2, 0),
(122, 9, '白沙', 2, 0),
(123, 9, '保亭', 2, 0),
(124, 9, '昌江', 2, 0),
(125, 9, '澄迈县', 2, 0),
(126, 9, '定安县', 2, 0),
(127, 9, '东方', 2, 0),
(128, 9, '乐东', 2, 0),
(129, 9, '临高县', 2, 0),
(130, 9, '陵水', 2, 0),
(131, 9, '琼海', 2, 0),
(132, 9, '琼中', 2, 0),
(133, 9, '屯昌县', 2, 0),
(134, 9, '万宁', 2, 0),
(135, 9, '文昌', 2, 0),
(136, 9, '五指山', 2, 0),
(137, 9, '儋州', 2, 0),
(138, 10, '石家庄', 2, 0),
(139, 10, '保定', 2, 0),
(140, 10, '沧州', 2, 0),
(141, 10, '承德', 2, 0),
(142, 10, '邯郸', 2, 0),
(143, 10, '衡水', 2, 0),
(144, 10, '廊坊', 2, 0),
(145, 10, '秦皇岛', 2, 0),
(146, 10, '唐山', 2, 0),
(147, 10, '邢台', 2, 0),
(148, 10, '张家口', 2, 0),
(149, 11, '郑州', 2, 0),
(150, 11, '洛阳', 2, 0),
(151, 11, '开封', 2, 0),
(152, 11, '安阳', 2, 0),
(153, 11, '鹤壁', 2, 0),
(154, 11, '济源', 2, 0),
(155, 11, '焦作', 2, 0),
(156, 11, '南阳', 2, 0),
(157, 11, '平顶山', 2, 0),
(158, 11, '三门峡', 2, 0),
(159, 11, '商丘', 2, 0),
(160, 11, '新乡', 2, 0),
(161, 11, '信阳', 2, 0),
(162, 11, '许昌', 2, 0),
(163, 11, '周口', 2, 0),
(164, 11, '驻马店', 2, 0),
(165, 11, '漯河', 2, 0),
(166, 11, '濮阳', 2, 0),
(167, 12, '哈尔滨', 2, 0),
(168, 12, '大庆', 2, 0),
(169, 12, '大兴安岭', 2, 0),
(170, 12, '鹤岗', 2, 0),
(171, 12, '黑河', 2, 0),
(172, 12, '鸡西', 2, 0),
(173, 12, '佳木斯', 2, 0),
(174, 12, '牡丹江', 2, 0),
(175, 12, '七台河', 2, 0),
(176, 12, '齐齐哈尔', 2, 0),
(177, 12, '双鸭山', 2, 0),
(178, 12, '绥化', 2, 0),
(179, 12, '伊春', 2, 0),
(180, 13, '武汉', 2, 0),
(181, 13, '仙桃', 2, 0),
(182, 13, '鄂州', 2, 0),
(183, 13, '黄冈', 2, 0),
(184, 13, '黄石', 2, 0),
(185, 13, '荆门', 2, 0),
(186, 13, '荆州', 2, 0),
(187, 13, '潜江', 2, 0),
(188, 13, '神农架林区', 2, 0),
(189, 13, '十堰', 2, 0),
(190, 13, '随州', 2, 0),
(191, 13, '天门', 2, 0),
(192, 13, '咸宁', 2, 0),
(193, 13, '襄樊', 2, 0),
(194, 13, '孝感', 2, 0),
(195, 13, '宜昌', 2, 0),
(196, 13, '恩施', 2, 0),
(197, 14, '长沙', 2, 0),
(198, 14, '张家界', 2, 0),
(199, 14, '常德', 2, 0),
(200, 14, '郴州', 2, 0),
(201, 14, '衡阳', 2, 0),
(202, 14, '怀化', 2, 0),
(203, 14, '娄底', 2, 0),
(204, 14, '邵阳', 2, 0),
(205, 14, '湘潭', 2, 0),
(206, 14, '湘西', 2, 0),
(207, 14, '益阳', 2, 0),
(208, 14, '永州', 2, 0),
(209, 14, '岳阳', 2, 0),
(210, 14, '株洲', 2, 0),
(211, 15, '长春', 2, 0),
(212, 15, '吉林', 2, 0),
(213, 15, '白城', 2, 0),
(214, 15, '白山', 2, 0),
(215, 15, '辽源', 2, 0),
(216, 15, '四平', 2, 0),
(217, 15, '松原', 2, 0),
(218, 15, '通化', 2, 0),
(219, 15, '延边', 2, 0),
(220, 16, '南京', 2, 0),
(221, 16, '苏州', 2, 0),
(222, 16, '无锡', 2, 0),
(223, 16, '常州', 2, 0),
(224, 16, '淮安', 2, 0),
(225, 16, '连云港', 2, 0),
(226, 16, '南通', 2, 0),
(227, 16, '宿迁', 2, 0),
(228, 16, '泰州', 2, 0),
(229, 16, '徐州', 2, 0),
(230, 16, '盐城', 2, 0),
(231, 16, '扬州', 2, 0),
(232, 16, '镇江', 2, 0),
(233, 17, '南昌', 2, 0),
(234, 17, '抚州', 2, 0),
(235, 17, '赣州', 2, 0),
(236, 17, '吉安', 2, 0),
(237, 17, '景德镇', 2, 0),
(238, 17, '九江', 2, 0),
(239, 17, '萍乡', 2, 0),
(240, 17, '上饶', 2, 0),
(241, 17, '新余', 2, 0),
(242, 17, '宜春', 2, 0),
(243, 17, '鹰潭', 2, 0),
(244, 18, '沈阳', 2, 0),
(245, 18, '大连', 2, 0),
(246, 18, '鞍山', 2, 0),
(247, 18, '本溪', 2, 0),
(248, 18, '朝阳', 2, 0),
(249, 18, '丹东', 2, 0),
(250, 18, '抚顺', 2, 0),
(251, 18, '阜新', 2, 0),
(252, 18, '葫芦岛', 2, 0),
(253, 18, '锦州', 2, 0),
(254, 18, '辽阳', 2, 0),
(255, 18, '盘锦', 2, 0),
(256, 18, '铁岭', 2, 0),
(257, 18, '营口', 2, 0),
(258, 19, '呼和浩特', 2, 0),
(259, 19, '阿拉善盟', 2, 0),
(260, 19, '巴彦淖尔盟', 2, 0),
(261, 19, '包头', 2, 0),
(262, 19, '赤峰', 2, 0),
(263, 19, '鄂尔多斯', 2, 0),
(264, 19, '呼伦贝尔', 2, 0),
(265, 19, '通辽', 2, 0),
(266, 19, '乌海', 2, 0),
(267, 19, '乌兰察布市', 2, 0),
(268, 19, '锡林郭勒盟', 2, 0),
(269, 19, '兴安盟', 2, 0),
(270, 20, '银川', 2, 0),
(271, 20, '固原', 2, 0),
(272, 20, '石嘴山', 2, 0),
(273, 20, '吴忠', 2, 0),
(274, 20, '中卫', 2, 0),
(275, 21, '西宁', 2, 0),
(276, 21, '果洛', 2, 0),
(277, 21, '海北', 2, 0),
(278, 21, '海东', 2, 0),
(279, 21, '海南', 2, 0),
(280, 21, '海西', 2, 0),
(281, 21, '黄南', 2, 0),
(282, 21, '玉树', 2, 0),
(283, 22, '济南', 2, 0),
(284, 22, '青岛', 2, 0),
(285, 22, '滨州', 2, 0),
(286, 22, '德州', 2, 0),
(287, 22, '东营', 2, 0),
(288, 22, '菏泽', 2, 0),
(289, 22, '济宁', 2, 0),
(290, 22, '莱芜', 2, 0),
(291, 22, '聊城', 2, 0),
(292, 22, '临沂', 2, 0),
(293, 22, '日照', 2, 0),
(294, 22, '泰安', 2, 0),
(295, 22, '威海', 2, 0),
(296, 22, '潍坊', 2, 0),
(297, 22, '烟台', 2, 0),
(298, 22, '枣庄', 2, 0),
(299, 22, '淄博', 2, 0),
(300, 23, '太原', 2, 0),
(301, 23, '长治', 2, 0),
(302, 23, '大同', 2, 0),
(303, 23, '晋城', 2, 0),
(304, 23, '晋中', 2, 0),
(305, 23, '临汾', 2, 0),
(306, 23, '吕梁', 2, 0),
(307, 23, '朔州', 2, 0),
(308, 23, '忻州', 2, 0),
(309, 23, '阳泉', 2, 0),
(310, 23, '运城', 2, 0),
(311, 24, '西安', 2, 0),
(312, 24, '安康', 2, 0),
(313, 24, '宝鸡', 2, 0),
(314, 24, '汉中', 2, 0),
(315, 24, '商洛', 2, 0),
(316, 24, '铜川', 2, 0),
(317, 24, '渭南', 2, 0),
(318, 24, '咸阳', 2, 0),
(319, 24, '延安', 2, 0),
(320, 24, '榆林', 2, 0),
(321, 25, '上海', 2, 0),
(322, 26, '成都', 2, 0),
(323, 26, '绵阳', 2, 0),
(324, 26, '阿坝', 2, 0),
(325, 26, '巴中', 2, 0),
(326, 26, '达州', 2, 0),
(327, 26, '德阳', 2, 0),
(328, 26, '甘孜', 2, 0),
(329, 26, '广安', 2, 0),
(330, 26, '广元', 2, 0),
(331, 26, '乐山', 2, 0),
(332, 26, '凉山', 2, 0),
(333, 26, '眉山', 2, 0),
(334, 26, '南充', 2, 0),
(335, 26, '内江', 2, 0),
(336, 26, '攀枝花', 2, 0),
(337, 26, '遂宁', 2, 0),
(338, 26, '雅安', 2, 0),
(339, 26, '宜宾', 2, 0),
(340, 26, '资阳', 2, 0),
(341, 26, '自贡', 2, 0),
(342, 26, '泸州', 2, 0),
(343, 27, '天津', 2, 0),
(344, 28, '拉萨', 2, 0),
(345, 28, '阿里', 2, 0),
(346, 28, '昌都', 2, 0),
(347, 28, '林芝', 2, 0),
(348, 28, '那曲', 2, 0),
(349, 28, '日喀则', 2, 0),
(350, 28, '山南', 2, 0),
(351, 29, '乌鲁木齐', 2, 0),
(352, 29, '阿克苏', 2, 0),
(353, 29, '阿拉尔', 2, 0),
(354, 29, '巴音郭楞', 2, 0),
(355, 29, '博尔塔拉', 2, 0),
(356, 29, '昌吉', 2, 0),
(357, 29, '哈密', 2, 0),
(358, 29, '和田', 2, 0),
(359, 29, '喀什', 2, 0),
(360, 29, '克拉玛依', 2, 0),
(361, 29, '克孜勒苏', 2, 0),
(362, 29, '石河子', 2, 0),
(363, 29, '图木舒克', 2, 0),
(364, 29, '吐鲁番', 2, 0),
(365, 29, '五家渠', 2, 0),
(366, 29, '伊犁', 2, 0),
(367, 30, '昆明', 2, 0),
(368, 30, '怒江', 2, 0),
(369, 30, '普洱', 2, 0),
(370, 30, '丽江', 2, 0),
(371, 30, '保山', 2, 0),
(372, 30, '楚雄', 2, 0),
(373, 30, '大理', 2, 0),
(374, 30, '德宏', 2, 0),
(375, 30, '迪庆', 2, 0),
(376, 30, '红河', 2, 0),
(377, 30, '临沧', 2, 0),
(378, 30, '曲靖', 2, 0),
(379, 30, '文山', 2, 0),
(380, 30, '西双版纳', 2, 0),
(381, 30, '玉溪', 2, 0),
(382, 30, '昭通', 2, 0),
(383, 31, '杭州', 2, 0),
(384, 31, '湖州', 2, 0),
(385, 31, '嘉兴', 2, 0),
(386, 31, '金华', 2, 0),
(387, 31, '丽水', 2, 0),
(388, 31, '宁波', 2, 0),
(389, 31, '绍兴', 2, 0),
(390, 31, '台州', 2, 0),
(391, 31, '温州', 2, 0),
(392, 31, '舟山', 2, 0),
(393, 31, '衢州', 2, 0),
(394, 32, '重庆', 2, 0),
(395, 33, '香港', 2, 0),
(396, 34, '澳门', 2, 0),
(397, 35, '台湾', 2, 0),
(398, 36, '迎江区', 3, 0),
(399, 36, '大观区', 3, 0),
(400, 36, '宜秀区', 3, 0),
(401, 36, '桐城市', 3, 0),
(402, 36, '怀宁县', 3, 0),
(403, 36, '枞阳县', 3, 0),
(404, 36, '潜山县', 3, 0),
(405, 36, '太湖县', 3, 0),
(406, 36, '宿松县', 3, 0),
(407, 36, '望江县', 3, 0),
(408, 36, '岳西县', 3, 0),
(409, 37, '中市区', 3, 0),
(410, 37, '东市区', 3, 0),
(411, 37, '西市区', 3, 0),
(412, 37, '郊区', 3, 0),
(413, 37, '怀远县', 3, 0),
(414, 37, '五河县', 3, 0),
(415, 37, '固镇县', 3, 0),
(416, 38, '居巢区', 3, 0),
(417, 38, '庐江县', 3, 0),
(418, 38, '无为县', 3, 0),
(419, 38, '含山县', 3, 0),
(420, 38, '和县', 3, 0),
(421, 39, '贵池区', 3, 0),
(422, 39, '东至县', 3, 0),
(423, 39, '石台县', 3, 0),
(424, 39, '青阳县', 3, 0),
(425, 40, '琅琊区', 3, 0),
(426, 40, '南谯区', 3, 0),
(427, 40, '天长市', 3, 0),
(428, 40, '明光市', 3, 0),
(429, 40, '来安县', 3, 0),
(430, 40, '全椒县', 3, 0),
(431, 40, '定远县', 3, 0),
(432, 40, '凤阳县', 3, 0),
(433, 41, '蚌山区', 3, 0),
(434, 41, '龙子湖区', 3, 0),
(435, 41, '禹会区', 3, 0),
(436, 41, '淮上区', 3, 0),
(437, 41, '颍州区', 3, 0),
(438, 41, '颍东区', 3, 0),
(439, 41, '颍泉区', 3, 0),
(440, 41, '界首市', 3, 0),
(441, 41, '临泉县', 3, 0),
(442, 41, '太和县', 3, 0),
(443, 41, '阜南县', 3, 0),
(444, 41, '颖上县', 3, 0),
(445, 42, '相山区', 3, 0),
(446, 42, '杜集区', 3, 0),
(447, 42, '烈山区', 3, 0),
(448, 42, '濉溪县', 3, 0),
(449, 43, '田家庵区', 3, 0),
(450, 43, '大通区', 3, 0),
(451, 43, '谢家集区', 3, 0),
(452, 43, '八公山区', 3, 0),
(453, 43, '潘集区', 3, 0),
(454, 43, '凤台县', 3, 0),
(455, 44, '屯溪区', 3, 0),
(456, 44, '黄山区', 3, 0),
(457, 44, '徽州区', 3, 0),
(458, 44, '歙县', 3, 0),
(459, 44, '休宁县', 3, 0),
(460, 44, '黟县', 3, 0),
(461, 44, '祁门县', 3, 0),
(462, 45, '金安区', 3, 0),
(463, 45, '裕安区', 3, 0),
(464, 45, '寿县', 3, 0),
(465, 45, '霍邱县', 3, 0),
(466, 45, '舒城县', 3, 0),
(467, 45, '金寨县', 3, 0),
(468, 45, '霍山县', 3, 0),
(469, 46, '雨山区', 3, 0),
(470, 46, '花山区', 3, 0),
(471, 46, '金家庄区', 3, 0),
(472, 46, '当涂县', 3, 0),
(473, 47, '埇桥区', 3, 0),
(474, 47, '砀山县', 3, 0),
(475, 47, '萧县', 3, 0),
(476, 47, '灵璧县', 3, 0),
(477, 47, '泗县', 3, 0),
(478, 48, '铜官山区', 3, 0),
(479, 48, '狮子山区', 3, 0),
(480, 48, '郊区', 3, 0),
(481, 48, '铜陵县', 3, 0),
(482, 49, '镜湖区', 3, 0),
(483, 49, '弋江区', 3, 0),
(484, 49, '鸠江区', 3, 0),
(485, 49, '三山区', 3, 0),
(486, 49, '芜湖县', 3, 0),
(487, 49, '繁昌县', 3, 0),
(488, 49, '南陵县', 3, 0),
(489, 50, '宣州区', 3, 0),
(490, 50, '宁国市', 3, 0),
(491, 50, '郎溪县', 3, 0),
(492, 50, '广德县', 3, 0),
(493, 50, '泾县', 3, 0),
(494, 50, '绩溪县', 3, 0),
(495, 50, '旌德县', 3, 0),
(496, 51, '涡阳县', 3, 0),
(497, 51, '蒙城县', 3, 0),
(498, 51, '利辛县', 3, 0),
(499, 51, '谯城区', 3, 0),
(500, 52, '东城区', 3, 0),
(501, 52, '西城区', 3, 0),
(502, 52, '海淀区', 3, 0),
(503, 52, '朝阳区', 3, 0),
(504, 52, '崇文区', 3, 0),
(505, 52, '宣武区', 3, 0),
(506, 52, '丰台区', 3, 0),
(507, 52, '石景山区', 3, 0),
(508, 52, '房山区', 3, 0),
(509, 52, '门头沟区', 3, 0),
(510, 52, '通州区', 3, 0),
(511, 52, '顺义区', 3, 0),
(512, 52, '昌平区', 3, 0),
(513, 52, '怀柔区', 3, 0),
(514, 52, '平谷区', 3, 0),
(515, 52, '大兴区', 3, 0),
(516, 52, '密云县', 3, 0),
(517, 52, '延庆县', 3, 0),
(518, 53, '鼓楼区', 3, 0),
(519, 53, '台江区', 3, 0),
(520, 53, '仓山区', 3, 0),
(521, 53, '马尾区', 3, 0),
(522, 53, '晋安区', 3, 0),
(523, 53, '福清市', 3, 0),
(524, 53, '长乐市', 3, 0),
(525, 53, '闽侯县', 3, 0),
(526, 53, '连江县', 3, 0),
(527, 53, '罗源县', 3, 0),
(528, 53, '闽清县', 3, 0),
(529, 53, '永泰县', 3, 0),
(530, 53, '平潭县', 3, 0),
(531, 54, '新罗区', 3, 0),
(532, 54, '漳平市', 3, 0),
(533, 54, '长汀县', 3, 0),
(534, 54, '永定县', 3, 0),
(535, 54, '上杭县', 3, 0),
(536, 54, '武平县', 3, 0),
(537, 54, '连城县', 3, 0),
(538, 55, '延平区', 3, 0),
(539, 55, '邵武市', 3, 0),
(540, 55, '武夷山市', 3, 0),
(541, 55, '建瓯市', 3, 0),
(542, 55, '建阳市', 3, 0),
(543, 55, '顺昌县', 3, 0),
(544, 55, '浦城县', 3, 0),
(545, 55, '光泽县', 3, 0),
(546, 55, '松溪县', 3, 0),
(547, 55, '政和县', 3, 0),
(548, 56, '蕉城区', 3, 0),
(549, 56, '福安市', 3, 0),
(550, 56, '福鼎市', 3, 0),
(551, 56, '霞浦县', 3, 0),
(552, 56, '古田县', 3, 0),
(553, 56, '屏南县', 3, 0),
(554, 56, '寿宁县', 3, 0),
(555, 56, '周宁县', 3, 0),
(556, 56, '柘荣县', 3, 0),
(557, 57, '城厢区', 3, 0),
(558, 57, '涵江区', 3, 0),
(559, 57, '荔城区', 3, 0),
(560, 57, '秀屿区', 3, 0),
(561, 57, '仙游县', 3, 0),
(562, 58, '鲤城区', 3, 0),
(563, 58, '丰泽区', 3, 0),
(564, 58, '洛江区', 3, 0),
(565, 58, '清濛开发区', 3, 0),
(566, 58, '泉港区', 3, 0),
(567, 58, '石狮市', 3, 0),
(568, 58, '晋江市', 3, 0),
(569, 58, '南安市', 3, 0),
(570, 58, '惠安县', 3, 0),
(571, 58, '安溪县', 3, 0),
(572, 58, '永春县', 3, 0),
(573, 58, '德化县', 3, 0),
(574, 58, '金门县', 3, 0),
(575, 59, '梅列区', 3, 0),
(576, 59, '三元区', 3, 0),
(577, 59, '永安市', 3, 0),
(578, 59, '明溪县', 3, 0),
(579, 59, '清流县', 3, 0),
(580, 59, '宁化县', 3, 0),
(581, 59, '大田县', 3, 0),
(582, 59, '尤溪县', 3, 0),
(583, 59, '沙县', 3, 0),
(584, 59, '将乐县', 3, 0),
(585, 59, '泰宁县', 3, 0),
(586, 59, '建宁县', 3, 0),
(587, 60, '思明区', 3, 0),
(588, 60, '海沧区', 3, 0),
(589, 60, '湖里区', 3, 0),
(590, 60, '集美区', 3, 0),
(591, 60, '同安区', 3, 0),
(592, 60, '翔安区', 3, 0),
(593, 61, '芗城区', 3, 0),
(594, 61, '龙文区', 3, 0),
(595, 61, '龙海市', 3, 0),
(596, 61, '云霄县', 3, 0),
(597, 61, '漳浦县', 3, 0),
(598, 61, '诏安县', 3, 0),
(599, 61, '长泰县', 3, 0),
(600, 61, '东山县', 3, 0),
(601, 61, '南靖县', 3, 0),
(602, 61, '平和县', 3, 0),
(603, 61, '华安县', 3, 0),
(604, 62, '皋兰县', 3, 0),
(605, 62, '城关区', 3, 0),
(606, 62, '七里河区', 3, 0),
(607, 62, '西固区', 3, 0),
(608, 62, '安宁区', 3, 0),
(609, 62, '红古区', 3, 0),
(610, 62, '永登县', 3, 0),
(611, 62, '榆中县', 3, 0),
(612, 63, '白银区', 3, 0),
(613, 63, '平川区', 3, 0),
(614, 63, '会宁县', 3, 0),
(615, 63, '景泰县', 3, 0),
(616, 63, '靖远县', 3, 0),
(617, 64, '临洮县', 3, 0),
(618, 64, '陇西县', 3, 0),
(619, 64, '通渭县', 3, 0),
(620, 64, '渭源县', 3, 0),
(621, 64, '漳县', 3, 0),
(622, 64, '岷县', 3, 0),
(623, 64, '安定区', 3, 0),
(624, 64, '安定区', 3, 0),
(625, 65, '合作市', 3, 0),
(626, 65, '临潭县', 3, 0),
(627, 65, '卓尼县', 3, 0),
(628, 65, '舟曲县', 3, 0),
(629, 65, '迭部县', 3, 0),
(630, 65, '玛曲县', 3, 0),
(631, 65, '碌曲县', 3, 0),
(632, 65, '夏河县', 3, 0),
(633, 66, '嘉峪关市', 3, 0),
(634, 67, '金川区', 3, 0),
(635, 67, '永昌县', 3, 0),
(636, 68, '肃州区', 3, 0),
(637, 68, '玉门市', 3, 0),
(638, 68, '敦煌市', 3, 0),
(639, 68, '金塔县', 3, 0),
(640, 68, '瓜州县', 3, 0),
(641, 68, '肃北', 3, 0),
(642, 68, '阿克塞', 3, 0),
(643, 69, '临夏市', 3, 0),
(644, 69, '临夏县', 3, 0),
(645, 69, '康乐县', 3, 0),
(646, 69, '永靖县', 3, 0),
(647, 69, '广河县', 3, 0),
(648, 69, '和政县', 3, 0),
(649, 69, '东乡族自治县', 3, 0),
(650, 69, '积石山', 3, 0),
(651, 70, '成县', 3, 0),
(652, 70, '徽县', 3, 0),
(653, 70, '康县', 3, 0),
(654, 70, '礼县', 3, 0),
(655, 70, '两当县', 3, 0),
(656, 70, '文县', 3, 0),
(657, 70, '西和县', 3, 0),
(658, 70, '宕昌县', 3, 0),
(659, 70, '武都区', 3, 0),
(660, 71, '崇信县', 3, 0),
(661, 71, '华亭县', 3, 0),
(662, 71, '静宁县', 3, 0),
(663, 71, '灵台县', 3, 0),
(664, 71, '崆峒区', 3, 0),
(665, 71, '庄浪县', 3, 0),
(666, 71, '泾川县', 3, 0),
(667, 72, '合水县', 3, 0),
(668, 72, '华池县', 3, 0),
(669, 72, '环县', 3, 0),
(670, 72, '宁县', 3, 0),
(671, 72, '庆城县', 3, 0),
(672, 72, '西峰区', 3, 0),
(673, 72, '镇原县', 3, 0),
(674, 72, '正宁县', 3, 0),
(675, 73, '甘谷县', 3, 0),
(676, 73, '秦安县', 3, 0),
(677, 73, '清水县', 3, 0),
(678, 73, '秦州区', 3, 0),
(679, 73, '麦积区', 3, 0),
(680, 73, '武山县', 3, 0),
(681, 73, '张家川', 3, 0),
(682, 74, '古浪县', 3, 0),
(683, 74, '民勤县', 3, 0),
(684, 74, '天祝', 3, 0),
(685, 74, '凉州区', 3, 0),
(686, 75, '高台县', 3, 0),
(687, 75, '临泽县', 3, 0),
(688, 75, '民乐县', 3, 0),
(689, 75, '山丹县', 3, 0),
(690, 75, '肃南', 3, 0),
(691, 75, '甘州区', 3, 0),
(692, 76, '从化市', 3, 0),
(693, 76, '天河区', 3, 0),
(694, 76, '东山区', 3, 0),
(695, 76, '白云区', 3, 0),
(696, 76, '海珠区', 3, 0),
(697, 76, '荔湾区', 3, 0),
(698, 76, '越秀区', 3, 0),
(699, 76, '黄埔区', 3, 0),
(700, 76, '番禺区', 3, 0),
(701, 76, '花都区', 3, 0),
(702, 76, '增城区', 3, 0),
(703, 76, '从化区', 3, 0),
(704, 76, '市郊', 3, 0),
(705, 77, '福田区', 3, 0),
(706, 77, '罗湖区', 3, 0),
(707, 77, '南山区', 3, 0),
(708, 77, '宝安区', 3, 0),
(709, 77, '龙岗区', 3, 0),
(710, 77, '盐田区', 3, 0),
(711, 78, '湘桥区', 3, 0),
(712, 78, '潮安县', 3, 0),
(713, 78, '饶平县', 3, 0),
(714, 79, '南城区', 3, 0),
(715, 79, '东城区', 3, 0),
(716, 79, '万江区', 3, 0),
(717, 79, '莞城区', 3, 0),
(718, 79, '石龙镇', 3, 0),
(719, 79, '虎门镇', 3, 0),
(720, 79, '麻涌镇', 3, 0),
(721, 79, '道滘镇', 3, 0),
(722, 79, '石碣镇', 3, 0),
(723, 79, '沙田镇', 3, 0),
(724, 79, '望牛墩镇', 3, 0),
(725, 79, '洪梅镇', 3, 0),
(726, 79, '茶山镇', 3, 0),
(727, 79, '寮步镇', 3, 0),
(728, 79, '大岭山镇', 3, 0),
(729, 79, '大朗镇', 3, 0),
(730, 79, '黄江镇', 3, 0),
(731, 79, '樟木头', 3, 0),
(732, 79, '凤岗镇', 3, 0),
(733, 79, '塘厦镇', 3, 0),
(734, 79, '谢岗镇', 3, 0),
(735, 79, '厚街镇', 3, 0),
(736, 79, '清溪镇', 3, 0),
(737, 79, '常平镇', 3, 0),
(738, 79, '桥头镇', 3, 0),
(739, 79, '横沥镇', 3, 0),
(740, 79, '东坑镇', 3, 0),
(741, 79, '企石镇', 3, 0),
(742, 79, '石排镇', 3, 0),
(743, 79, '长安镇', 3, 0),
(744, 79, '中堂镇', 3, 0),
(745, 79, '高埗镇', 3, 0),
(746, 80, '禅城区', 3, 0),
(747, 80, '南海区', 3, 0),
(748, 80, '顺德区', 3, 0),
(749, 80, '三水区', 3, 0),
(750, 80, '高明区', 3, 0),
(751, 81, '东源县', 3, 0),
(752, 81, '和平县', 3, 0),
(753, 81, '源城区', 3, 0),
(754, 81, '连平县', 3, 0),
(755, 81, '龙川县', 3, 0),
(756, 81, '紫金县', 3, 0),
(757, 82, '惠阳区', 3, 0),
(758, 82, '惠城区', 3, 0),
(759, 82, '大亚湾', 3, 0),
(760, 82, '博罗县', 3, 0),
(761, 82, '惠东县', 3, 0),
(762, 82, '龙门县', 3, 0),
(763, 83, '江海区', 3, 0),
(764, 83, '蓬江区', 3, 0),
(765, 83, '新会区', 3, 0),
(766, 83, '台山市', 3, 0),
(767, 83, '开平市', 3, 0),
(768, 83, '鹤山市', 3, 0),
(769, 83, '恩平市', 3, 0),
(770, 84, '榕城区', 3, 0),
(771, 84, '普宁市', 3, 0),
(772, 84, '揭东县', 3, 0),
(773, 84, '揭西县', 3, 0),
(774, 84, '惠来县', 3, 0),
(775, 85, '茂南区', 3, 0),
(776, 85, '茂港区', 3, 0),
(777, 85, '高州市', 3, 0),
(778, 85, '化州市', 3, 0),
(779, 85, '信宜市', 3, 0),
(780, 85, '电白县', 3, 0),
(781, 86, '梅县', 3, 0),
(782, 86, '梅江区', 3, 0),
(783, 86, '兴宁市', 3, 0),
(784, 86, '大埔县', 3, 0),
(785, 86, '丰顺县', 3, 0),
(786, 86, '五华县', 3, 0),
(787, 86, '平远县', 3, 0),
(788, 86, '蕉岭县', 3, 0),
(789, 87, '清城区', 3, 0),
(790, 87, '英德市', 3, 0),
(791, 87, '连州市', 3, 0),
(792, 87, '佛冈县', 3, 0),
(793, 87, '阳山县', 3, 0),
(794, 87, '清新县', 3, 0),
(795, 87, '连山', 3, 0),
(796, 87, '连南', 3, 0),
(797, 88, '南澳县', 3, 0),
(798, 88, '潮阳区', 3, 0),
(799, 88, '澄海区', 3, 0),
(800, 88, '龙湖区', 3, 0),
(801, 88, '金平区', 3, 0),
(802, 88, '濠江区', 3, 0),
(803, 88, '潮南区', 3, 0),
(804, 89, '城区', 3, 0),
(805, 89, '陆丰市', 3, 0),
(806, 89, '海丰县', 3, 0),
(807, 89, '陆河县', 3, 0),
(808, 90, '曲江县', 3, 0),
(809, 90, '浈江区', 3, 0),
(810, 90, '武江区', 3, 0),
(811, 90, '曲江区', 3, 0),
(812, 90, '乐昌市', 3, 0),
(813, 90, '南雄市', 3, 0),
(814, 90, '始兴县', 3, 0),
(815, 90, '仁化县', 3, 0),
(816, 90, '翁源县', 3, 0),
(817, 90, '新丰县', 3, 0),
(818, 90, '乳源', 3, 0),
(819, 91, '江城区', 3, 0),
(820, 91, '阳春市', 3, 0),
(821, 91, '阳西县', 3, 0),
(822, 91, '阳东县', 3, 0),
(823, 92, '云城区', 3, 0),
(824, 92, '罗定市', 3, 0),
(825, 92, '新兴县', 3, 0),
(826, 92, '郁南县', 3, 0),
(827, 92, '云安县', 3, 0),
(828, 93, '赤坎区', 3, 0),
(829, 93, '霞山区', 3, 0),
(830, 93, '坡头区', 3, 0),
(831, 93, '麻章区', 3, 0),
(832, 93, '廉江市', 3, 0),
(833, 93, '雷州市', 3, 0),
(834, 93, '吴川市', 3, 0),
(835, 93, '遂溪县', 3, 0),
(836, 93, '徐闻县', 3, 0),
(837, 94, '肇庆市', 3, 0),
(838, 94, '高要市', 3, 0),
(839, 94, '四会市', 3, 0),
(840, 94, '广宁县', 3, 0),
(841, 94, '怀集县', 3, 0),
(842, 94, '封开县', 3, 0),
(843, 94, '德庆县', 3, 0),
(844, 95, '石岐街道', 3, 0),
(845, 95, '东区街道', 3, 0),
(846, 95, '西区街道', 3, 0),
(847, 95, '环城街道', 3, 0),
(848, 95, '中山港街道', 3, 0),
(849, 95, '五桂山街道', 3, 0),
(850, 96, '香洲区', 3, 0),
(851, 96, '斗门区', 3, 0),
(852, 96, '金湾区', 3, 0),
(853, 97, '邕宁区', 3, 0),
(854, 97, '青秀区', 3, 0),
(855, 97, '兴宁区', 3, 0),
(856, 97, '良庆区', 3, 0),
(857, 97, '西乡塘区', 3, 0),
(858, 97, '江南区', 3, 0),
(859, 97, '武鸣县', 3, 0),
(860, 97, '隆安县', 3, 0),
(861, 97, '马山县', 3, 0),
(862, 97, '上林县', 3, 0),
(863, 97, '宾阳县', 3, 0),
(864, 97, '横县', 3, 0),
(865, 98, '秀峰区', 3, 0),
(866, 98, '叠彩区', 3, 0),
(867, 98, '象山区', 3, 0),
(868, 98, '七星区', 3, 0),
(869, 98, '雁山区', 3, 0),
(870, 98, '阳朔县', 3, 0),
(871, 98, '临桂县', 3, 0),
(872, 98, '灵川县', 3, 0),
(873, 98, '全州县', 3, 0),
(874, 98, '平乐县', 3, 0),
(875, 98, '兴安县', 3, 0),
(876, 98, '灌阳县', 3, 0),
(877, 98, '荔浦县', 3, 0),
(878, 98, '资源县', 3, 0),
(879, 98, '永福县', 3, 0),
(880, 98, '龙胜', 3, 0),
(881, 98, '恭城', 3, 0),
(882, 99, '右江区', 3, 0),
(883, 99, '凌云县', 3, 0),
(884, 99, '平果县', 3, 0),
(885, 99, '西林县', 3, 0),
(886, 99, '乐业县', 3, 0),
(887, 99, '德保县', 3, 0),
(888, 99, '田林县', 3, 0),
(889, 99, '田阳县', 3, 0),
(890, 99, '靖西县', 3, 0),
(891, 99, '田东县', 3, 0),
(892, 99, '那坡县', 3, 0),
(893, 99, '隆林', 3, 0),
(894, 100, '海城区', 3, 0),
(895, 100, '银海区', 3, 0),
(896, 100, '铁山港区', 3, 0),
(897, 100, '合浦县', 3, 0),
(898, 101, '江州区', 3, 0),
(899, 101, '凭祥市', 3, 0),
(900, 101, '宁明县', 3, 0),
(901, 101, '扶绥县', 3, 0),
(902, 101, '龙州县', 3, 0),
(903, 101, '大新县', 3, 0),
(904, 101, '天等县', 3, 0),
(905, 102, '港口区', 3, 0),
(906, 102, '防城区', 3, 0),
(907, 102, '东兴市', 3, 0),
(908, 102, '上思县', 3, 0),
(909, 103, '港北区', 3, 0),
(910, 103, '港南区', 3, 0),
(911, 103, '覃塘区', 3, 0),
(912, 103, '桂平市', 3, 0),
(913, 103, '平南县', 3, 0),
(914, 104, '金城江区', 3, 0),
(915, 104, '宜州市', 3, 0),
(916, 104, '天峨县', 3, 0),
(917, 104, '凤山县', 3, 0),
(918, 104, '南丹县', 3, 0),
(919, 104, '东兰县', 3, 0),
(920, 104, '都安', 3, 0),
(921, 104, '罗城', 3, 0),
(922, 104, '巴马', 3, 0),
(923, 104, '环江', 3, 0),
(924, 104, '大化', 3, 0),
(925, 105, '八步区', 3, 0),
(926, 105, '钟山县', 3, 0),
(927, 105, '昭平县', 3, 0),
(928, 105, '富川', 3, 0),
(929, 106, '兴宾区', 3, 0),
(930, 106, '合山市', 3, 0),
(931, 106, '象州县', 3, 0),
(932, 106, '武宣县', 3, 0),
(933, 106, '忻城县', 3, 0),
(934, 106, '金秀', 3, 0),
(935, 107, '城中区', 3, 0),
(936, 107, '鱼峰区', 3, 0),
(937, 107, '柳北区', 3, 0),
(938, 107, '柳南区', 3, 0),
(939, 107, '柳江县', 3, 0),
(940, 107, '柳城县', 3, 0),
(941, 107, '鹿寨县', 3, 0),
(942, 107, '融安县', 3, 0),
(943, 107, '融水', 3, 0),
(944, 107, '三江', 3, 0),
(945, 108, '钦南区', 3, 0),
(946, 108, '钦北区', 3, 0),
(947, 108, '灵山县', 3, 0),
(948, 108, '浦北县', 3, 0),
(949, 109, '万秀区', 3, 0),
(950, 109, '蝶山区', 3, 0),
(951, 109, '长洲区', 3, 0),
(952, 109, '岑溪市', 3, 0),
(953, 109, '苍梧县', 3, 0),
(954, 109, '藤县', 3, 0),
(955, 109, '蒙山县', 3, 0),
(956, 110, '玉州区', 3, 0),
(957, 110, '北流市', 3, 0),
(958, 110, '容县', 3, 0),
(959, 110, '陆川县', 3, 0),
(960, 110, '博白县', 3, 0),
(961, 110, '兴业县', 3, 0),
(962, 111, '南明区', 3, 0),
(963, 111, '云岩区', 3, 0),
(964, 111, '花溪区', 3, 0),
(965, 111, '乌当区', 3, 0),
(966, 111, '白云区', 3, 0),
(967, 111, '小河区', 3, 0),
(968, 111, '金阳新区', 3, 0),
(969, 111, '新天园区', 3, 0),
(970, 111, '清镇市', 3, 0),
(971, 111, '开阳县', 3, 0),
(972, 111, '修文县', 3, 0),
(973, 111, '息烽县', 3, 0),
(974, 112, '西秀区', 3, 0),
(975, 112, '关岭', 3, 0),
(976, 112, '镇宁', 3, 0),
(977, 112, '紫云', 3, 0),
(978, 112, '平坝县', 3, 0),
(979, 112, '普定县', 3, 0),
(980, 113, '毕节市', 3, 0),
(981, 113, '大方县', 3, 0),
(982, 113, '黔西县', 3, 0),
(983, 113, '金沙县', 3, 0),
(984, 113, '织金县', 3, 0),
(985, 113, '纳雍县', 3, 0),
(986, 113, '赫章县', 3, 0),
(987, 113, '威宁', 3, 0),
(988, 114, '钟山区', 3, 0),
(989, 114, '六枝特区', 3, 0),
(990, 114, '水城县', 3, 0),
(991, 114, '盘县', 3, 0),
(992, 115, '凯里市', 3, 0),
(993, 115, '黄平县', 3, 0),
(994, 115, '施秉县', 3, 0),
(995, 115, '三穗县', 3, 0),
(996, 115, '镇远县', 3, 0),
(997, 115, '岑巩县', 3, 0),
(998, 115, '天柱县', 3, 0),
(999, 115, '锦屏县', 3, 0),
(1000, 115, '剑河县', 3, 0),
(1001, 115, '台江县', 3, 0),
(1002, 115, '黎平县', 3, 0),
(1003, 115, '榕江县', 3, 0),
(1004, 115, '从江县', 3, 0),
(1005, 115, '雷山县', 3, 0),
(1006, 115, '麻江县', 3, 0),
(1007, 115, '丹寨县', 3, 0),
(1008, 116, '都匀市', 3, 0),
(1009, 116, '福泉市', 3, 0),
(1010, 116, '荔波县', 3, 0),
(1011, 116, '贵定县', 3, 0),
(1012, 116, '瓮安县', 3, 0),
(1013, 116, '独山县', 3, 0),
(1014, 116, '平塘县', 3, 0),
(1015, 116, '罗甸县', 3, 0),
(1016, 116, '长顺县', 3, 0),
(1017, 116, '龙里县', 3, 0),
(1018, 116, '惠水县', 3, 0),
(1019, 116, '三都', 3, 0),
(1020, 117, '兴义市', 3, 0),
(1021, 117, '兴仁县', 3, 0),
(1022, 117, '普安县', 3, 0),
(1023, 117, '晴隆县', 3, 0),
(1024, 117, '贞丰县', 3, 0),
(1025, 117, '望谟县', 3, 0),
(1026, 117, '册亨县', 3, 0),
(1027, 117, '安龙县', 3, 0),
(1028, 118, '铜仁市', 3, 0),
(1029, 118, '江口县', 3, 0),
(1030, 118, '石阡县', 3, 0),
(1031, 118, '思南县', 3, 0),
(1032, 118, '德江县', 3, 0),
(1033, 118, '玉屏', 3, 0),
(1034, 118, '印江', 3, 0),
(1035, 118, '沿河', 3, 0),
(1036, 118, '松桃', 3, 0),
(1037, 118, '万山特区', 3, 0),
(1038, 119, '红花岗区', 3, 0),
(1039, 119, '务川县', 3, 0),
(1040, 119, '道真县', 3, 0),
(1041, 119, '汇川区', 3, 0),
(1042, 119, '赤水市', 3, 0),
(1043, 119, '仁怀市', 3, 0),
(1044, 119, '遵义县', 3, 0),
(1045, 119, '桐梓县', 3, 0),
(1046, 119, '绥阳县', 3, 0),
(1047, 119, '正安县', 3, 0),
(1048, 119, '凤冈县', 3, 0),
(1049, 119, '湄潭县', 3, 0),
(1050, 119, '余庆县', 3, 0),
(1051, 119, '习水县', 3, 0),
(1052, 119, '道真', 3, 0),
(1053, 119, '务川', 3, 0),
(1054, 120, '秀英区', 3, 0),
(1055, 120, '龙华区', 3, 0),
(1056, 120, '琼山区', 3, 0),
(1057, 120, '美兰区', 3, 0),
(1058, 137, '市区', 3, 0),
(1059, 137, '洋浦开发区', 3, 0),
(1060, 137, '那大镇', 3, 0),
(1061, 137, '王五镇', 3, 0),
(1062, 137, '雅星镇', 3, 0),
(1063, 137, '大成镇', 3, 0),
(1064, 137, '中和镇', 3, 0),
(1065, 137, '峨蔓镇', 3, 0),
(1066, 137, '南丰镇', 3, 0),
(1067, 137, '白马井镇', 3, 0),
(1068, 137, '兰洋镇', 3, 0),
(1069, 137, '和庆镇', 3, 0),
(1070, 137, '海头镇', 3, 0),
(1071, 137, '排浦镇', 3, 0),
(1072, 137, '东成镇', 3, 0),
(1073, 137, '光村镇', 3, 0),
(1074, 137, '木棠镇', 3, 0),
(1075, 137, '新州镇', 3, 0),
(1076, 137, '三都镇', 3, 0),
(1077, 137, '其他', 3, 0),
(1078, 138, '长安区', 3, 0),
(1079, 138, '桥东区', 3, 0),
(1080, 138, '桥西区', 3, 0),
(1081, 138, '新华区', 3, 0),
(1082, 138, '裕华区', 3, 0),
(1083, 138, '井陉矿区', 3, 0),
(1084, 138, '高新区', 3, 0),
(1085, 138, '辛集市', 3, 0),
(1086, 138, '藁城市', 3, 0),
(1087, 138, '晋州市', 3, 0),
(1088, 138, '新乐市', 3, 0),
(1089, 138, '鹿泉市', 3, 0),
(1090, 138, '井陉县', 3, 0),
(1091, 138, '正定县', 3, 0),
(1092, 138, '栾城县', 3, 0),
(1093, 138, '行唐县', 3, 0),
(1094, 138, '灵寿县', 3, 0),
(1095, 138, '高邑县', 3, 0),
(1096, 138, '深泽县', 3, 0),
(1097, 138, '赞皇县', 3, 0),
(1098, 138, '无极县', 3, 0),
(1099, 138, '平山县', 3, 0),
(1100, 138, '元氏县', 3, 0),
(1101, 138, '赵县', 3, 0),
(1102, 139, '新市区', 3, 0),
(1103, 139, '南市区', 3, 0),
(1104, 139, '北市区', 3, 0),
(1105, 139, '涿州市', 3, 0),
(1106, 139, '定州市', 3, 0),
(1107, 139, '安国市', 3, 0),
(1108, 139, '高碑店市', 3, 0),
(1109, 139, '满城县', 3, 0),
(1110, 139, '清苑县', 3, 0),
(1111, 139, '涞水县', 3, 0),
(1112, 139, '阜平县', 3, 0),
(1113, 139, '徐水县', 3, 0),
(1114, 139, '定兴县', 3, 0),
(1115, 139, '唐县', 3, 0),
(1116, 139, '高阳县', 3, 0),
(1117, 139, '容城县', 3, 0),
(1118, 139, '涞源县', 3, 0),
(1119, 139, '望都县', 3, 0),
(1120, 139, '安新县', 3, 0),
(1121, 139, '易县', 3, 0),
(1122, 139, '曲阳县', 3, 0),
(1123, 139, '蠡县', 3, 0),
(1124, 139, '顺平县', 3, 0),
(1125, 139, '博野县', 3, 0),
(1126, 139, '雄县', 3, 0),
(1127, 140, '运河区', 3, 0),
(1128, 140, '新华区', 3, 0),
(1129, 140, '泊头市', 3, 0),
(1130, 140, '任丘市', 3, 0),
(1131, 140, '黄骅市', 3, 0),
(1132, 140, '河间市', 3, 0),
(1133, 140, '沧县', 3, 0),
(1134, 140, '青县', 3, 0),
(1135, 140, '东光县', 3, 0),
(1136, 140, '海兴县', 3, 0),
(1137, 140, '盐山县', 3, 0),
(1138, 140, '肃宁县', 3, 0),
(1139, 140, '南皮县', 3, 0),
(1140, 140, '吴桥县', 3, 0),
(1141, 140, '献县', 3, 0),
(1142, 140, '孟村', 3, 0),
(1143, 141, '双桥区', 3, 0),
(1144, 141, '双滦区', 3, 0),
(1145, 141, '鹰手营子矿区', 3, 0),
(1146, 141, '承德县', 3, 0),
(1147, 141, '兴隆县', 3, 0),
(1148, 141, '平泉县', 3, 0),
(1149, 141, '滦平县', 3, 0),
(1150, 141, '隆化县', 3, 0),
(1151, 141, '丰宁', 3, 0),
(1152, 141, '宽城', 3, 0),
(1153, 141, '围场', 3, 0),
(1154, 142, '从台区', 3, 0),
(1155, 142, '复兴区', 3, 0),
(1156, 142, '邯山区', 3, 0),
(1157, 142, '峰峰矿区', 3, 0),
(1158, 142, '武安市', 3, 0),
(1159, 142, '邯郸县', 3, 0),
(1160, 142, '临漳县', 3, 0),
(1161, 142, '成安县', 3, 0),
(1162, 142, '大名县', 3, 0),
(1163, 142, '涉县', 3, 0),
(1164, 142, '磁县', 3, 0),
(1165, 142, '肥乡县', 3, 0),
(1166, 142, '永年县', 3, 0),
(1167, 142, '邱县', 3, 0),
(1168, 142, '鸡泽县', 3, 0),
(1169, 142, '广平县', 3, 0),
(1170, 142, '馆陶县', 3, 0),
(1171, 142, '魏县', 3, 0),
(1172, 142, '曲周县', 3, 0),
(1173, 143, '桃城区', 3, 0),
(1174, 143, '冀州市', 3, 0),
(1175, 143, '深州市', 3, 0),
(1176, 143, '枣强县', 3, 0),
(1177, 143, '武邑县', 3, 0),
(1178, 143, '武强县', 3, 0),
(1179, 143, '饶阳县', 3, 0),
(1180, 143, '安平县', 3, 0),
(1181, 143, '故城县', 3, 0),
(1182, 143, '景县', 3, 0),
(1183, 143, '阜城县', 3, 0),
(1184, 144, '安次区', 3, 0),
(1185, 144, '广阳区', 3, 0),
(1186, 144, '霸州市', 3, 0),
(1187, 144, '三河市', 3, 0),
(1188, 144, '固安县', 3, 0),
(1189, 144, '永清县', 3, 0),
(1190, 144, '香河县', 3, 0),
(1191, 144, '大城县', 3, 0),
(1192, 144, '文安县', 3, 0),
(1193, 144, '大厂', 3, 0),
(1194, 145, '海港区', 3, 0),
(1195, 145, '山海关区', 3, 0),
(1196, 145, '北戴河区', 3, 0),
(1197, 145, '昌黎县', 3, 0),
(1198, 145, '抚宁县', 3, 0),
(1199, 145, '卢龙县', 3, 0),
(1200, 145, '青龙', 3, 0),
(1201, 146, '路北区', 3, 0),
(1202, 146, '路南区', 3, 0),
(1203, 146, '古冶区', 3, 0),
(1204, 146, '开平区', 3, 0),
(1205, 146, '丰南区', 3, 0),
(1206, 146, '丰润区', 3, 0),
(1207, 146, '遵化市', 3, 0),
(1208, 146, '迁安市', 3, 0),
(1209, 146, '滦县', 3, 0),
(1210, 146, '滦南县', 3, 0),
(1211, 146, '乐亭县', 3, 0),
(1212, 146, '迁西县', 3, 0),
(1213, 146, '玉田县', 3, 0),
(1214, 146, '唐海县', 3, 0),
(1215, 147, '桥东区', 3, 0),
(1216, 147, '桥西区', 3, 0),
(1217, 147, '南宫市', 3, 0),
(1218, 147, '沙河市', 3, 0),
(1219, 147, '邢台县', 3, 0),
(1220, 147, '临城县', 3, 0),
(1221, 147, '内丘县', 3, 0),
(1222, 147, '柏乡县', 3, 0),
(1223, 147, '隆尧县', 3, 0),
(1224, 147, '任县', 3, 0),
(1225, 147, '南和县', 3, 0),
(1226, 147, '宁晋县', 3, 0),
(1227, 147, '巨鹿县', 3, 0),
(1228, 147, '新河县', 3, 0),
(1229, 147, '广宗县', 3, 0),
(1230, 147, '平乡县', 3, 0),
(1231, 147, '威县', 3, 0),
(1232, 147, '清河县', 3, 0),
(1233, 147, '临西县', 3, 0),
(1234, 148, '桥西区', 3, 0),
(1235, 148, '桥东区', 3, 0),
(1236, 148, '宣化区', 3, 0),
(1237, 148, '下花园区', 3, 0),
(1238, 148, '宣化县', 3, 0),
(1239, 148, '张北县', 3, 0),
(1240, 148, '康保县', 3, 0),
(1241, 148, '沽源县', 3, 0),
(1242, 148, '尚义县', 3, 0),
(1243, 148, '蔚县', 3, 0),
(1244, 148, '阳原县', 3, 0),
(1245, 148, '怀安县', 3, 0),
(1246, 148, '万全县', 3, 0),
(1247, 148, '怀来县', 3, 0),
(1248, 148, '涿鹿县', 3, 0),
(1249, 148, '赤城县', 3, 0),
(1250, 148, '崇礼县', 3, 0),
(1251, 149, '金水区', 3, 0),
(1252, 149, '邙山区', 3, 0),
(1253, 149, '二七区', 3, 0),
(1254, 149, '管城区', 3, 0),
(1255, 149, '中原区', 3, 0),
(1256, 149, '上街区', 3, 0),
(1257, 149, '惠济区', 3, 0),
(1258, 149, '郑东新区', 3, 0),
(1259, 149, '经济技术开发区', 3, 0),
(1260, 149, '高新开发区', 3, 0),
(1261, 149, '出口加工区', 3, 0),
(1262, 149, '巩义市', 3, 0),
(1263, 149, '荥阳市', 3, 0),
(1264, 149, '新密市', 3, 0),
(1265, 149, '新郑市', 3, 0),
(1266, 149, '登封市', 3, 0),
(1267, 149, '中牟县', 3, 0),
(1268, 150, '西工区', 3, 0),
(1269, 150, '老城区', 3, 0),
(1270, 150, '涧西区', 3, 0),
(1271, 150, '瀍河回族区', 3, 0),
(1272, 150, '洛龙区', 3, 0),
(1273, 150, '吉利区', 3, 0),
(1274, 150, '偃师市', 3, 0),
(1275, 150, '孟津县', 3, 0),
(1276, 150, '新安县', 3, 0),
(1277, 150, '栾川县', 3, 0),
(1278, 150, '嵩县', 3, 0),
(1279, 150, '汝阳县', 3, 0),
(1280, 150, '宜阳县', 3, 0),
(1281, 150, '洛宁县', 3, 0),
(1282, 150, '伊川县', 3, 0),
(1283, 151, '鼓楼区', 3, 0),
(1284, 151, '龙亭区', 3, 0),
(1285, 151, '顺河回族区', 3, 0),
(1286, 151, '金明区', 3, 0),
(1287, 151, '禹王台区', 3, 0),
(1288, 151, '杞县', 3, 0),
(1289, 151, '通许县', 3, 0),
(1290, 151, '尉氏县', 3, 0),
(1291, 151, '开封县', 3, 0),
(1292, 151, '兰考县', 3, 0),
(1293, 152, '北关区', 3, 0),
(1294, 152, '文峰区', 3, 0),
(1295, 152, '殷都区', 3, 0),
(1296, 152, '龙安区', 3, 0),
(1297, 152, '林州市', 3, 0),
(1298, 152, '安阳县', 3, 0),
(1299, 152, '汤阴县', 3, 0),
(1300, 152, '滑县', 3, 0),
(1301, 152, '内黄县', 3, 0),
(1302, 153, '淇滨区', 3, 0),
(1303, 153, '山城区', 3, 0),
(1304, 153, '鹤山区', 3, 0),
(1305, 153, '浚县', 3, 0),
(1306, 153, '淇县', 3, 0),
(1307, 154, '济源市', 3, 0),
(1308, 155, '解放区', 3, 0),
(1309, 155, '中站区', 3, 0),
(1310, 155, '马村区', 3, 0),
(1311, 155, '山阳区', 3, 0),
(1312, 155, '沁阳市', 3, 0),
(1313, 155, '孟州市', 3, 0),
(1314, 155, '修武县', 3, 0),
(1315, 155, '博爱县', 3, 0),
(1316, 155, '武陟县', 3, 0),
(1317, 155, '温县', 3, 0),
(1318, 156, '卧龙区', 3, 0),
(1319, 156, '宛城区', 3, 0),
(1320, 156, '邓州市', 3, 0),
(1321, 156, '南召县', 3, 0),
(1322, 156, '方城县', 3, 0),
(1323, 156, '西峡县', 3, 0),
(1324, 156, '镇平县', 3, 0),
(1325, 156, '内乡县', 3, 0),
(1326, 156, '淅川县', 3, 0),
(1327, 156, '社旗县', 3, 0),
(1328, 156, '唐河县', 3, 0),
(1329, 156, '新野县', 3, 0),
(1330, 156, '桐柏县', 3, 0),
(1331, 157, '新华区', 3, 0),
(1332, 157, '卫东区', 3, 0),
(1333, 157, '湛河区', 3, 0),
(1334, 157, '石龙区', 3, 0),
(1335, 157, '舞钢市', 3, 0),
(1336, 157, '汝州市', 3, 0),
(1337, 157, '宝丰县', 3, 0),
(1338, 157, '叶县', 3, 0),
(1339, 157, '鲁山县', 3, 0),
(1340, 157, '郏县', 3, 0),
(1341, 158, '湖滨区', 3, 0),
(1342, 158, '义马市', 3, 0),
(1343, 158, '灵宝市', 3, 0),
(1344, 158, '渑池县', 3, 0),
(1345, 158, '陕县', 3, 0),
(1346, 158, '卢氏县', 3, 0),
(1347, 159, '梁园区', 3, 0),
(1348, 159, '睢阳区', 3, 0),
(1349, 159, '永城市', 3, 0),
(1350, 159, '民权县', 3, 0),
(1351, 159, '睢县', 3, 0),
(1352, 159, '宁陵县', 3, 0),
(1353, 159, '虞城县', 3, 0),
(1354, 159, '柘城县', 3, 0),
(1355, 159, '夏邑县', 3, 0),
(1356, 160, '卫滨区', 3, 0),
(1357, 160, '红旗区', 3, 0),
(1358, 160, '凤泉区', 3, 0),
(1359, 160, '牧野区', 3, 0),
(1360, 160, '卫辉市', 3, 0),
(1361, 160, '辉县市', 3, 0),
(1362, 160, '新乡县', 3, 0),
(1363, 160, '获嘉县', 3, 0),
(1364, 160, '原阳县', 3, 0),
(1365, 160, '延津县', 3, 0),
(1366, 160, '封丘县', 3, 0),
(1367, 160, '长垣县', 3, 0),
(1368, 161, '浉河区', 3, 0),
(1369, 161, '平桥区', 3, 0),
(1370, 161, '罗山县', 3, 0),
(1371, 161, '光山县', 3, 0),
(1372, 161, '新县', 3, 0),
(1373, 161, '商城县', 3, 0),
(1374, 161, '固始县', 3, 0),
(1375, 161, '潢川县', 3, 0),
(1376, 161, '淮滨县', 3, 0),
(1377, 161, '息县', 3, 0),
(1378, 162, '魏都区', 3, 0),
(1379, 162, '禹州市', 3, 0),
(1380, 162, '长葛市', 3, 0),
(1381, 162, '许昌县', 3, 0),
(1382, 162, '鄢陵县', 3, 0),
(1383, 162, '襄城县', 3, 0),
(1384, 163, '川汇区', 3, 0),
(1385, 163, '项城市', 3, 0),
(1386, 163, '扶沟县', 3, 0),
(1387, 163, '西华县', 3, 0),
(1388, 163, '商水县', 3, 0),
(1389, 163, '沈丘县', 3, 0),
(1390, 163, '郸城县', 3, 0),
(1391, 163, '淮阳县', 3, 0),
(1392, 163, '太康县', 3, 0),
(1393, 163, '鹿邑县', 3, 0),
(1394, 164, '驿城区', 3, 0),
(1395, 164, '西平县', 3, 0),
(1396, 164, '上蔡县', 3, 0),
(1397, 164, '平舆县', 3, 0),
(1398, 164, '正阳县', 3, 0),
(1399, 164, '确山县', 3, 0),
(1400, 164, '泌阳县', 3, 0),
(1401, 164, '汝南县', 3, 0),
(1402, 164, '遂平县', 3, 0),
(1403, 164, '新蔡县', 3, 0),
(1404, 165, '郾城区', 3, 0),
(1405, 165, '源汇区', 3, 0),
(1406, 165, '召陵区', 3, 0),
(1407, 165, '舞阳县', 3, 0),
(1408, 165, '临颍县', 3, 0),
(1409, 166, '华龙区', 3, 0),
(1410, 166, '清丰县', 3, 0),
(1411, 166, '南乐县', 3, 0),
(1412, 166, '范县', 3, 0),
(1413, 166, '台前县', 3, 0),
(1414, 166, '濮阳县', 3, 0),
(1415, 167, '道里区', 3, 0),
(1416, 167, '南岗区', 3, 0),
(1417, 167, '动力区', 3, 0),
(1418, 167, '平房区', 3, 0),
(1419, 167, '香坊区', 3, 0),
(1420, 167, '太平区', 3, 0),
(1421, 167, '道外区', 3, 0),
(1422, 167, '阿城区', 3, 0),
(1423, 167, '呼兰区', 3, 0),
(1424, 167, '松北区', 3, 0),
(1425, 167, '尚志市', 3, 0),
(1426, 167, '双城市', 3, 0),
(1427, 167, '五常市', 3, 0),
(1428, 167, '方正县', 3, 0),
(1429, 167, '宾县', 3, 0),
(1430, 167, '依兰县', 3, 0),
(1431, 167, '巴彦县', 3, 0),
(1432, 167, '通河县', 3, 0),
(1433, 167, '木兰县', 3, 0),
(1434, 167, '延寿县', 3, 0),
(1435, 168, '萨尔图区', 3, 0),
(1436, 168, '红岗区', 3, 0),
(1437, 168, '龙凤区', 3, 0),
(1438, 168, '让胡路区', 3, 0),
(1439, 168, '大同区', 3, 0),
(1440, 168, '肇州县', 3, 0),
(1441, 168, '肇源县', 3, 0),
(1442, 168, '林甸县', 3, 0),
(1443, 168, '杜尔伯特', 3, 0),
(1444, 169, '呼玛县', 3, 0),
(1445, 169, '漠河县', 3, 0),
(1446, 169, '塔河县', 3, 0),
(1447, 170, '兴山区', 3, 0),
(1448, 170, '工农区', 3, 0),
(1449, 170, '南山区', 3, 0),
(1450, 170, '兴安区', 3, 0),
(1451, 170, '向阳区', 3, 0),
(1452, 170, '东山区', 3, 0),
(1453, 170, '萝北县', 3, 0),
(1454, 170, '绥滨县', 3, 0),
(1455, 171, '爱辉区', 3, 0),
(1456, 171, '五大连池市', 3, 0),
(1457, 171, '北安市', 3, 0),
(1458, 171, '嫩江县', 3, 0),
(1459, 171, '逊克县', 3, 0),
(1460, 171, '孙吴县', 3, 0),
(1461, 172, '鸡冠区', 3, 0),
(1462, 172, '恒山区', 3, 0),
(1463, 172, '城子河区', 3, 0),
(1464, 172, '滴道区', 3, 0),
(1465, 172, '梨树区', 3, 0),
(1466, 172, '虎林市', 3, 0),
(1467, 172, '密山市', 3, 0),
(1468, 172, '鸡东县', 3, 0),
(1469, 173, '前进区', 3, 0),
(1470, 173, '郊区', 3, 0),
(1471, 173, '向阳区', 3, 0),
(1472, 173, '东风区', 3, 0),
(1473, 173, '同江市', 3, 0),
(1474, 173, '富锦市', 3, 0),
(1475, 173, '桦南县', 3, 0),
(1476, 173, '桦川县', 3, 0),
(1477, 173, '汤原县', 3, 0),
(1478, 173, '抚远县', 3, 0),
(1479, 174, '爱民区', 3, 0),
(1480, 174, '东安区', 3, 0),
(1481, 174, '阳明区', 3, 0),
(1482, 174, '西安区', 3, 0),
(1483, 174, '绥芬河市', 3, 0),
(1484, 174, '海林市', 3, 0),
(1485, 174, '宁安市', 3, 0),
(1486, 174, '穆棱市', 3, 0),
(1487, 174, '东宁县', 3, 0),
(1488, 174, '林口县', 3, 0),
(1489, 175, '桃山区', 3, 0),
(1490, 175, '新兴区', 3, 0),
(1491, 175, '茄子河区', 3, 0),
(1492, 175, '勃利县', 3, 0),
(1493, 176, '龙沙区', 3, 0),
(1494, 176, '昂昂溪区', 3, 0),
(1495, 176, '铁峰区', 3, 0),
(1496, 176, '建华区', 3, 0),
(1497, 176, '富拉尔基区', 3, 0),
(1498, 176, '碾子山区', 3, 0),
(1499, 176, '梅里斯达斡尔区', 3, 0),
(1500, 176, '讷河市', 3, 0),
(1501, 176, '龙江县', 3, 0),
(1502, 176, '依安县', 3, 0),
(1503, 176, '泰来县', 3, 0),
(1504, 176, '甘南县', 3, 0),
(1505, 176, '富裕县', 3, 0),
(1506, 176, '克山县', 3, 0),
(1507, 176, '克东县', 3, 0),
(1508, 176, '拜泉县', 3, 0),
(1509, 177, '尖山区', 3, 0),
(1510, 177, '岭东区', 3, 0),
(1511, 177, '四方台区', 3, 0),
(1512, 177, '宝山区', 3, 0),
(1513, 177, '集贤县', 3, 0),
(1514, 177, '友谊县', 3, 0),
(1515, 177, '宝清县', 3, 0),
(1516, 177, '饶河县', 3, 0),
(1517, 178, '北林区', 3, 0),
(1518, 178, '安达市', 3, 0),
(1519, 178, '肇东市', 3, 0),
(1520, 178, '海伦市', 3, 0),
(1521, 178, '望奎县', 3, 0),
(1522, 178, '兰西县', 3, 0),
(1523, 178, '青冈县', 3, 0),
(1524, 178, '庆安县', 3, 0),
(1525, 178, '明水县', 3, 0),
(1526, 178, '绥棱县', 3, 0),
(1527, 179, '伊春区', 3, 0),
(1528, 179, '带岭区', 3, 0),
(1529, 179, '南岔区', 3, 0),
(1530, 179, '金山屯区', 3, 0),
(1531, 179, '西林区', 3, 0),
(1532, 179, '美溪区', 3, 0),
(1533, 179, '乌马河区', 3, 0),
(1534, 179, '翠峦区', 3, 0),
(1535, 179, '友好区', 3, 0),
(1536, 179, '上甘岭区', 3, 0),
(1537, 179, '五营区', 3, 0),
(1538, 179, '红星区', 3, 0),
(1539, 179, '新青区', 3, 0),
(1540, 179, '汤旺河区', 3, 0),
(1541, 179, '乌伊岭区', 3, 0),
(1542, 179, '铁力市', 3, 0),
(1543, 179, '嘉荫县', 3, 0),
(1544, 180, '江岸区', 3, 0),
(1545, 180, '武昌区', 3, 0),
(1546, 180, '江汉区', 3, 0),
(1547, 180, '硚口区', 3, 0),
(1548, 180, '汉阳区', 3, 0),
(1549, 180, '青山区', 3, 0),
(1550, 180, '洪山区', 3, 0),
(1551, 180, '东西湖区', 3, 0),
(1552, 180, '汉南区', 3, 0),
(1553, 180, '蔡甸区', 3, 0),
(1554, 180, '江夏区', 3, 0),
(1555, 180, '黄陂区', 3, 0),
(1556, 180, '新洲区', 3, 0),
(1557, 180, '经济开发区', 3, 0),
(1558, 181, '仙桃市', 3, 0),
(1559, 182, '鄂城区', 3, 0),
(1560, 182, '华容区', 3, 0),
(1561, 182, '梁子湖区', 3, 0),
(1562, 183, '黄州区', 3, 0),
(1563, 183, '麻城市', 3, 0),
(1564, 183, '武穴市', 3, 0),
(1565, 183, '团风县', 3, 0),
(1566, 183, '红安县', 3, 0),
(1567, 183, '罗田县', 3, 0),
(1568, 183, '英山县', 3, 0),
(1569, 183, '浠水县', 3, 0),
(1570, 183, '蕲春县', 3, 0),
(1571, 183, '黄梅县', 3, 0),
(1572, 184, '黄石港区', 3, 0),
(1573, 184, '西塞山区', 3, 0),
(1574, 184, '下陆区', 3, 0),
(1575, 184, '铁山区', 3, 0),
(1576, 184, '大冶市', 3, 0),
(1577, 184, '阳新县', 3, 0),
(1578, 185, '东宝区', 3, 0),
(1579, 185, '掇刀区', 3, 0),
(1580, 185, '钟祥市', 3, 0),
(1581, 185, '京山县', 3, 0),
(1582, 185, '沙洋县', 3, 0),
(1583, 186, '沙市区', 3, 0),
(1584, 186, '荆州区', 3, 0),
(1585, 186, '石首市', 3, 0),
(1586, 186, '洪湖市', 3, 0),
(1587, 186, '松滋市', 3, 0),
(1588, 186, '公安县', 3, 0),
(1589, 186, '监利县', 3, 0),
(1590, 186, '江陵县', 3, 0),
(1591, 187, '潜江市', 3, 0),
(1592, 188, '神农架林区', 3, 0),
(1593, 189, '张湾区', 3, 0),
(1594, 189, '茅箭区', 3, 0),
(1595, 189, '丹江口市', 3, 0),
(1596, 189, '郧县', 3, 0),
(1597, 189, '郧西县', 3, 0),
(1598, 189, '竹山县', 3, 0),
(1599, 189, '竹溪县', 3, 0),
(1600, 189, '房县', 3, 0),
(1601, 190, '曾都区', 3, 0),
(1602, 190, '广水市', 3, 0),
(1603, 191, '天门市', 3, 0),
(1604, 192, '咸安区', 3, 0),
(1605, 192, '赤壁市', 3, 0),
(1606, 192, '嘉鱼县', 3, 0),
(1607, 192, '通城县', 3, 0),
(1608, 192, '崇阳县', 3, 0),
(1609, 192, '通山县', 3, 0),
(1610, 193, '襄城区', 3, 0),
(1611, 193, '樊城区', 3, 0),
(1612, 193, '襄阳区', 3, 0),
(1613, 193, '老河口市', 3, 0),
(1614, 193, '枣阳市', 3, 0),
(1615, 193, '宜城市', 3, 0),
(1616, 193, '南漳县', 3, 0),
(1617, 193, '谷城县', 3, 0),
(1618, 193, '保康县', 3, 0),
(1619, 194, '孝南区', 3, 0),
(1620, 194, '应城市', 3, 0),
(1621, 194, '安陆市', 3, 0),
(1622, 194, '汉川市', 3, 0),
(1623, 194, '孝昌县', 3, 0),
(1624, 194, '大悟县', 3, 0),
(1625, 194, '云梦县', 3, 0),
(1626, 195, '长阳', 3, 0),
(1627, 195, '五峰', 3, 0),
(1628, 195, '西陵区', 3, 0),
(1629, 195, '伍家岗区', 3, 0),
(1630, 195, '点军区', 3, 0),
(1631, 195, '猇亭区', 3, 0),
(1632, 195, '夷陵区', 3, 0),
(1633, 195, '宜都市', 3, 0),
(1634, 195, '当阳市', 3, 0),
(1635, 195, '枝江市', 3, 0),
(1636, 195, '远安县', 3, 0),
(1637, 195, '兴山县', 3, 0),
(1638, 195, '秭归县', 3, 0),
(1639, 196, '恩施市', 3, 0),
(1640, 196, '利川市', 3, 0),
(1641, 196, '建始县', 3, 0),
(1642, 196, '巴东县', 3, 0),
(1643, 196, '宣恩县', 3, 0),
(1644, 196, '咸丰县', 3, 0),
(1645, 196, '来凤县', 3, 0),
(1646, 196, '鹤峰县', 3, 0),
(1647, 197, '岳麓区', 3, 0),
(1648, 197, '芙蓉区', 3, 0),
(1649, 197, '天心区', 3, 0),
(1650, 197, '开福区', 3, 0),
(1651, 197, '雨花区', 3, 0),
(1652, 197, '开发区', 3, 0),
(1653, 197, '浏阳市', 3, 0),
(1654, 197, '长沙县', 3, 0),
(1655, 197, '望城县', 3, 0),
(1656, 197, '宁乡县', 3, 0),
(1657, 198, '永定区', 3, 0),
(1658, 198, '武陵源区', 3, 0),
(1659, 198, '慈利县', 3, 0),
(1660, 198, '桑植县', 3, 0),
(1661, 199, '武陵区', 3, 0),
(1662, 199, '鼎城区', 3, 0),
(1663, 199, '津市市', 3, 0),
(1664, 199, '安乡县', 3, 0),
(1665, 199, '汉寿县', 3, 0),
(1666, 199, '澧县', 3, 0),
(1667, 199, '临澧县', 3, 0),
(1668, 199, '桃源县', 3, 0),
(1669, 199, '石门县', 3, 0),
(1670, 200, '北湖区', 3, 0),
(1671, 200, '苏仙区', 3, 0),
(1672, 200, '资兴市', 3, 0),
(1673, 200, '桂阳县', 3, 0),
(1674, 200, '宜章县', 3, 0),
(1675, 200, '永兴县', 3, 0),
(1676, 200, '嘉禾县', 3, 0),
(1677, 200, '临武县', 3, 0),
(1678, 200, '汝城县', 3, 0),
(1679, 200, '桂东县', 3, 0),
(1680, 200, '安仁县', 3, 0),
(1681, 201, '雁峰区', 3, 0),
(1682, 201, '珠晖区', 3, 0),
(1683, 201, '石鼓区', 3, 0),
(1684, 201, '蒸湘区', 3, 0),
(1685, 201, '南岳区', 3, 0),
(1686, 201, '耒阳市', 3, 0),
(1687, 201, '常宁市', 3, 0),
(1688, 201, '衡阳县', 3, 0),
(1689, 201, '衡南县', 3, 0),
(1690, 201, '衡山县', 3, 0),
(1691, 201, '衡东县', 3, 0),
(1692, 201, '祁东县', 3, 0),
(1693, 202, '鹤城区', 3, 0),
(1694, 202, '靖州', 3, 0),
(1695, 202, '麻阳', 3, 0),
(1696, 202, '通道', 3, 0),
(1697, 202, '新晃', 3, 0),
(1698, 202, '芷江', 3, 0),
(1699, 202, '沅陵县', 3, 0),
(1700, 202, '辰溪县', 3, 0),
(1701, 202, '溆浦县', 3, 0),
(1702, 202, '中方县', 3, 0),
(1703, 202, '会同县', 3, 0),
(1704, 202, '洪江市', 3, 0),
(1705, 203, '娄星区', 3, 0),
(1706, 203, '冷水江市', 3, 0),
(1707, 203, '涟源市', 3, 0),
(1708, 203, '双峰县', 3, 0),
(1709, 203, '新化县', 3, 0),
(1710, 204, '城步', 3, 0),
(1711, 204, '双清区', 3, 0),
(1712, 204, '大祥区', 3, 0),
(1713, 204, '北塔区', 3, 0),
(1714, 204, '武冈市', 3, 0),
(1715, 204, '邵东县', 3, 0),
(1716, 204, '新邵县', 3, 0),
(1717, 204, '邵阳县', 3, 0),
(1718, 204, '隆回县', 3, 0),
(1719, 204, '洞口县', 3, 0),
(1720, 204, '绥宁县', 3, 0),
(1721, 204, '新宁县', 3, 0),
(1722, 205, '岳塘区', 3, 0),
(1723, 205, '雨湖区', 3, 0),
(1724, 205, '湘乡市', 3, 0),
(1725, 205, '韶山市', 3, 0),
(1726, 205, '湘潭县', 3, 0),
(1727, 206, '吉首市', 3, 0),
(1728, 206, '泸溪县', 3, 0),
(1729, 206, '凤凰县', 3, 0),
(1730, 206, '花垣县', 3, 0),
(1731, 206, '保靖县', 3, 0),
(1732, 206, '古丈县', 3, 0),
(1733, 206, '永顺县', 3, 0),
(1734, 206, '龙山县', 3, 0),
(1735, 207, '赫山区', 3, 0),
(1736, 207, '资阳区', 3, 0),
(1737, 207, '沅江市', 3, 0),
(1738, 207, '南县', 3, 0),
(1739, 207, '桃江县', 3, 0),
(1740, 207, '安化县', 3, 0),
(1741, 208, '江华', 3, 0),
(1742, 208, '冷水滩区', 3, 0),
(1743, 208, '零陵区', 3, 0),
(1744, 208, '祁阳县', 3, 0),
(1745, 208, '东安县', 3, 0),
(1746, 208, '双牌县', 3, 0),
(1747, 208, '道县', 3, 0),
(1748, 208, '江永县', 3, 0),
(1749, 208, '宁远县', 3, 0),
(1750, 208, '蓝山县', 3, 0),
(1751, 208, '新田县', 3, 0),
(1752, 209, '岳阳楼区', 3, 0),
(1753, 209, '君山区', 3, 0),
(1754, 209, '云溪区', 3, 0),
(1755, 209, '汨罗市', 3, 0),
(1756, 209, '临湘市', 3, 0),
(1757, 209, '岳阳县', 3, 0),
(1758, 209, '华容县', 3, 0),
(1759, 209, '湘阴县', 3, 0),
(1760, 209, '平江县', 3, 0),
(1761, 210, '天元区', 3, 0),
(1762, 210, '荷塘区', 3, 0),
(1763, 210, '芦淞区', 3, 0),
(1764, 210, '石峰区', 3, 0),
(1765, 210, '醴陵市', 3, 0),
(1766, 210, '株洲县', 3, 0),
(1767, 210, '攸县', 3, 0);
INSERT INTO `mb_region` (`region_id`, `parent_id`, `region_name`, `region_type`, `agency_id`) VALUES
(1768, 210, '茶陵县', 3, 0),
(1769, 210, '炎陵县', 3, 0),
(1770, 211, '朝阳区', 3, 0),
(1771, 211, '宽城区', 3, 0),
(1772, 211, '二道区', 3, 0),
(1773, 211, '南关区', 3, 0),
(1774, 211, '绿园区', 3, 0),
(1775, 211, '双阳区', 3, 0),
(1776, 211, '净月潭开发区', 3, 0),
(1777, 211, '高新技术开发区', 3, 0),
(1778, 211, '经济技术开发区', 3, 0),
(1779, 211, '汽车产业开发区', 3, 0),
(1780, 211, '德惠市', 3, 0),
(1781, 211, '九台市', 3, 0),
(1782, 211, '榆树市', 3, 0),
(1783, 211, '农安县', 3, 0),
(1784, 212, '船营区', 3, 0),
(1785, 212, '昌邑区', 3, 0),
(1786, 212, '龙潭区', 3, 0),
(1787, 212, '丰满区', 3, 0),
(1788, 212, '蛟河市', 3, 0),
(1789, 212, '桦甸市', 3, 0),
(1790, 212, '舒兰市', 3, 0),
(1791, 212, '磐石市', 3, 0),
(1792, 212, '永吉县', 3, 0),
(1793, 213, '洮北区', 3, 0),
(1794, 213, '洮南市', 3, 0),
(1795, 213, '大安市', 3, 0),
(1796, 213, '镇赉县', 3, 0),
(1797, 213, '通榆县', 3, 0),
(1798, 214, '江源区', 3, 0),
(1799, 214, '八道江区', 3, 0),
(1800, 214, '长白', 3, 0),
(1801, 214, '临江市', 3, 0),
(1802, 214, '抚松县', 3, 0),
(1803, 214, '靖宇县', 3, 0),
(1804, 215, '龙山区', 3, 0),
(1805, 215, '西安区', 3, 0),
(1806, 215, '东丰县', 3, 0),
(1807, 215, '东辽县', 3, 0),
(1808, 216, '铁西区', 3, 0),
(1809, 216, '铁东区', 3, 0),
(1810, 216, '伊通', 3, 0),
(1811, 216, '公主岭市', 3, 0),
(1812, 216, '双辽市', 3, 0),
(1813, 216, '梨树县', 3, 0),
(1814, 217, '前郭尔罗斯', 3, 0),
(1815, 217, '宁江区', 3, 0),
(1816, 217, '长岭县', 3, 0),
(1817, 217, '乾安县', 3, 0),
(1818, 217, '扶余县', 3, 0),
(1819, 218, '东昌区', 3, 0),
(1820, 218, '二道江区', 3, 0),
(1821, 218, '梅河口市', 3, 0),
(1822, 218, '集安市', 3, 0),
(1823, 218, '通化县', 3, 0),
(1824, 218, '辉南县', 3, 0),
(1825, 218, '柳河县', 3, 0),
(1826, 219, '延吉市', 3, 0),
(1827, 219, '图们市', 3, 0),
(1828, 219, '敦化市', 3, 0),
(1829, 219, '珲春市', 3, 0),
(1830, 219, '龙井市', 3, 0),
(1831, 219, '和龙市', 3, 0),
(1832, 219, '安图县', 3, 0),
(1833, 219, '汪清县', 3, 0),
(1834, 220, '玄武区', 3, 0),
(1835, 220, '鼓楼区', 3, 0),
(1836, 220, '白下区', 3, 0),
(1837, 220, '建邺区', 3, 0),
(1838, 220, '秦淮区', 3, 0),
(1839, 220, '雨花台区', 3, 0),
(1840, 220, '下关区', 3, 0),
(1841, 220, '栖霞区', 3, 0),
(1842, 220, '浦口区', 3, 0),
(1843, 220, '江宁区', 3, 0),
(1844, 220, '六合区', 3, 0),
(1845, 220, '溧水县', 3, 0),
(1846, 220, '高淳县', 3, 0),
(1847, 221, '沧浪区', 3, 0),
(1848, 221, '金阊区', 3, 0),
(1849, 221, '平江区', 3, 0),
(1850, 221, '虎丘区', 3, 0),
(1851, 221, '吴中区', 3, 0),
(1852, 221, '相城区', 3, 0),
(1853, 221, '园区', 3, 0),
(1854, 221, '新区', 3, 0),
(1855, 221, '常熟市', 3, 0),
(1856, 221, '张家港市', 3, 0),
(1857, 221, '玉山镇', 3, 0),
(1858, 221, '巴城镇', 3, 0),
(1859, 221, '周市镇', 3, 0),
(1860, 221, '陆家镇', 3, 0),
(1861, 221, '花桥镇', 3, 0),
(1862, 221, '淀山湖镇', 3, 0),
(1863, 221, '张浦镇', 3, 0),
(1864, 221, '周庄镇', 3, 0),
(1865, 221, '千灯镇', 3, 0),
(1866, 221, '锦溪镇', 3, 0),
(1867, 221, '开发区', 3, 0),
(1868, 221, '吴江市', 3, 0),
(1869, 221, '太仓市', 3, 0),
(1870, 222, '崇安区', 3, 0),
(1871, 222, '北塘区', 3, 0),
(1872, 222, '南长区', 3, 0),
(1873, 222, '锡山区', 3, 0),
(1874, 222, '惠山区', 3, 0),
(1875, 222, '滨湖区', 3, 0),
(1876, 222, '新区', 3, 0),
(1877, 222, '江阴市', 3, 0),
(1878, 222, '宜兴市', 3, 0),
(1879, 223, '天宁区', 3, 0),
(1880, 223, '钟楼区', 3, 0),
(1881, 223, '戚墅堰区', 3, 0),
(1882, 223, '郊区', 3, 0),
(1883, 223, '新北区', 3, 0),
(1884, 223, '武进区', 3, 0),
(1885, 223, '溧阳市', 3, 0),
(1886, 223, '金坛市', 3, 0),
(1887, 224, '清河区', 3, 0),
(1888, 224, '清浦区', 3, 0),
(1889, 224, '楚州区', 3, 0),
(1890, 224, '淮阴区', 3, 0),
(1891, 224, '涟水县', 3, 0),
(1892, 224, '洪泽县', 3, 0),
(1893, 224, '盱眙县', 3, 0),
(1894, 224, '金湖县', 3, 0),
(1895, 225, '新浦区', 3, 0),
(1896, 225, '连云区', 3, 0),
(1897, 225, '海州区', 3, 0),
(1898, 225, '赣榆县', 3, 0),
(1899, 225, '东海县', 3, 0),
(1900, 225, '灌云县', 3, 0),
(1901, 225, '灌南县', 3, 0),
(1902, 226, '崇川区', 3, 0),
(1903, 226, '港闸区', 3, 0),
(1904, 226, '经济开发区', 3, 0),
(1905, 226, '启东市', 3, 0),
(1906, 226, '如皋市', 3, 0),
(1907, 226, '通州市', 3, 0),
(1908, 226, '海门市', 3, 0),
(1909, 226, '海安县', 3, 0),
(1910, 226, '如东县', 3, 0),
(1911, 227, '宿城区', 3, 0),
(1912, 227, '宿豫区', 3, 0),
(1913, 227, '宿豫县', 3, 0),
(1914, 227, '沭阳县', 3, 0),
(1915, 227, '泗阳县', 3, 0),
(1916, 227, '泗洪县', 3, 0),
(1917, 228, '海陵区', 3, 0),
(1918, 228, '高港区', 3, 0),
(1919, 228, '兴化市', 3, 0),
(1920, 228, '靖江市', 3, 0),
(1921, 228, '泰兴市', 3, 0),
(1922, 228, '姜堰市', 3, 0),
(1923, 229, '云龙区', 3, 0),
(1924, 229, '鼓楼区', 3, 0),
(1925, 229, '九里区', 3, 0),
(1926, 229, '贾汪区', 3, 0),
(1927, 229, '泉山区', 3, 0),
(1928, 229, '新沂市', 3, 0),
(1929, 229, '邳州市', 3, 0),
(1930, 229, '丰县', 3, 0),
(1931, 229, '沛县', 3, 0),
(1932, 229, '铜山县', 3, 0),
(1933, 229, '睢宁县', 3, 0),
(1934, 230, '城区', 3, 0),
(1935, 230, '亭湖区', 3, 0),
(1936, 230, '盐都区', 3, 0),
(1937, 230, '盐都县', 3, 0),
(1938, 230, '东台市', 3, 0),
(1939, 230, '大丰市', 3, 0),
(1940, 230, '响水县', 3, 0),
(1941, 230, '滨海县', 3, 0),
(1942, 230, '阜宁县', 3, 0),
(1943, 230, '射阳县', 3, 0),
(1944, 230, '建湖县', 3, 0),
(1945, 231, '广陵区', 3, 0),
(1946, 231, '维扬区', 3, 0),
(1947, 231, '邗江区', 3, 0),
(1948, 231, '仪征市', 3, 0),
(1949, 231, '高邮市', 3, 0),
(1950, 231, '江都市', 3, 0),
(1951, 231, '宝应县', 3, 0),
(1952, 232, '京口区', 3, 0),
(1953, 232, '润州区', 3, 0),
(1954, 232, '丹徒区', 3, 0),
(1955, 232, '丹阳市', 3, 0),
(1956, 232, '扬中市', 3, 0),
(1957, 232, '句容市', 3, 0),
(1958, 233, '东湖区', 3, 0),
(1959, 233, '西湖区', 3, 0),
(1960, 233, '青云谱区', 3, 0),
(1961, 233, '湾里区', 3, 0),
(1962, 233, '青山湖区', 3, 0),
(1963, 233, '红谷滩新区', 3, 0),
(1964, 233, '昌北区', 3, 0),
(1965, 233, '高新区', 3, 0),
(1966, 233, '南昌县', 3, 0),
(1967, 233, '新建县', 3, 0),
(1968, 233, '安义县', 3, 0),
(1969, 233, '进贤县', 3, 0),
(1970, 234, '临川区', 3, 0),
(1971, 234, '南城县', 3, 0),
(1972, 234, '黎川县', 3, 0),
(1973, 234, '南丰县', 3, 0),
(1974, 234, '崇仁县', 3, 0),
(1975, 234, '乐安县', 3, 0),
(1976, 234, '宜黄县', 3, 0),
(1977, 234, '金溪县', 3, 0),
(1978, 234, '资溪县', 3, 0),
(1979, 234, '东乡县', 3, 0),
(1980, 234, '广昌县', 3, 0),
(1981, 235, '章贡区', 3, 0),
(1982, 235, '于都县', 3, 0),
(1983, 235, '瑞金市', 3, 0),
(1984, 235, '南康市', 3, 0),
(1985, 235, '赣县', 3, 0),
(1986, 235, '信丰县', 3, 0),
(1987, 235, '大余县', 3, 0),
(1988, 235, '上犹县', 3, 0),
(1989, 235, '崇义县', 3, 0),
(1990, 235, '安远县', 3, 0),
(1991, 235, '龙南县', 3, 0),
(1992, 235, '定南县', 3, 0),
(1993, 235, '全南县', 3, 0),
(1994, 235, '宁都县', 3, 0),
(1995, 235, '兴国县', 3, 0),
(1996, 235, '会昌县', 3, 0),
(1997, 235, '寻乌县', 3, 0),
(1998, 235, '石城县', 3, 0),
(1999, 236, '安福县', 3, 0),
(2000, 236, '吉州区', 3, 0),
(2001, 236, '青原区', 3, 0),
(2002, 236, '井冈山市', 3, 0),
(2003, 236, '吉安县', 3, 0),
(2004, 236, '吉水县', 3, 0),
(2005, 236, '峡江县', 3, 0),
(2006, 236, '新干县', 3, 0),
(2007, 236, '永丰县', 3, 0),
(2008, 236, '泰和县', 3, 0),
(2009, 236, '遂川县', 3, 0),
(2010, 236, '万安县', 3, 0),
(2011, 236, '永新县', 3, 0),
(2012, 237, '珠山区', 3, 0),
(2013, 237, '昌江区', 3, 0),
(2014, 237, '乐平市', 3, 0),
(2015, 237, '浮梁县', 3, 0),
(2016, 238, '浔阳区', 3, 0),
(2017, 238, '庐山区', 3, 0),
(2018, 238, '瑞昌市', 3, 0),
(2019, 238, '九江县', 3, 0),
(2020, 238, '武宁县', 3, 0),
(2021, 238, '修水县', 3, 0),
(2022, 238, '永修县', 3, 0),
(2023, 238, '德安县', 3, 0),
(2024, 238, '星子县', 3, 0),
(2025, 238, '都昌县', 3, 0),
(2026, 238, '湖口县', 3, 0),
(2027, 238, '彭泽县', 3, 0),
(2028, 239, '安源区', 3, 0),
(2029, 239, '湘东区', 3, 0),
(2030, 239, '莲花县', 3, 0),
(2031, 239, '芦溪县', 3, 0),
(2032, 239, '上栗县', 3, 0),
(2033, 240, '信州区', 3, 0),
(2034, 240, '德兴市', 3, 0),
(2035, 240, '上饶县', 3, 0),
(2036, 240, '广丰县', 3, 0),
(2037, 240, '玉山县', 3, 0),
(2038, 240, '铅山县', 3, 0),
(2039, 240, '横峰县', 3, 0),
(2040, 240, '弋阳县', 3, 0),
(2041, 240, '余干县', 3, 0),
(2042, 240, '波阳县', 3, 0),
(2043, 240, '万年县', 3, 0),
(2044, 240, '婺源县', 3, 0),
(2045, 241, '渝水区', 3, 0),
(2046, 241, '分宜县', 3, 0),
(2047, 242, '袁州区', 3, 0),
(2048, 242, '丰城市', 3, 0),
(2049, 242, '樟树市', 3, 0),
(2050, 242, '高安市', 3, 0),
(2051, 242, '奉新县', 3, 0),
(2052, 242, '万载县', 3, 0),
(2053, 242, '上高县', 3, 0),
(2054, 242, '宜丰县', 3, 0),
(2055, 242, '靖安县', 3, 0),
(2056, 242, '铜鼓县', 3, 0),
(2057, 243, '月湖区', 3, 0),
(2058, 243, '贵溪市', 3, 0),
(2059, 243, '余江县', 3, 0),
(2060, 244, '沈河区', 3, 0),
(2061, 244, '皇姑区', 3, 0),
(2062, 244, '和平区', 3, 0),
(2063, 244, '大东区', 3, 0),
(2064, 244, '铁西区', 3, 0),
(2065, 244, '苏家屯区', 3, 0),
(2066, 244, '东陵区', 3, 0),
(2067, 244, '沈北新区', 3, 0),
(2068, 244, '于洪区', 3, 0),
(2069, 244, '浑南新区', 3, 0),
(2070, 244, '新民市', 3, 0),
(2071, 244, '辽中县', 3, 0),
(2072, 244, '康平县', 3, 0),
(2073, 244, '法库县', 3, 0),
(2074, 245, '西岗区', 3, 0),
(2075, 245, '中山区', 3, 0),
(2076, 245, '沙河口区', 3, 0),
(2077, 245, '甘井子区', 3, 0),
(2078, 245, '旅顺口区', 3, 0),
(2079, 245, '金州区', 3, 0),
(2080, 245, '开发区', 3, 0),
(2081, 245, '瓦房店市', 3, 0),
(2082, 245, '普兰店市', 3, 0),
(2083, 245, '庄河市', 3, 0),
(2084, 245, '长海县', 3, 0),
(2085, 246, '铁东区', 3, 0),
(2086, 246, '铁西区', 3, 0),
(2087, 246, '立山区', 3, 0),
(2088, 246, '千山区', 3, 0),
(2089, 246, '岫岩', 3, 0),
(2090, 246, '海城市', 3, 0),
(2091, 246, '台安县', 3, 0),
(2092, 247, '本溪', 3, 0),
(2093, 247, '平山区', 3, 0),
(2094, 247, '明山区', 3, 0),
(2095, 247, '溪湖区', 3, 0),
(2096, 247, '南芬区', 3, 0),
(2097, 247, '桓仁', 3, 0),
(2098, 248, '双塔区', 3, 0),
(2099, 248, '龙城区', 3, 0),
(2100, 248, '喀喇沁左翼蒙古族自治县', 3, 0),
(2101, 248, '北票市', 3, 0),
(2102, 248, '凌源市', 3, 0),
(2103, 248, '朝阳县', 3, 0),
(2104, 248, '建平县', 3, 0),
(2105, 249, '振兴区', 3, 0),
(2106, 249, '元宝区', 3, 0),
(2107, 249, '振安区', 3, 0),
(2108, 249, '宽甸', 3, 0),
(2109, 249, '东港市', 3, 0),
(2110, 249, '凤城市', 3, 0),
(2111, 250, '顺城区', 3, 0),
(2112, 250, '新抚区', 3, 0),
(2113, 250, '东洲区', 3, 0),
(2114, 250, '望花区', 3, 0),
(2115, 250, '清原', 3, 0),
(2116, 250, '新宾', 3, 0),
(2117, 250, '抚顺县', 3, 0),
(2118, 251, '阜新', 3, 0),
(2119, 251, '海州区', 3, 0),
(2120, 251, '新邱区', 3, 0),
(2121, 251, '太平区', 3, 0),
(2122, 251, '清河门区', 3, 0),
(2123, 251, '细河区', 3, 0),
(2124, 251, '彰武县', 3, 0),
(2125, 252, '龙港区', 3, 0),
(2126, 252, '南票区', 3, 0),
(2127, 252, '连山区', 3, 0),
(2128, 252, '兴城市', 3, 0),
(2129, 252, '绥中县', 3, 0),
(2130, 252, '建昌县', 3, 0),
(2131, 253, '太和区', 3, 0),
(2132, 253, '古塔区', 3, 0),
(2133, 253, '凌河区', 3, 0),
(2134, 253, '凌海市', 3, 0),
(2135, 253, '北镇市', 3, 0),
(2136, 253, '黑山县', 3, 0),
(2137, 253, '义县', 3, 0),
(2138, 254, '白塔区', 3, 0),
(2139, 254, '文圣区', 3, 0),
(2140, 254, '宏伟区', 3, 0),
(2141, 254, '太子河区', 3, 0),
(2142, 254, '弓长岭区', 3, 0),
(2143, 254, '灯塔市', 3, 0),
(2144, 254, '辽阳县', 3, 0),
(2145, 255, '双台子区', 3, 0),
(2146, 255, '兴隆台区', 3, 0),
(2147, 255, '大洼县', 3, 0),
(2148, 255, '盘山县', 3, 0),
(2149, 256, '银州区', 3, 0),
(2150, 256, '清河区', 3, 0),
(2151, 256, '调兵山市', 3, 0),
(2152, 256, '开原市', 3, 0),
(2153, 256, '铁岭县', 3, 0),
(2154, 256, '西丰县', 3, 0),
(2155, 256, '昌图县', 3, 0),
(2156, 257, '站前区', 3, 0),
(2157, 257, '西市区', 3, 0),
(2158, 257, '鲅鱼圈区', 3, 0),
(2159, 257, '老边区', 3, 0),
(2160, 257, '盖州市', 3, 0),
(2161, 257, '大石桥市', 3, 0),
(2162, 258, '回民区', 3, 0),
(2163, 258, '玉泉区', 3, 0),
(2164, 258, '新城区', 3, 0),
(2165, 258, '赛罕区', 3, 0),
(2166, 258, '清水河县', 3, 0),
(2167, 258, '土默特左旗', 3, 0),
(2168, 258, '托克托县', 3, 0),
(2169, 258, '和林格尔县', 3, 0),
(2170, 258, '武川县', 3, 0),
(2171, 259, '阿拉善左旗', 3, 0),
(2172, 259, '阿拉善右旗', 3, 0),
(2173, 259, '额济纳旗', 3, 0),
(2174, 260, '临河区', 3, 0),
(2175, 260, '五原县', 3, 0),
(2176, 260, '磴口县', 3, 0),
(2177, 260, '乌拉特前旗', 3, 0),
(2178, 260, '乌拉特中旗', 3, 0),
(2179, 260, '乌拉特后旗', 3, 0),
(2180, 260, '杭锦后旗', 3, 0),
(2181, 261, '昆都仑区', 3, 0),
(2182, 261, '青山区', 3, 0),
(2183, 261, '东河区', 3, 0),
(2184, 261, '九原区', 3, 0),
(2185, 261, '石拐区', 3, 0),
(2186, 261, '白云矿区', 3, 0),
(2187, 261, '土默特右旗', 3, 0),
(2188, 261, '固阳县', 3, 0),
(2189, 261, '达尔罕茂明安联合旗', 3, 0),
(2190, 262, '红山区', 3, 0),
(2191, 262, '元宝山区', 3, 0),
(2192, 262, '松山区', 3, 0),
(2193, 262, '阿鲁科尔沁旗', 3, 0),
(2194, 262, '巴林左旗', 3, 0),
(2195, 262, '巴林右旗', 3, 0),
(2196, 262, '林西县', 3, 0),
(2197, 262, '克什克腾旗', 3, 0),
(2198, 262, '翁牛特旗', 3, 0),
(2199, 262, '喀喇沁旗', 3, 0),
(2200, 262, '宁城县', 3, 0),
(2201, 262, '敖汉旗', 3, 0),
(2202, 263, '东胜区', 3, 0),
(2203, 263, '达拉特旗', 3, 0),
(2204, 263, '准格尔旗', 3, 0),
(2205, 263, '鄂托克前旗', 3, 0),
(2206, 263, '鄂托克旗', 3, 0),
(2207, 263, '杭锦旗', 3, 0),
(2208, 263, '乌审旗', 3, 0),
(2209, 263, '伊金霍洛旗', 3, 0),
(2210, 264, '海拉尔区', 3, 0),
(2211, 264, '莫力达瓦', 3, 0),
(2212, 264, '满洲里市', 3, 0),
(2213, 264, '牙克石市', 3, 0),
(2214, 264, '扎兰屯市', 3, 0),
(2215, 264, '额尔古纳市', 3, 0),
(2216, 264, '根河市', 3, 0),
(2217, 264, '阿荣旗', 3, 0),
(2218, 264, '鄂伦春自治旗', 3, 0),
(2219, 264, '鄂温克族自治旗', 3, 0),
(2220, 264, '陈巴尔虎旗', 3, 0),
(2221, 264, '新巴尔虎左旗', 3, 0),
(2222, 264, '新巴尔虎右旗', 3, 0),
(2223, 265, '科尔沁区', 3, 0),
(2224, 265, '霍林郭勒市', 3, 0),
(2225, 265, '科尔沁左翼中旗', 3, 0),
(2226, 265, '科尔沁左翼后旗', 3, 0),
(2227, 265, '开鲁县', 3, 0),
(2228, 265, '库伦旗', 3, 0),
(2229, 265, '奈曼旗', 3, 0),
(2230, 265, '扎鲁特旗', 3, 0),
(2231, 266, '海勃湾区', 3, 0),
(2232, 266, '乌达区', 3, 0),
(2233, 266, '海南区', 3, 0),
(2234, 267, '化德县', 3, 0),
(2235, 267, '集宁区', 3, 0),
(2236, 267, '丰镇市', 3, 0),
(2237, 267, '卓资县', 3, 0),
(2238, 267, '商都县', 3, 0),
(2239, 267, '兴和县', 3, 0),
(2240, 267, '凉城县', 3, 0),
(2241, 267, '察哈尔右翼前旗', 3, 0),
(2242, 267, '察哈尔右翼中旗', 3, 0),
(2243, 267, '察哈尔右翼后旗', 3, 0),
(2244, 267, '四子王旗', 3, 0),
(2245, 268, '二连浩特市', 3, 0),
(2246, 268, '锡林浩特市', 3, 0),
(2247, 268, '阿巴嘎旗', 3, 0),
(2248, 268, '苏尼特左旗', 3, 0),
(2249, 268, '苏尼特右旗', 3, 0),
(2250, 268, '东乌珠穆沁旗', 3, 0),
(2251, 268, '西乌珠穆沁旗', 3, 0),
(2252, 268, '太仆寺旗', 3, 0),
(2253, 268, '镶黄旗', 3, 0),
(2254, 268, '正镶白旗', 3, 0),
(2255, 268, '正蓝旗', 3, 0),
(2256, 268, '多伦县', 3, 0),
(2257, 269, '乌兰浩特市', 3, 0),
(2258, 269, '阿尔山市', 3, 0),
(2259, 269, '科尔沁右翼前旗', 3, 0),
(2260, 269, '科尔沁右翼中旗', 3, 0),
(2261, 269, '扎赉特旗', 3, 0),
(2262, 269, '突泉县', 3, 0),
(2263, 270, '西夏区', 3, 0),
(2264, 270, '金凤区', 3, 0),
(2265, 270, '兴庆区', 3, 0),
(2266, 270, '灵武市', 3, 0),
(2267, 270, '永宁县', 3, 0),
(2268, 270, '贺兰县', 3, 0),
(2269, 271, '原州区', 3, 0),
(2270, 271, '海原县', 3, 0),
(2271, 271, '西吉县', 3, 0),
(2272, 271, '隆德县', 3, 0),
(2273, 271, '泾源县', 3, 0),
(2274, 271, '彭阳县', 3, 0),
(2275, 272, '惠农县', 3, 0),
(2276, 272, '大武口区', 3, 0),
(2277, 272, '惠农区', 3, 0),
(2278, 272, '陶乐县', 3, 0),
(2279, 272, '平罗县', 3, 0),
(2280, 273, '利通区', 3, 0),
(2281, 273, '中卫县', 3, 0),
(2282, 273, '青铜峡市', 3, 0),
(2283, 273, '中宁县', 3, 0),
(2284, 273, '盐池县', 3, 0),
(2285, 273, '同心县', 3, 0),
(2286, 274, '沙坡头区', 3, 0),
(2287, 274, '海原县', 3, 0),
(2288, 274, '中宁县', 3, 0),
(2289, 275, '城中区', 3, 0),
(2290, 275, '城东区', 3, 0),
(2291, 275, '城西区', 3, 0),
(2292, 275, '城北区', 3, 0),
(2293, 275, '湟中县', 3, 0),
(2294, 275, '湟源县', 3, 0),
(2295, 275, '大通', 3, 0),
(2296, 276, '玛沁县', 3, 0),
(2297, 276, '班玛县', 3, 0),
(2298, 276, '甘德县', 3, 0),
(2299, 276, '达日县', 3, 0),
(2300, 276, '久治县', 3, 0),
(2301, 276, '玛多县', 3, 0),
(2302, 277, '海晏县', 3, 0),
(2303, 277, '祁连县', 3, 0),
(2304, 277, '刚察县', 3, 0),
(2305, 277, '门源', 3, 0),
(2306, 278, '平安县', 3, 0),
(2307, 278, '乐都县', 3, 0),
(2308, 278, '民和', 3, 0),
(2309, 278, '互助', 3, 0),
(2310, 278, '化隆', 3, 0),
(2311, 278, '循化', 3, 0),
(2312, 279, '共和县', 3, 0),
(2313, 279, '同德县', 3, 0),
(2314, 279, '贵德县', 3, 0),
(2315, 279, '兴海县', 3, 0),
(2316, 279, '贵南县', 3, 0),
(2317, 280, '德令哈市', 3, 0),
(2318, 280, '格尔木市', 3, 0),
(2319, 280, '乌兰县', 3, 0),
(2320, 280, '都兰县', 3, 0),
(2321, 280, '天峻县', 3, 0),
(2322, 281, '同仁县', 3, 0),
(2323, 281, '尖扎县', 3, 0),
(2324, 281, '泽库县', 3, 0),
(2325, 281, '河南蒙古族自治县', 3, 0),
(2326, 282, '玉树县', 3, 0),
(2327, 282, '杂多县', 3, 0),
(2328, 282, '称多县', 3, 0),
(2329, 282, '治多县', 3, 0),
(2330, 282, '囊谦县', 3, 0),
(2331, 282, '曲麻莱县', 3, 0),
(2332, 283, '市中区', 3, 0),
(2333, 283, '历下区', 3, 0),
(2334, 283, '天桥区', 3, 0),
(2335, 283, '槐荫区', 3, 0),
(2336, 283, '历城区', 3, 0),
(2337, 283, '长清区', 3, 0),
(2338, 283, '章丘市', 3, 0),
(2339, 283, '平阴县', 3, 0),
(2340, 283, '济阳县', 3, 0),
(2341, 283, '商河县', 3, 0),
(2342, 284, '市南区', 3, 0),
(2343, 284, '市北区', 3, 0),
(2344, 284, '城阳区', 3, 0),
(2345, 284, '四方区', 3, 0),
(2346, 284, '李沧区', 3, 0),
(2347, 284, '黄岛区', 3, 0),
(2348, 284, '崂山区', 3, 0),
(2349, 284, '胶州市', 3, 0),
(2350, 284, '即墨市', 3, 0),
(2351, 284, '平度市', 3, 0),
(2352, 284, '胶南市', 3, 0),
(2353, 284, '莱西市', 3, 0),
(2354, 285, '滨城区', 3, 0),
(2355, 285, '惠民县', 3, 0),
(2356, 285, '阳信县', 3, 0),
(2357, 285, '无棣县', 3, 0),
(2358, 285, '沾化县', 3, 0),
(2359, 285, '博兴县', 3, 0),
(2360, 285, '邹平县', 3, 0),
(2361, 286, '德城区', 3, 0),
(2362, 286, '陵县', 3, 0),
(2363, 286, '乐陵市', 3, 0),
(2364, 286, '禹城市', 3, 0),
(2365, 286, '宁津县', 3, 0),
(2366, 286, '庆云县', 3, 0),
(2367, 286, '临邑县', 3, 0),
(2368, 286, '齐河县', 3, 0),
(2369, 286, '平原县', 3, 0),
(2370, 286, '夏津县', 3, 0),
(2371, 286, '武城县', 3, 0),
(2372, 287, '东营区', 3, 0),
(2373, 287, '河口区', 3, 0),
(2374, 287, '垦利县', 3, 0),
(2375, 287, '利津县', 3, 0),
(2376, 287, '广饶县', 3, 0),
(2377, 288, '牡丹区', 3, 0),
(2378, 288, '曹县', 3, 0),
(2379, 288, '单县', 3, 0),
(2380, 288, '成武县', 3, 0),
(2381, 288, '巨野县', 3, 0),
(2382, 288, '郓城县', 3, 0),
(2383, 288, '鄄城县', 3, 0),
(2384, 288, '定陶县', 3, 0),
(2385, 288, '东明县', 3, 0),
(2386, 289, '市中区', 3, 0),
(2387, 289, '任城区', 3, 0),
(2388, 289, '曲阜市', 3, 0),
(2389, 289, '兖州市', 3, 0),
(2390, 289, '邹城市', 3, 0),
(2391, 289, '微山县', 3, 0),
(2392, 289, '鱼台县', 3, 0),
(2393, 289, '金乡县', 3, 0),
(2394, 289, '嘉祥县', 3, 0),
(2395, 289, '汶上县', 3, 0),
(2396, 289, '泗水县', 3, 0),
(2397, 289, '梁山县', 3, 0),
(2398, 290, '莱城区', 3, 0),
(2399, 290, '钢城区', 3, 0),
(2400, 291, '东昌府区', 3, 0),
(2401, 291, '临清市', 3, 0),
(2402, 291, '阳谷县', 3, 0),
(2403, 291, '莘县', 3, 0),
(2404, 291, '茌平县', 3, 0),
(2405, 291, '东阿县', 3, 0),
(2406, 291, '冠县', 3, 0),
(2407, 291, '高唐县', 3, 0),
(2408, 292, '兰山区', 3, 0),
(2409, 292, '罗庄区', 3, 0),
(2410, 292, '河东区', 3, 0),
(2411, 292, '沂南县', 3, 0),
(2412, 292, '郯城县', 3, 0),
(2413, 292, '沂水县', 3, 0),
(2414, 292, '苍山县', 3, 0),
(2415, 292, '费县', 3, 0),
(2416, 292, '平邑县', 3, 0),
(2417, 292, '莒南县', 3, 0),
(2418, 292, '蒙阴县', 3, 0),
(2419, 292, '临沭县', 3, 0),
(2420, 293, '东港区', 3, 0),
(2421, 293, '岚山区', 3, 0),
(2422, 293, '五莲县', 3, 0),
(2423, 293, '莒县', 3, 0),
(2424, 294, '泰山区', 3, 0),
(2425, 294, '岱岳区', 3, 0),
(2426, 294, '新泰市', 3, 0),
(2427, 294, '肥城市', 3, 0),
(2428, 294, '宁阳县', 3, 0),
(2429, 294, '东平县', 3, 0),
(2430, 295, '荣成市', 3, 0),
(2431, 295, '乳山市', 3, 0),
(2432, 295, '环翠区', 3, 0),
(2433, 295, '文登市', 3, 0),
(2434, 296, '潍城区', 3, 0),
(2435, 296, '寒亭区', 3, 0),
(2436, 296, '坊子区', 3, 0),
(2437, 296, '奎文区', 3, 0),
(2438, 296, '青州市', 3, 0),
(2439, 296, '诸城市', 3, 0),
(2440, 296, '寿光市', 3, 0),
(2441, 296, '安丘市', 3, 0),
(2442, 296, '高密市', 3, 0),
(2443, 296, '昌邑市', 3, 0),
(2444, 296, '临朐县', 3, 0),
(2445, 296, '昌乐县', 3, 0),
(2446, 297, '芝罘区', 3, 0),
(2447, 297, '福山区', 3, 0),
(2448, 297, '牟平区', 3, 0),
(2449, 297, '莱山区', 3, 0),
(2450, 297, '开发区', 3, 0),
(2451, 297, '龙口市', 3, 0),
(2452, 297, '莱阳市', 3, 0),
(2453, 297, '莱州市', 3, 0),
(2454, 297, '蓬莱市', 3, 0),
(2455, 297, '招远市', 3, 0),
(2456, 297, '栖霞市', 3, 0),
(2457, 297, '海阳市', 3, 0),
(2458, 297, '长岛县', 3, 0),
(2459, 298, '市中区', 3, 0),
(2460, 298, '山亭区', 3, 0),
(2461, 298, '峄城区', 3, 0),
(2462, 298, '台儿庄区', 3, 0),
(2463, 298, '薛城区', 3, 0),
(2464, 298, '滕州市', 3, 0),
(2465, 299, '张店区', 3, 0),
(2466, 299, '临淄区', 3, 0),
(2467, 299, '淄川区', 3, 0),
(2468, 299, '博山区', 3, 0),
(2469, 299, '周村区', 3, 0),
(2470, 299, '桓台县', 3, 0),
(2471, 299, '高青县', 3, 0),
(2472, 299, '沂源县', 3, 0),
(2473, 300, '杏花岭区', 3, 0),
(2474, 300, '小店区', 3, 0),
(2475, 300, '迎泽区', 3, 0),
(2476, 300, '尖草坪区', 3, 0),
(2477, 300, '万柏林区', 3, 0),
(2478, 300, '晋源区', 3, 0),
(2479, 300, '高新开发区', 3, 0),
(2480, 300, '民营经济开发区', 3, 0),
(2481, 300, '经济技术开发区', 3, 0),
(2482, 300, '清徐县', 3, 0),
(2483, 300, '阳曲县', 3, 0),
(2484, 300, '娄烦县', 3, 0),
(2485, 300, '古交市', 3, 0),
(2486, 301, '城区', 3, 0),
(2487, 301, '郊区', 3, 0),
(2488, 301, '沁县', 3, 0),
(2489, 301, '潞城市', 3, 0),
(2490, 301, '长治县', 3, 0),
(2491, 301, '襄垣县', 3, 0),
(2492, 301, '屯留县', 3, 0),
(2493, 301, '平顺县', 3, 0),
(2494, 301, '黎城县', 3, 0),
(2495, 301, '壶关县', 3, 0),
(2496, 301, '长子县', 3, 0),
(2497, 301, '武乡县', 3, 0),
(2498, 301, '沁源县', 3, 0),
(2499, 302, '城区', 3, 0),
(2500, 302, '矿区', 3, 0),
(2501, 302, '南郊区', 3, 0),
(2502, 302, '新荣区', 3, 0),
(2503, 302, '阳高县', 3, 0),
(2504, 302, '天镇县', 3, 0),
(2505, 302, '广灵县', 3, 0),
(2506, 302, '灵丘县', 3, 0),
(2507, 302, '浑源县', 3, 0),
(2508, 302, '左云县', 3, 0),
(2509, 302, '大同县', 3, 0),
(2510, 303, '城区', 3, 0),
(2511, 303, '高平市', 3, 0),
(2512, 303, '沁水县', 3, 0),
(2513, 303, '阳城县', 3, 0),
(2514, 303, '陵川县', 3, 0),
(2515, 303, '泽州县', 3, 0),
(2516, 304, '榆次区', 3, 0),
(2517, 304, '介休市', 3, 0),
(2518, 304, '榆社县', 3, 0),
(2519, 304, '左权县', 3, 0),
(2520, 304, '和顺县', 3, 0),
(2521, 304, '昔阳县', 3, 0),
(2522, 304, '寿阳县', 3, 0),
(2523, 304, '太谷县', 3, 0),
(2524, 304, '祁县', 3, 0),
(2525, 304, '平遥县', 3, 0),
(2526, 304, '灵石县', 3, 0),
(2527, 305, '尧都区', 3, 0),
(2528, 305, '侯马市', 3, 0),
(2529, 305, '霍州市', 3, 0),
(2530, 305, '曲沃县', 3, 0),
(2531, 305, '翼城县', 3, 0),
(2532, 305, '襄汾县', 3, 0),
(2533, 305, '洪洞县', 3, 0),
(2534, 305, '吉县', 3, 0),
(2535, 305, '安泽县', 3, 0),
(2536, 305, '浮山县', 3, 0),
(2537, 305, '古县', 3, 0),
(2538, 305, '乡宁县', 3, 0),
(2539, 305, '大宁县', 3, 0),
(2540, 305, '隰县', 3, 0),
(2541, 305, '永和县', 3, 0),
(2542, 305, '蒲县', 3, 0),
(2543, 305, '汾西县', 3, 0),
(2544, 306, '离石市', 3, 0),
(2545, 306, '离石区', 3, 0),
(2546, 306, '孝义市', 3, 0),
(2547, 306, '汾阳市', 3, 0),
(2548, 306, '文水县', 3, 0),
(2549, 306, '交城县', 3, 0),
(2550, 306, '兴县', 3, 0),
(2551, 306, '临县', 3, 0),
(2552, 306, '柳林县', 3, 0),
(2553, 306, '石楼县', 3, 0),
(2554, 306, '岚县', 3, 0),
(2555, 306, '方山县', 3, 0),
(2556, 306, '中阳县', 3, 0),
(2557, 306, '交口县', 3, 0),
(2558, 307, '朔城区', 3, 0),
(2559, 307, '平鲁区', 3, 0),
(2560, 307, '山阴县', 3, 0),
(2561, 307, '应县', 3, 0),
(2562, 307, '右玉县', 3, 0),
(2563, 307, '怀仁县', 3, 0),
(2564, 308, '忻府区', 3, 0),
(2565, 308, '原平市', 3, 0),
(2566, 308, '定襄县', 3, 0),
(2567, 308, '五台县', 3, 0),
(2568, 308, '代县', 3, 0),
(2569, 308, '繁峙县', 3, 0),
(2570, 308, '宁武县', 3, 0),
(2571, 308, '静乐县', 3, 0),
(2572, 308, '神池县', 3, 0),
(2573, 308, '五寨县', 3, 0),
(2574, 308, '岢岚县', 3, 0),
(2575, 308, '河曲县', 3, 0),
(2576, 308, '保德县', 3, 0),
(2577, 308, '偏关县', 3, 0),
(2578, 309, '城区', 3, 0),
(2579, 309, '矿区', 3, 0),
(2580, 309, '郊区', 3, 0),
(2581, 309, '平定县', 3, 0),
(2582, 309, '盂县', 3, 0),
(2583, 310, '盐湖区', 3, 0),
(2584, 310, '永济市', 3, 0),
(2585, 310, '河津市', 3, 0),
(2586, 310, '临猗县', 3, 0),
(2587, 310, '万荣县', 3, 0),
(2588, 310, '闻喜县', 3, 0),
(2589, 310, '稷山县', 3, 0),
(2590, 310, '新绛县', 3, 0),
(2591, 310, '绛县', 3, 0),
(2592, 310, '垣曲县', 3, 0),
(2593, 310, '夏县', 3, 0),
(2594, 310, '平陆县', 3, 0),
(2595, 310, '芮城县', 3, 0),
(2596, 311, '莲湖区', 3, 0),
(2597, 311, '新城区', 3, 0),
(2598, 311, '碑林区', 3, 0),
(2599, 311, '雁塔区', 3, 0),
(2600, 311, '灞桥区', 3, 0),
(2601, 311, '未央区', 3, 0),
(2602, 311, '阎良区', 3, 0),
(2603, 311, '临潼区', 3, 0),
(2604, 311, '长安区', 3, 0),
(2605, 311, '蓝田县', 3, 0),
(2606, 311, '周至县', 3, 0),
(2607, 311, '户县', 3, 0),
(2608, 311, '高陵县', 3, 0),
(2609, 312, '汉滨区', 3, 0),
(2610, 312, '汉阴县', 3, 0),
(2611, 312, '石泉县', 3, 0),
(2612, 312, '宁陕县', 3, 0),
(2613, 312, '紫阳县', 3, 0),
(2614, 312, '岚皋县', 3, 0),
(2615, 312, '平利县', 3, 0),
(2616, 312, '镇坪县', 3, 0),
(2617, 312, '旬阳县', 3, 0),
(2618, 312, '白河县', 3, 0),
(2619, 313, '陈仓区', 3, 0),
(2620, 313, '渭滨区', 3, 0),
(2621, 313, '金台区', 3, 0),
(2622, 313, '凤翔县', 3, 0),
(2623, 313, '岐山县', 3, 0),
(2624, 313, '扶风县', 3, 0),
(2625, 313, '眉县', 3, 0),
(2626, 313, '陇县', 3, 0),
(2627, 313, '千阳县', 3, 0),
(2628, 313, '麟游县', 3, 0),
(2629, 313, '凤县', 3, 0),
(2630, 313, '太白县', 3, 0),
(2631, 314, '汉台区', 3, 0),
(2632, 314, '南郑县', 3, 0),
(2633, 314, '城固县', 3, 0),
(2634, 314, '洋县', 3, 0),
(2635, 314, '西乡县', 3, 0),
(2636, 314, '勉县', 3, 0),
(2637, 314, '宁强县', 3, 0),
(2638, 314, '略阳县', 3, 0),
(2639, 314, '镇巴县', 3, 0),
(2640, 314, '留坝县', 3, 0),
(2641, 314, '佛坪县', 3, 0),
(2642, 315, '商州区', 3, 0),
(2643, 315, '洛南县', 3, 0),
(2644, 315, '丹凤县', 3, 0),
(2645, 315, '商南县', 3, 0),
(2646, 315, '山阳县', 3, 0),
(2647, 315, '镇安县', 3, 0),
(2648, 315, '柞水县', 3, 0),
(2649, 316, '耀州区', 3, 0),
(2650, 316, '王益区', 3, 0),
(2651, 316, '印台区', 3, 0),
(2652, 316, '宜君县', 3, 0),
(2653, 317, '临渭区', 3, 0),
(2654, 317, '韩城市', 3, 0),
(2655, 317, '华阴市', 3, 0),
(2656, 317, '华县', 3, 0),
(2657, 317, '潼关县', 3, 0),
(2658, 317, '大荔县', 3, 0),
(2659, 317, '合阳县', 3, 0),
(2660, 317, '澄城县', 3, 0),
(2661, 317, '蒲城县', 3, 0),
(2662, 317, '白水县', 3, 0),
(2663, 317, '富平县', 3, 0),
(2664, 318, '秦都区', 3, 0),
(2665, 318, '渭城区', 3, 0),
(2666, 318, '杨陵区', 3, 0),
(2667, 318, '兴平市', 3, 0),
(2668, 318, '三原县', 3, 0),
(2669, 318, '泾阳县', 3, 0),
(2670, 318, '乾县', 3, 0),
(2671, 318, '礼泉县', 3, 0),
(2672, 318, '永寿县', 3, 0),
(2673, 318, '彬县', 3, 0),
(2674, 318, '长武县', 3, 0),
(2675, 318, '旬邑县', 3, 0),
(2676, 318, '淳化县', 3, 0),
(2677, 318, '武功县', 3, 0),
(2678, 319, '吴起县', 3, 0),
(2679, 319, '宝塔区', 3, 0),
(2680, 319, '延长县', 3, 0),
(2681, 319, '延川县', 3, 0),
(2682, 319, '子长县', 3, 0),
(2683, 319, '安塞县', 3, 0),
(2684, 319, '志丹县', 3, 0),
(2685, 319, '甘泉县', 3, 0),
(2686, 319, '富县', 3, 0),
(2687, 319, '洛川县', 3, 0),
(2688, 319, '宜川县', 3, 0),
(2689, 319, '黄龙县', 3, 0),
(2690, 319, '黄陵县', 3, 0),
(2691, 320, '榆阳区', 3, 0),
(2692, 320, '神木县', 3, 0),
(2693, 320, '府谷县', 3, 0),
(2694, 320, '横山县', 3, 0),
(2695, 320, '靖边县', 3, 0),
(2696, 320, '定边县', 3, 0),
(2697, 320, '绥德县', 3, 0),
(2698, 320, '米脂县', 3, 0),
(2699, 320, '佳县', 3, 0),
(2700, 320, '吴堡县', 3, 0),
(2701, 320, '清涧县', 3, 0),
(2702, 320, '子洲县', 3, 0),
(2703, 321, '长宁区', 3, 0),
(2704, 321, '闸北区', 3, 0),
(2705, 321, '闵行区', 3, 0),
(2706, 321, '徐汇区', 3, 0),
(2707, 321, '浦东新区', 3, 0),
(2708, 321, '杨浦区', 3, 0),
(2709, 321, '普陀区', 3, 0),
(2710, 321, '静安区', 3, 0),
(2711, 321, '卢湾区', 3, 0),
(2712, 321, '虹口区', 3, 0),
(2713, 321, '黄浦区', 3, 0),
(2714, 321, '南汇区', 3, 0),
(2715, 321, '松江区', 3, 0),
(2716, 321, '嘉定区', 3, 0),
(2717, 321, '宝山区', 3, 0),
(2718, 321, '青浦区', 3, 0),
(2719, 321, '金山区', 3, 0),
(2720, 321, '奉贤区', 3, 0),
(2721, 321, '崇明县', 3, 0),
(2722, 322, '青羊区', 3, 0),
(2723, 322, '锦江区', 3, 0),
(2724, 322, '金牛区', 3, 0),
(2725, 322, '武侯区', 3, 0),
(2726, 322, '成华区', 3, 0),
(2727, 322, '龙泉驿区', 3, 0),
(2728, 322, '青白江区', 3, 0),
(2729, 322, '新都区', 3, 0),
(2730, 322, '温江区', 3, 0),
(2731, 322, '高新区', 3, 0),
(2732, 322, '高新西区', 3, 0),
(2733, 322, '都江堰市', 3, 0),
(2734, 322, '彭州市', 3, 0),
(2735, 322, '邛崃市', 3, 0),
(2736, 322, '崇州市', 3, 0),
(2737, 322, '金堂县', 3, 0),
(2738, 322, '双流县', 3, 0),
(2739, 322, '郫县', 3, 0),
(2740, 322, '大邑县', 3, 0),
(2741, 322, '蒲江县', 3, 0),
(2742, 322, '新津县', 3, 0),
(2743, 322, '都江堰市', 3, 0),
(2744, 322, '彭州市', 3, 0),
(2745, 322, '邛崃市', 3, 0),
(2746, 322, '崇州市', 3, 0),
(2747, 322, '金堂县', 3, 0),
(2748, 322, '双流县', 3, 0),
(2749, 322, '郫县', 3, 0),
(2750, 322, '大邑县', 3, 0),
(2751, 322, '蒲江县', 3, 0),
(2752, 322, '新津县', 3, 0),
(2753, 323, '涪城区', 3, 0),
(2754, 323, '游仙区', 3, 0),
(2755, 323, '江油市', 3, 0),
(2756, 323, '盐亭县', 3, 0),
(2757, 323, '三台县', 3, 0),
(2758, 323, '平武县', 3, 0),
(2759, 323, '安县', 3, 0),
(2760, 323, '梓潼县', 3, 0),
(2761, 323, '北川县', 3, 0),
(2762, 324, '马尔康县', 3, 0),
(2763, 324, '汶川县', 3, 0),
(2764, 324, '理县', 3, 0),
(2765, 324, '茂县', 3, 0),
(2766, 324, '松潘县', 3, 0),
(2767, 324, '九寨沟县', 3, 0),
(2768, 324, '金川县', 3, 0),
(2769, 324, '小金县', 3, 0),
(2770, 324, '黑水县', 3, 0),
(2771, 324, '壤塘县', 3, 0),
(2772, 324, '阿坝县', 3, 0),
(2773, 324, '若尔盖县', 3, 0),
(2774, 324, '红原县', 3, 0),
(2775, 325, '巴州区', 3, 0),
(2776, 325, '通江县', 3, 0),
(2777, 325, '南江县', 3, 0),
(2778, 325, '平昌县', 3, 0),
(2779, 326, '通川区', 3, 0),
(2780, 326, '万源市', 3, 0),
(2781, 326, '达县', 3, 0),
(2782, 326, '宣汉县', 3, 0),
(2783, 326, '开江县', 3, 0),
(2784, 326, '大竹县', 3, 0),
(2785, 326, '渠县', 3, 0),
(2786, 327, '旌阳区', 3, 0),
(2787, 327, '广汉市', 3, 0),
(2788, 327, '什邡市', 3, 0),
(2789, 327, '绵竹市', 3, 0),
(2790, 327, '罗江县', 3, 0),
(2791, 327, '中江县', 3, 0),
(2792, 328, '康定县', 3, 0),
(2793, 328, '丹巴县', 3, 0),
(2794, 328, '泸定县', 3, 0),
(2795, 328, '炉霍县', 3, 0),
(2796, 328, '九龙县', 3, 0),
(2797, 328, '甘孜县', 3, 0),
(2798, 328, '雅江县', 3, 0),
(2799, 328, '新龙县', 3, 0),
(2800, 328, '道孚县', 3, 0),
(2801, 328, '白玉县', 3, 0),
(2802, 328, '理塘县', 3, 0),
(2803, 328, '德格县', 3, 0),
(2804, 328, '乡城县', 3, 0),
(2805, 328, '石渠县', 3, 0),
(2806, 328, '稻城县', 3, 0),
(2807, 328, '色达县', 3, 0),
(2808, 328, '巴塘县', 3, 0),
(2809, 328, '得荣县', 3, 0),
(2810, 329, '广安区', 3, 0),
(2811, 329, '华蓥市', 3, 0),
(2812, 329, '岳池县', 3, 0),
(2813, 329, '武胜县', 3, 0),
(2814, 329, '邻水县', 3, 0),
(2815, 330, '利州区', 3, 0),
(2816, 330, '元坝区', 3, 0),
(2817, 330, '朝天区', 3, 0),
(2818, 330, '旺苍县', 3, 0),
(2819, 330, '青川县', 3, 0),
(2820, 330, '剑阁县', 3, 0),
(2821, 330, '苍溪县', 3, 0),
(2822, 331, '峨眉山市', 3, 0),
(2823, 331, '乐山市', 3, 0),
(2824, 331, '犍为县', 3, 0),
(2825, 331, '井研县', 3, 0),
(2826, 331, '夹江县', 3, 0),
(2827, 331, '沐川县', 3, 0),
(2828, 331, '峨边', 3, 0),
(2829, 331, '马边', 3, 0),
(2830, 332, '西昌市', 3, 0),
(2831, 332, '盐源县', 3, 0),
(2832, 332, '德昌县', 3, 0),
(2833, 332, '会理县', 3, 0),
(2834, 332, '会东县', 3, 0),
(2835, 332, '宁南县', 3, 0),
(2836, 332, '普格县', 3, 0),
(2837, 332, '布拖县', 3, 0),
(2838, 332, '金阳县', 3, 0),
(2839, 332, '昭觉县', 3, 0),
(2840, 332, '喜德县', 3, 0),
(2841, 332, '冕宁县', 3, 0),
(2842, 332, '越西县', 3, 0),
(2843, 332, '甘洛县', 3, 0),
(2844, 332, '美姑县', 3, 0),
(2845, 332, '雷波县', 3, 0),
(2846, 332, '木里', 3, 0),
(2847, 333, '东坡区', 3, 0),
(2848, 333, '仁寿县', 3, 0),
(2849, 333, '彭山县', 3, 0),
(2850, 333, '洪雅县', 3, 0),
(2851, 333, '丹棱县', 3, 0),
(2852, 333, '青神县', 3, 0),
(2853, 334, '阆中市', 3, 0),
(2854, 334, '南部县', 3, 0),
(2855, 334, '营山县', 3, 0),
(2856, 334, '蓬安县', 3, 0),
(2857, 334, '仪陇县', 3, 0),
(2858, 334, '顺庆区', 3, 0),
(2859, 334, '高坪区', 3, 0),
(2860, 334, '嘉陵区', 3, 0),
(2861, 334, '西充县', 3, 0),
(2862, 335, '市中区', 3, 0),
(2863, 335, '东兴区', 3, 0),
(2864, 335, '威远县', 3, 0),
(2865, 335, '资中县', 3, 0),
(2866, 335, '隆昌县', 3, 0),
(2867, 336, '东  区', 3, 0),
(2868, 336, '西  区', 3, 0),
(2869, 336, '仁和区', 3, 0),
(2870, 336, '米易县', 3, 0),
(2871, 336, '盐边县', 3, 0),
(2872, 337, '船山区', 3, 0),
(2873, 337, '安居区', 3, 0),
(2874, 337, '蓬溪县', 3, 0),
(2875, 337, '射洪县', 3, 0),
(2876, 337, '大英县', 3, 0),
(2877, 338, '雨城区', 3, 0),
(2878, 338, '名山县', 3, 0),
(2879, 338, '荥经县', 3, 0),
(2880, 338, '汉源县', 3, 0),
(2881, 338, '石棉县', 3, 0),
(2882, 338, '天全县', 3, 0),
(2883, 338, '芦山县', 3, 0),
(2884, 338, '宝兴县', 3, 0),
(2885, 339, '翠屏区', 3, 0),
(2886, 339, '宜宾县', 3, 0),
(2887, 339, '南溪县', 3, 0),
(2888, 339, '江安县', 3, 0),
(2889, 339, '长宁县', 3, 0),
(2890, 339, '高县', 3, 0),
(2891, 339, '珙县', 3, 0),
(2892, 339, '筠连县', 3, 0),
(2893, 339, '兴文县', 3, 0),
(2894, 339, '屏山县', 3, 0),
(2895, 340, '雁江区', 3, 0),
(2896, 340, '简阳市', 3, 0),
(2897, 340, '安岳县', 3, 0),
(2898, 340, '乐至县', 3, 0),
(2899, 341, '大安区', 3, 0),
(2900, 341, '自流井区', 3, 0),
(2901, 341, '贡井区', 3, 0),
(2902, 341, '沿滩区', 3, 0),
(2903, 341, '荣县', 3, 0),
(2904, 341, '富顺县', 3, 0),
(2905, 342, '江阳区', 3, 0),
(2906, 342, '纳溪区', 3, 0),
(2907, 342, '龙马潭区', 3, 0),
(2908, 342, '泸县', 3, 0),
(2909, 342, '合江县', 3, 0),
(2910, 342, '叙永县', 3, 0),
(2911, 342, '古蔺县', 3, 0),
(2912, 343, '和平区', 3, 0),
(2913, 343, '河西区', 3, 0),
(2914, 343, '南开区', 3, 0),
(2915, 343, '河北区', 3, 0),
(2916, 343, '河东区', 3, 0),
(2917, 343, '红桥区', 3, 0),
(2918, 343, '东丽区', 3, 0),
(2919, 343, '津南区', 3, 0),
(2920, 343, '西青区', 3, 0),
(2921, 343, '北辰区', 3, 0),
(2922, 343, '塘沽区', 3, 0),
(2923, 343, '汉沽区', 3, 0),
(2924, 343, '大港区', 3, 0),
(2925, 343, '武清区', 3, 0),
(2926, 343, '宝坻区', 3, 0),
(2927, 343, '经济开发区', 3, 0),
(2928, 343, '宁河县', 3, 0),
(2929, 343, '静海县', 3, 0),
(2930, 343, '蓟县', 3, 0),
(2931, 344, '城关区', 3, 0),
(2932, 344, '林周县', 3, 0),
(2933, 344, '当雄县', 3, 0),
(2934, 344, '尼木县', 3, 0),
(2935, 344, '曲水县', 3, 0),
(2936, 344, '堆龙德庆县', 3, 0),
(2937, 344, '达孜县', 3, 0),
(2938, 344, '墨竹工卡县', 3, 0),
(2939, 345, '噶尔县', 3, 0),
(2940, 345, '普兰县', 3, 0),
(2941, 345, '札达县', 3, 0),
(2942, 345, '日土县', 3, 0),
(2943, 345, '革吉县', 3, 0),
(2944, 345, '改则县', 3, 0),
(2945, 345, '措勤县', 3, 0),
(2946, 346, '昌都县', 3, 0),
(2947, 346, '江达县', 3, 0),
(2948, 346, '贡觉县', 3, 0),
(2949, 346, '类乌齐县', 3, 0),
(2950, 346, '丁青县', 3, 0),
(2951, 346, '察雅县', 3, 0),
(2952, 346, '八宿县', 3, 0),
(2953, 346, '左贡县', 3, 0),
(2954, 346, '芒康县', 3, 0),
(2955, 346, '洛隆县', 3, 0),
(2956, 346, '边坝县', 3, 0),
(2957, 347, '林芝县', 3, 0),
(2958, 347, '工布江达县', 3, 0),
(2959, 347, '米林县', 3, 0),
(2960, 347, '墨脱县', 3, 0),
(2961, 347, '波密县', 3, 0),
(2962, 347, '察隅县', 3, 0),
(2963, 347, '朗县', 3, 0),
(2964, 348, '那曲县', 3, 0),
(2965, 348, '嘉黎县', 3, 0),
(2966, 348, '比如县', 3, 0),
(2967, 348, '聂荣县', 3, 0),
(2968, 348, '安多县', 3, 0),
(2969, 348, '申扎县', 3, 0),
(2970, 348, '索县', 3, 0),
(2971, 348, '班戈县', 3, 0),
(2972, 348, '巴青县', 3, 0),
(2973, 348, '尼玛县', 3, 0),
(2974, 349, '日喀则市', 3, 0),
(2975, 349, '南木林县', 3, 0),
(2976, 349, '江孜县', 3, 0),
(2977, 349, '定日县', 3, 0),
(2978, 349, '萨迦县', 3, 0),
(2979, 349, '拉孜县', 3, 0),
(2980, 349, '昂仁县', 3, 0),
(2981, 349, '谢通门县', 3, 0),
(2982, 349, '白朗县', 3, 0),
(2983, 349, '仁布县', 3, 0),
(2984, 349, '康马县', 3, 0),
(2985, 349, '定结县', 3, 0),
(2986, 349, '仲巴县', 3, 0),
(2987, 349, '亚东县', 3, 0),
(2988, 349, '吉隆县', 3, 0),
(2989, 349, '聂拉木县', 3, 0),
(2990, 349, '萨嘎县', 3, 0),
(2991, 349, '岗巴县', 3, 0),
(2992, 350, '乃东县', 3, 0),
(2993, 350, '扎囊县', 3, 0),
(2994, 350, '贡嘎县', 3, 0),
(2995, 350, '桑日县', 3, 0),
(2996, 350, '琼结县', 3, 0),
(2997, 350, '曲松县', 3, 0),
(2998, 350, '措美县', 3, 0),
(2999, 350, '洛扎县', 3, 0),
(3000, 350, '加查县', 3, 0),
(3001, 350, '隆子县', 3, 0),
(3002, 350, '错那县', 3, 0),
(3003, 350, '浪卡子县', 3, 0),
(3004, 351, '天山区', 3, 0),
(3005, 351, '沙依巴克区', 3, 0),
(3006, 351, '新市区', 3, 0),
(3007, 351, '水磨沟区', 3, 0),
(3008, 351, '头屯河区', 3, 0),
(3009, 351, '达坂城区', 3, 0),
(3010, 351, '米东区', 3, 0),
(3011, 351, '乌鲁木齐县', 3, 0),
(3012, 352, '阿克苏市', 3, 0),
(3013, 352, '温宿县', 3, 0),
(3014, 352, '库车县', 3, 0),
(3015, 352, '沙雅县', 3, 0),
(3016, 352, '新和县', 3, 0),
(3017, 352, '拜城县', 3, 0),
(3018, 352, '乌什县', 3, 0),
(3019, 352, '阿瓦提县', 3, 0),
(3020, 352, '柯坪县', 3, 0),
(3021, 353, '阿拉尔市', 3, 0),
(3022, 354, '库尔勒市', 3, 0),
(3023, 354, '轮台县', 3, 0),
(3024, 354, '尉犁县', 3, 0),
(3025, 354, '若羌县', 3, 0),
(3026, 354, '且末县', 3, 0),
(3027, 354, '焉耆', 3, 0),
(3028, 354, '和静县', 3, 0),
(3029, 354, '和硕县', 3, 0),
(3030, 354, '博湖县', 3, 0),
(3031, 355, '博乐市', 3, 0),
(3032, 355, '精河县', 3, 0),
(3033, 355, '温泉县', 3, 0),
(3034, 356, '呼图壁县', 3, 0),
(3035, 356, '米泉市', 3, 0),
(3036, 356, '昌吉市', 3, 0),
(3037, 356, '阜康市', 3, 0),
(3038, 356, '玛纳斯县', 3, 0),
(3039, 356, '奇台县', 3, 0),
(3040, 356, '吉木萨尔县', 3, 0),
(3041, 356, '木垒', 3, 0),
(3042, 357, '哈密市', 3, 0),
(3043, 357, '伊吾县', 3, 0),
(3044, 357, '巴里坤', 3, 0),
(3045, 358, '和田市', 3, 0),
(3046, 358, '和田县', 3, 0),
(3047, 358, '墨玉县', 3, 0),
(3048, 358, '皮山县', 3, 0),
(3049, 358, '洛浦县', 3, 0),
(3050, 358, '策勒县', 3, 0),
(3051, 358, '于田县', 3, 0),
(3052, 358, '民丰县', 3, 0),
(3053, 359, '喀什市', 3, 0),
(3054, 359, '疏附县', 3, 0),
(3055, 359, '疏勒县', 3, 0),
(3056, 359, '英吉沙县', 3, 0),
(3057, 359, '泽普县', 3, 0),
(3058, 359, '莎车县', 3, 0),
(3059, 359, '叶城县', 3, 0),
(3060, 359, '麦盖提县', 3, 0),
(3061, 359, '岳普湖县', 3, 0),
(3062, 359, '伽师县', 3, 0),
(3063, 359, '巴楚县', 3, 0),
(3064, 359, '塔什库尔干', 3, 0),
(3065, 360, '克拉玛依市', 3, 0),
(3066, 361, '阿图什市', 3, 0),
(3067, 361, '阿克陶县', 3, 0),
(3068, 361, '阿合奇县', 3, 0),
(3069, 361, '乌恰县', 3, 0),
(3070, 362, '石河子市', 3, 0),
(3071, 363, '图木舒克市', 3, 0),
(3072, 364, '吐鲁番市', 3, 0),
(3073, 364, '鄯善县', 3, 0),
(3074, 364, '托克逊县', 3, 0),
(3075, 365, '五家渠市', 3, 0),
(3076, 366, '阿勒泰市', 3, 0),
(3077, 366, '布克赛尔', 3, 0),
(3078, 366, '伊宁市', 3, 0),
(3079, 366, '布尔津县', 3, 0),
(3080, 366, '奎屯市', 3, 0),
(3081, 366, '乌苏市', 3, 0),
(3082, 366, '额敏县', 3, 0),
(3083, 366, '富蕴县', 3, 0),
(3084, 366, '伊宁县', 3, 0),
(3085, 366, '福海县', 3, 0),
(3086, 366, '霍城县', 3, 0),
(3087, 366, '沙湾县', 3, 0),
(3088, 366, '巩留县', 3, 0),
(3089, 366, '哈巴河县', 3, 0),
(3090, 366, '托里县', 3, 0),
(3091, 366, '青河县', 3, 0),
(3092, 366, '新源县', 3, 0),
(3093, 366, '裕民县', 3, 0),
(3094, 366, '和布克赛尔', 3, 0),
(3095, 366, '吉木乃县', 3, 0),
(3096, 366, '昭苏县', 3, 0),
(3097, 366, '特克斯县', 3, 0),
(3098, 366, '尼勒克县', 3, 0),
(3099, 366, '察布查尔', 3, 0),
(3100, 367, '盘龙区', 3, 0),
(3101, 367, '五华区', 3, 0),
(3102, 367, '官渡区', 3, 0),
(3103, 367, '西山区', 3, 0),
(3104, 367, '东川区', 3, 0),
(3105, 367, '安宁市', 3, 0),
(3106, 367, '呈贡县', 3, 0),
(3107, 367, '晋宁县', 3, 0),
(3108, 367, '富民县', 3, 0),
(3109, 367, '宜良县', 3, 0),
(3110, 367, '嵩明县', 3, 0),
(3111, 367, '石林县', 3, 0),
(3112, 367, '禄劝', 3, 0),
(3113, 367, '寻甸', 3, 0),
(3114, 368, '兰坪', 3, 0),
(3115, 368, '泸水县', 3, 0),
(3116, 368, '福贡县', 3, 0),
(3117, 368, '贡山', 3, 0),
(3118, 369, '宁洱', 3, 0),
(3119, 369, '思茅区', 3, 0),
(3120, 369, '墨江', 3, 0),
(3121, 369, '景东', 3, 0),
(3122, 369, '景谷', 3, 0),
(3123, 369, '镇沅', 3, 0),
(3124, 369, '江城', 3, 0),
(3125, 369, '孟连', 3, 0),
(3126, 369, '澜沧', 3, 0),
(3127, 369, '西盟', 3, 0),
(3128, 370, '古城区', 3, 0),
(3129, 370, '宁蒗', 3, 0),
(3130, 370, '玉龙', 3, 0),
(3131, 370, '永胜县', 3, 0),
(3132, 370, '华坪县', 3, 0),
(3133, 371, '隆阳区', 3, 0),
(3134, 371, '施甸县', 3, 0),
(3135, 371, '腾冲县', 3, 0),
(3136, 371, '龙陵县', 3, 0),
(3137, 371, '昌宁县', 3, 0),
(3138, 372, '楚雄市', 3, 0),
(3139, 372, '双柏县', 3, 0),
(3140, 372, '牟定县', 3, 0),
(3141, 372, '南华县', 3, 0),
(3142, 372, '姚安县', 3, 0),
(3143, 372, '大姚县', 3, 0),
(3144, 372, '永仁县', 3, 0),
(3145, 372, '元谋县', 3, 0),
(3146, 372, '武定县', 3, 0),
(3147, 372, '禄丰县', 3, 0),
(3148, 373, '大理市', 3, 0),
(3149, 373, '祥云县', 3, 0),
(3150, 373, '宾川县', 3, 0),
(3151, 373, '弥渡县', 3, 0),
(3152, 373, '永平县', 3, 0),
(3153, 373, '云龙县', 3, 0),
(3154, 373, '洱源县', 3, 0),
(3155, 373, '剑川县', 3, 0),
(3156, 373, '鹤庆县', 3, 0),
(3157, 373, '漾濞', 3, 0),
(3158, 373, '南涧', 3, 0),
(3159, 373, '巍山', 3, 0),
(3160, 374, '潞西市', 3, 0),
(3161, 374, '瑞丽市', 3, 0),
(3162, 374, '梁河县', 3, 0),
(3163, 374, '盈江县', 3, 0),
(3164, 374, '陇川县', 3, 0),
(3165, 375, '香格里拉县', 3, 0),
(3166, 375, '德钦县', 3, 0),
(3167, 375, '维西', 3, 0),
(3168, 376, '泸西县', 3, 0),
(3169, 376, '蒙自县', 3, 0),
(3170, 376, '个旧市', 3, 0),
(3171, 376, '开远市', 3, 0),
(3172, 376, '绿春县', 3, 0),
(3173, 376, '建水县', 3, 0),
(3174, 376, '石屏县', 3, 0),
(3175, 376, '弥勒县', 3, 0),
(3176, 376, '元阳县', 3, 0),
(3177, 376, '红河县', 3, 0),
(3178, 376, '金平', 3, 0),
(3179, 376, '河口', 3, 0),
(3180, 376, '屏边', 3, 0),
(3181, 377, '临翔区', 3, 0),
(3182, 377, '凤庆县', 3, 0),
(3183, 377, '云县', 3, 0),
(3184, 377, '永德县', 3, 0),
(3185, 377, '镇康县', 3, 0),
(3186, 377, '双江', 3, 0),
(3187, 377, '耿马', 3, 0),
(3188, 377, '沧源', 3, 0),
(3189, 378, '麒麟区', 3, 0),
(3190, 378, '宣威市', 3, 0),
(3191, 378, '马龙县', 3, 0),
(3192, 378, '陆良县', 3, 0),
(3193, 378, '师宗县', 3, 0),
(3194, 378, '罗平县', 3, 0),
(3195, 378, '富源县', 3, 0),
(3196, 378, '会泽县', 3, 0),
(3197, 378, '沾益县', 3, 0),
(3198, 379, '文山县', 3, 0),
(3199, 379, '砚山县', 3, 0),
(3200, 379, '西畴县', 3, 0),
(3201, 379, '麻栗坡县', 3, 0),
(3202, 379, '马关县', 3, 0),
(3203, 379, '丘北县', 3, 0),
(3204, 379, '广南县', 3, 0),
(3205, 379, '富宁县', 3, 0),
(3206, 380, '景洪市', 3, 0),
(3207, 380, '勐海县', 3, 0),
(3208, 380, '勐腊县', 3, 0),
(3209, 381, '红塔区', 3, 0),
(3210, 381, '江川县', 3, 0),
(3211, 381, '澄江县', 3, 0),
(3212, 381, '通海县', 3, 0),
(3213, 381, '华宁县', 3, 0),
(3214, 381, '易门县', 3, 0),
(3215, 381, '峨山', 3, 0),
(3216, 381, '新平', 3, 0),
(3217, 381, '元江', 3, 0),
(3218, 382, '昭阳区', 3, 0),
(3219, 382, '鲁甸县', 3, 0),
(3220, 382, '巧家县', 3, 0),
(3221, 382, '盐津县', 3, 0),
(3222, 382, '大关县', 3, 0),
(3223, 382, '永善县', 3, 0),
(3224, 382, '绥江县', 3, 0),
(3225, 382, '镇雄县', 3, 0),
(3226, 382, '彝良县', 3, 0),
(3227, 382, '威信县', 3, 0),
(3228, 382, '水富县', 3, 0),
(3229, 383, '西湖区', 3, 0),
(3230, 383, '上城区', 3, 0),
(3231, 383, '下城区', 3, 0),
(3232, 383, '拱墅区', 3, 0),
(3233, 383, '滨江区', 3, 0),
(3234, 383, '江干区', 3, 0),
(3235, 383, '萧山区', 3, 0),
(3236, 383, '余杭区', 3, 0),
(3237, 383, '市郊', 3, 0),
(3238, 383, '建德市', 3, 0),
(3239, 383, '富阳市', 3, 0),
(3240, 383, '临安市', 3, 0),
(3241, 383, '桐庐县', 3, 0),
(3242, 383, '淳安县', 3, 0),
(3243, 384, '吴兴区', 3, 0),
(3244, 384, '南浔区', 3, 0),
(3245, 384, '德清县', 3, 0),
(3246, 384, '长兴县', 3, 0),
(3247, 384, '安吉县', 3, 0),
(3248, 385, '南湖区', 3, 0),
(3249, 385, '秀洲区', 3, 0),
(3250, 385, '海宁市', 3, 0),
(3251, 385, '嘉善县', 3, 0),
(3252, 385, '平湖市', 3, 0),
(3253, 385, '桐乡市', 3, 0),
(3254, 385, '海盐县', 3, 0),
(3255, 386, '婺城区', 3, 0),
(3256, 386, '金东区', 3, 0),
(3257, 386, '兰溪市', 3, 0),
(3258, 386, '市区', 3, 0),
(3259, 386, '佛堂镇', 3, 0),
(3260, 386, '上溪镇', 3, 0),
(3261, 386, '义亭镇', 3, 0),
(3262, 386, '大陈镇', 3, 0),
(3263, 386, '苏溪镇', 3, 0),
(3264, 386, '赤岸镇', 3, 0),
(3265, 386, '东阳市', 3, 0),
(3266, 386, '永康市', 3, 0),
(3267, 386, '武义县', 3, 0),
(3268, 386, '浦江县', 3, 0),
(3269, 386, '磐安县', 3, 0),
(3270, 387, '莲都区', 3, 0),
(3271, 387, '龙泉市', 3, 0),
(3272, 387, '青田县', 3, 0),
(3273, 387, '缙云县', 3, 0),
(3274, 387, '遂昌县', 3, 0),
(3275, 387, '松阳县', 3, 0),
(3276, 387, '云和县', 3, 0),
(3277, 387, '庆元县', 3, 0),
(3278, 387, '景宁', 3, 0),
(3279, 388, '海曙区', 3, 0),
(3280, 388, '江东区', 3, 0),
(3281, 388, '江北区', 3, 0),
(3282, 388, '镇海区', 3, 0),
(3283, 388, '北仑区', 3, 0),
(3284, 388, '鄞州区', 3, 0),
(3285, 388, '余姚市', 3, 0),
(3286, 388, '慈溪市', 3, 0),
(3287, 388, '奉化市', 3, 0),
(3288, 388, '象山县', 3, 0),
(3289, 388, '宁海县', 3, 0),
(3290, 389, '越城区', 3, 0),
(3291, 389, '上虞市', 3, 0),
(3292, 389, '嵊州市', 3, 0),
(3293, 389, '绍兴县', 3, 0),
(3294, 389, '新昌县', 3, 0),
(3295, 389, '诸暨市', 3, 0),
(3296, 390, '椒江区', 3, 0),
(3297, 390, '黄岩区', 3, 0),
(3298, 390, '路桥区', 3, 0),
(3299, 390, '温岭市', 3, 0),
(3300, 390, '临海市', 3, 0),
(3301, 390, '玉环县', 3, 0),
(3302, 390, '三门县', 3, 0),
(3303, 390, '天台县', 3, 0),
(3304, 390, '仙居县', 3, 0),
(3305, 391, '鹿城区', 3, 0),
(3306, 391, '龙湾区', 3, 0),
(3307, 391, '瓯海区', 3, 0),
(3308, 391, '瑞安市', 3, 0),
(3309, 391, '乐清市', 3, 0),
(3310, 391, '洞头县', 3, 0),
(3311, 391, '永嘉县', 3, 0),
(3312, 391, '平阳县', 3, 0),
(3313, 391, '苍南县', 3, 0),
(3314, 391, '文成县', 3, 0),
(3315, 391, '泰顺县', 3, 0),
(3316, 392, '定海区', 3, 0),
(3317, 392, '普陀区', 3, 0),
(3318, 392, '岱山县', 3, 0),
(3319, 392, '嵊泗县', 3, 0),
(3320, 393, '衢州市', 3, 0),
(3321, 393, '江山市', 3, 0),
(3322, 393, '常山县', 3, 0),
(3323, 393, '开化县', 3, 0),
(3324, 393, '龙游县', 3, 0),
(3325, 394, '合川区', 3, 0),
(3326, 394, '江津区', 3, 0),
(3327, 394, '南川区', 3, 0),
(3328, 394, '永川区', 3, 0),
(3329, 394, '南岸区', 3, 0),
(3330, 394, '渝北区', 3, 0),
(3331, 394, '万盛区', 3, 0),
(3332, 394, '大渡口区', 3, 0),
(3333, 394, '万州区', 3, 0),
(3334, 394, '北碚区', 3, 0),
(3335, 394, '沙坪坝区', 3, 0),
(3336, 394, '巴南区', 3, 0),
(3337, 394, '涪陵区', 3, 0),
(3338, 394, '江北区', 3, 0),
(3339, 394, '九龙坡区', 3, 0),
(3340, 394, '渝中区', 3, 0),
(3341, 394, '黔江开发区', 3, 0),
(3342, 394, '长寿区', 3, 0),
(3343, 394, '双桥区', 3, 0),
(3344, 394, '綦江县', 3, 0),
(3345, 394, '潼南县', 3, 0),
(3346, 394, '铜梁县', 3, 0),
(3347, 394, '大足县', 3, 0),
(3348, 394, '荣昌县', 3, 0),
(3349, 394, '璧山县', 3, 0),
(3350, 394, '垫江县', 3, 0),
(3351, 394, '武隆县', 3, 0),
(3352, 394, '丰都县', 3, 0),
(3353, 394, '城口县', 3, 0),
(3354, 394, '梁平县', 3, 0),
(3355, 394, '开县', 3, 0),
(3356, 394, '巫溪县', 3, 0),
(3357, 394, '巫山县', 3, 0),
(3358, 394, '奉节县', 3, 0),
(3359, 394, '云阳县', 3, 0),
(3360, 394, '忠县', 3, 0),
(3361, 394, '石柱', 3, 0),
(3362, 394, '彭水', 3, 0),
(3363, 394, '酉阳', 3, 0),
(3364, 394, '秀山', 3, 0),
(3365, 395, '沙田区', 3, 0),
(3366, 395, '东区', 3, 0),
(3367, 395, '观塘区', 3, 0),
(3368, 395, '黄大仙区', 3, 0),
(3369, 395, '九龙城区', 3, 0),
(3370, 395, '屯门区', 3, 0),
(3371, 395, '葵青区', 3, 0),
(3372, 395, '元朗区', 3, 0),
(3373, 395, '深水埗区', 3, 0),
(3374, 395, '西贡区', 3, 0),
(3375, 395, '大埔区', 3, 0),
(3376, 395, '湾仔区', 3, 0),
(3377, 395, '油尖旺区', 3, 0),
(3378, 395, '北区', 3, 0),
(3379, 395, '南区', 3, 0),
(3380, 395, '荃湾区', 3, 0),
(3381, 395, '中西区', 3, 0),
(3382, 395, '离岛区', 3, 0),
(3383, 396, '澳门', 3, 0),
(3384, 397, '台北', 3, 0),
(3385, 397, '高雄', 3, 0),
(3386, 397, '基隆', 3, 0),
(3387, 397, '台中', 3, 0),
(3388, 397, '台南', 3, 0),
(3389, 397, '新竹', 3, 0),
(3390, 397, '嘉义', 3, 0),
(3391, 397, '宜兰县', 3, 0),
(3392, 397, '桃园县', 3, 0),
(3393, 397, '苗栗县', 3, 0),
(3394, 397, '彰化县', 3, 0),
(3395, 397, '南投县', 3, 0),
(3396, 397, '云林县', 3, 0),
(3397, 397, '屏东县', 3, 0),
(3398, 397, '台东县', 3, 0),
(3399, 397, '花莲县', 3, 0),
(3400, 397, '澎湖县', 3, 0),
(3401, 3, '合肥', 2, 0),
(3402, 3401, '庐阳区', 3, 0),
(3403, 3401, '瑶海区', 3, 0),
(3404, 3401, '蜀山区', 3, 0),
(3405, 3401, '包河区', 3, 0),
(3406, 3401, '长丰县', 3, 0),
(3407, 3401, '肥东县', 3, 0),
(3408, 3401, '肥西县', 3, 0);

-- --------------------------------------------------------

--
-- 表的结构 `mb_reg_extend_info`
--

CREATE TABLE IF NOT EXISTS `mb_reg_extend_info` (
  `Id` int(10) unsigned NOT NULL AUTO_INCREMENT,
  `user_id` mediumint(8) unsigned NOT NULL,
  `reg_field_id` int(10) unsigned NOT NULL,
  `content` text NOT NULL,
  PRIMARY KEY (`Id`)
) ENGINE=MyISAM  DEFAULT CHARSET=utf8 AUTO_INCREMENT=13 ;

--
-- 转存表中的数据 `mb_reg_extend_info`
--

INSERT INTO `mb_reg_extend_info` (`Id`, `user_id`, `reg_field_id`, `content`) VALUES
(1, 8, 7, 'a奥斯达啊aaaaaaa'),
(2, 8, 8, 'zxc'),
(3, 20, 7, ''),
(4, 20, 8, 'asd'),
(5, 22, 7, ''),
(6, 22, 8, '562233243@qq.com'),
(7, 23, 7, ''),
(8, 23, 8, '562233243@qq.com'),
(9, 24, 7, ''),
(10, 24, 8, ''),
(11, 25, 7, ''),
(12, 25, 8, '');

-- --------------------------------------------------------

--
-- 表的结构 `mb_reg_fields`
--

CREATE TABLE IF NOT EXISTS `mb_reg_fields` (
  `id` tinyint(3) unsigned NOT NULL AUTO_INCREMENT,
  `reg_field_name` varchar(60) NOT NULL,
  `dis_order` tinyint(3) unsigned NOT NULL DEFAULT '100',
  `display` tinyint(1) unsigned NOT NULL DEFAULT '1',
  `type` tinyint(1) unsigned NOT NULL DEFAULT '0',
  `is_need` tinyint(1) unsigned NOT NULL DEFAULT '1',
  PRIMARY KEY (`id`)
) ENGINE=MyISAM  DEFAULT CHARSET=utf8 AUTO_INCREMENT=9 ;

--
-- 转存表中的数据 `mb_reg_fields`
--

INSERT INTO `mb_reg_fields` (`id`, `reg_field_name`, `dis_order`, `display`, `type`, `is_need`) VALUES
(1, 'MSN', 0, 0, 1, 0),
(2, 'QQ', 0, 0, 1, 0),
(3, '办公电话', 0, 0, 1, 0),
(4, '家庭电话', 0, 0, 1, 0),
(5, '手机', 0, 0, 1, 0),
(6, '密码找回问题', 0, 0, 1, 0),
(7, 'Full Name', 99, 1, 0, 0),
(8, 'Username', 100, 1, 0, 0);

-- --------------------------------------------------------

--
-- 表的结构 `mb_role`
--

CREATE TABLE IF NOT EXISTS `mb_role` (
  `role_id` smallint(5) unsigned NOT NULL AUTO_INCREMENT,
  `role_name` varchar(60) NOT NULL DEFAULT '',
  `action_list` text NOT NULL,
  `role_describe` text,
  PRIMARY KEY (`role_id`),
  KEY `user_name` (`role_name`)
) ENGINE=MyISAM DEFAULT CHARSET=utf8 AUTO_INCREMENT=1 ;

-- --------------------------------------------------------

--
-- 表的结构 `mb_searchengine`
--

CREATE TABLE IF NOT EXISTS `mb_searchengine` (
  `date` date NOT NULL DEFAULT '0000-00-00',
  `searchengine` varchar(20) NOT NULL DEFAULT '',
  `count` mediumint(8) unsigned NOT NULL DEFAULT '0',
  PRIMARY KEY (`date`,`searchengine`)
) ENGINE=MyISAM DEFAULT CHARSET=utf8;

--
-- 转存表中的数据 `mb_searchengine`
--

INSERT INTO `mb_searchengine` (`date`, `searchengine`, `count`) VALUES
('2015-02-13', 'GOOGLE', 4),
('2015-02-14', 'GOOGLE', 18),
('2015-02-15', 'GOOGLE', 42),
('2015-02-16', 'GOOGLE', 43),
('2015-02-17', 'GOOGLE', 70),
('2015-02-18', 'GOOGLE', 21),
('2015-02-19', 'GOOGLE', 41),
('2015-02-20', 'GOOGLE', 2),
('2015-02-21', 'GOOGLE', 1),
('2015-02-22', 'GOOGLE', 3),
('2015-02-24', 'GOOGLE', 11),
('2015-02-25', 'GOOGLE', 2),
('2015-02-26', 'GOOGLE', 3),
('2015-02-27', 'GOOGLE', 6),
('2015-02-28', 'GOOGLE', 11),
('2015-03-01', 'GOOGLE', 11),
('2015-03-02', 'GOOGLE', 13),
('2015-03-03', 'GOOGLE', 3),
('2015-03-04', 'GOOGLE', 10),
('2015-03-05', 'GOOGLE', 70),
('2015-03-06', 'GOOGLE', 25),
('2015-03-07', 'GOOGLE', 25),
('2015-03-08', 'GOOGLE', 5),
('2015-03-09', 'GOOGLE', 19),
('2015-03-10', 'GOOGLE', 18),
('2015-03-11', 'GOOGLE', 1),
('2015-03-12', 'GOOGLE', 3),
('2015-03-12', 'BAIDU', 1),
('2015-03-13', 'GOOGLE', 5),
('2015-03-14', 'GOOGLE', 6),
('2015-03-15', 'GOOGLE', 16),
('2015-03-16', 'GOOGLE', 20),
('2015-03-17', 'GOOGLE', 9),
('2015-03-18', 'GOOGLE', 3),
('2015-03-19', 'GOOGLE', 4),
('2015-03-20', 'BAIDU', 1),
('2015-03-20', 'GOOGLE', 2),
('2015-03-21', 'GOOGLE', 1),
('2015-03-22', 'GOOGLE', 1),
('2015-03-23', 'GOOGLE', 1),
('2015-03-24', 'GOOGLE', 12),
('2015-03-25', 'GOOGLE', 2),
('2015-03-26', 'GOOGLE', 3),
('2015-03-26', 'BAIDU', 1),
('2015-04-02', 'GOOGLE', 10),
('2015-04-03', 'GOOGLE', 10),
('2015-04-04', 'GOOGLE', 8),
('2015-04-05', 'GOOGLE', 5),
('2015-04-07', 'GOOGLE', 1),
('2015-04-08', 'GOOGLE', 1);

-- --------------------------------------------------------

--
-- 表的结构 `mb_sessions`
--

CREATE TABLE IF NOT EXISTS `mb_sessions` (
  `sesskey` char(32) CHARACTER SET utf8 COLLATE utf8_bin NOT NULL DEFAULT '',
  `expiry` int(10) unsigned NOT NULL DEFAULT '0',
  `userid` mediumint(8) unsigned NOT NULL DEFAULT '0',
  `adminid` mediumint(8) unsigned NOT NULL DEFAULT '0',
  `ip` char(15) NOT NULL DEFAULT '',
  `user_name` varchar(60) NOT NULL,
  `user_rank` tinyint(3) NOT NULL,
  `discount` decimal(3,2) NOT NULL,
  `email` varchar(60) NOT NULL,
  `data` char(255) NOT NULL DEFAULT '',
  PRIMARY KEY (`sesskey`),
  KEY `expiry` (`expiry`)
) ENGINE=MEMORY DEFAULT CHARSET=utf8;

--
-- 转存表中的数据 `mb_sessions`
--

INSERT INTO `mb_sessions` (`sesskey`, `expiry`, `userid`, `adminid`, `ip`, `user_name`, `user_rank`, `discount`, `email`, `data`) VALUES
('f337906b4d2a065f220e9eaff2608688', 1429023667, 23, 0, '127.0.0.1', 'test@qq.com', 1, '1.00', 'test@qq.com', ''),
('fbb5584fda76fdf52f62ab9c519f9c61', 1429024245, 0, 1, '127.0.0.1', '0', 0, '0.00', '0', 'a:7:{s:10:"admin_name";s:5:"admin";s:11:"action_list";s:3:"all";s:10:"last_check";i:1429042245;s:6:"Gender";N;s:10:"Body_Shape";N;s:6:"Height";N;s:10:"Skin_color";N;}');

-- --------------------------------------------------------

--
-- 表的结构 `mb_sessions_data`
--

CREATE TABLE IF NOT EXISTS `mb_sessions_data` (
  `sesskey` varchar(32) CHARACTER SET utf8 COLLATE utf8_bin NOT NULL DEFAULT '',
  `expiry` int(10) unsigned NOT NULL DEFAULT '0',
  `data` longtext NOT NULL,
  PRIMARY KEY (`sesskey`),
  KEY `expiry` (`expiry`)
) ENGINE=MyISAM DEFAULT CHARSET=utf8;

--
-- 转存表中的数据 `mb_sessions_data`
--

INSERT INTO `mb_sessions_data` (`sesskey`, `expiry`, `data`) VALUES
('f337906b4d2a065f220e9eaff2608688', 1429023294, 'a:10:{s:7:"from_ad";i:0;s:7:"referer";s:6:"本站";s:10:"login_fail";i:0;s:13:"user_head_img";s:20:"23_54e0b88e700c4.png";s:9:"last_time";s:10:"1429040999";s:7:"last_ip";s:9:"127.0.0.1";s:6:"Gender";s:1:"1";s:10:"Body_Shape";s:1:"3";s:6:"Height";s:3:"190";s:10:"Skin_color";s:1:"1";}');

-- --------------------------------------------------------

--
-- 表的结构 `mb_shipping`
--

CREATE TABLE IF NOT EXISTS `mb_shipping` (
  `shipping_id` tinyint(3) unsigned NOT NULL AUTO_INCREMENT,
  `shipping_code` varchar(20) NOT NULL DEFAULT '',
  `shipping_name` varchar(120) NOT NULL DEFAULT '',
  `shipping_desc` varchar(255) NOT NULL DEFAULT '',
  `insure` varchar(10) NOT NULL DEFAULT '0',
  `support_cod` tinyint(1) unsigned NOT NULL DEFAULT '0',
  `enabled` tinyint(1) unsigned NOT NULL DEFAULT '0',
  `shipping_print` text NOT NULL,
  `print_bg` varchar(255) DEFAULT NULL,
  `config_lable` text,
  `print_model` tinyint(1) DEFAULT '0',
  PRIMARY KEY (`shipping_id`),
  KEY `shipping_code` (`shipping_code`,`enabled`)
) ENGINE=MyISAM  DEFAULT CHARSET=utf8 AUTO_INCREMENT=8 ;

--
-- 转存表中的数据 `mb_shipping`
--

INSERT INTO `mb_shipping` (`shipping_id`, `shipping_code`, `shipping_name`, `shipping_desc`, `insure`, `support_cod`, `enabled`, `shipping_print`, `print_bg`, `config_lable`, `print_model`) VALUES
(1, 'post_express', '邮政快递包裹', '邮政快递包裹的描述内容。', '1%', 0, 1, '', NULL, NULL, 0),
(2, 'yto', '圆通速递', '上海圆通物流（速递）有限公司经过多年的网络快速发展，在中国速递行业中一直处于领先地位。为了能更好的发展国际快件市场，加快与国际市场的接轨，强化圆通的整体实力，圆通已在东南亚、欧美、中东、北美洲、非洲等许多城市运作国际快件业务', '0', 1, 1, '', NULL, NULL, 0),
(3, 'city_express', '城际快递', '配送的运费是固定的', '0', 1, 1, '', NULL, NULL, 0),
(4, 'flat', '市内快递', '固定运费的配送方式内容', '0', 1, 1, '', NULL, NULL, 0),
(5, 'sto_express', '申通快递', '江、浙、沪地区首重为15元/KG，其他地区18元/KG， 续重均为5-6元/KG， 云南地区为8元', '0', 0, 1, '', NULL, NULL, 0),
(6, 'post_mail', '邮局平邮', '邮局平邮的描述内容。', '0', 0, 1, '', NULL, NULL, 0),
(7, 'fpd', '运费到付', '所购商品到达即付运费', '0', 0, 1, '', NULL, NULL, 0);

-- --------------------------------------------------------

--
-- 表的结构 `mb_shipping_area`
--

CREATE TABLE IF NOT EXISTS `mb_shipping_area` (
  `shipping_area_id` smallint(5) unsigned NOT NULL AUTO_INCREMENT,
  `shipping_area_name` varchar(150) NOT NULL DEFAULT '',
  `shipping_id` tinyint(3) unsigned NOT NULL DEFAULT '0',
  `configure` text NOT NULL,
  PRIMARY KEY (`shipping_area_id`),
  KEY `shipping_id` (`shipping_id`)
) ENGINE=MyISAM  DEFAULT CHARSET=utf8 AUTO_INCREMENT=5 ;

--
-- 转存表中的数据 `mb_shipping_area`
--

INSERT INTO `mb_shipping_area` (`shipping_area_id`, `shipping_area_name`, `shipping_id`, `configure`) VALUES
(1, '申通', 5, 'a:5:{i:0;a:2:{s:4:"name";s:8:"item_fee";s:5:"value";s:2:"15";}i:1;a:2:{s:4:"name";s:8:"base_fee";s:5:"value";s:2:"15";}i:2;a:2:{s:4:"name";s:8:"step_fee";s:5:"value";s:1:"5";}i:3;a:2:{s:4:"name";s:10:"free_money";s:5:"value";s:1:"0";}i:4;a:2:{s:4:"name";s:16:"fee_compute_mode";s:5:"value";s:9:"by_weight";}}'),
(2, '1', 3, 'a:4:{i:0;a:2:{s:4:"name";s:8:"base_fee";s:5:"value";s:2:"10";}i:1;a:2:{s:4:"name";s:10:"free_money";s:5:"value";s:6:"100000";}i:2;a:2:{s:4:"name";s:16:"fee_compute_mode";s:5:"value";N;}i:3;a:2:{s:4:"name";s:7:"pay_fee";s:5:"value";s:1:"5";}}'),
(3, '邮局', 6, 'a:7:{i:0;a:2:{s:4:"name";s:8:"item_fee";s:5:"value";s:1:"4";}i:1;a:2:{s:4:"name";s:8:"base_fee";s:5:"value";s:3:"3.5";}i:2;a:2:{s:4:"name";s:8:"step_fee";s:5:"value";s:3:"2.5";}i:3;a:2:{s:4:"name";s:9:"step_fee1";s:5:"value";N;}i:4;a:2:{s:4:"name";s:8:"pack_fee";s:5:"value";s:1:"0";}i:5;a:2:{s:4:"name";s:10:"free_money";s:5:"value";s:5:"50000";}i:6;a:2:{s:4:"name";s:16:"fee_compute_mode";s:5:"value";s:9:"by_weight";}}'),
(4, '运费到付', 7, 'a:2:{i:0;a:2:{s:4:"name";s:10:"free_money";s:5:"value";s:5:"50000";}i:1;a:2:{s:4:"name";s:16:"fee_compute_mode";s:5:"value";N;}}');

-- --------------------------------------------------------

--
-- 表的结构 `mb_shop_config`
--

CREATE TABLE IF NOT EXISTS `mb_shop_config` (
  `id` smallint(5) unsigned NOT NULL AUTO_INCREMENT,
  `parent_id` smallint(5) unsigned NOT NULL DEFAULT '0',
  `code` varchar(30) NOT NULL DEFAULT '',
  `type` varchar(10) NOT NULL DEFAULT '',
  `store_range` varchar(255) NOT NULL DEFAULT '',
  `store_dir` varchar(255) NOT NULL DEFAULT '',
  `value` text NOT NULL,
  `sort_order` tinyint(3) unsigned NOT NULL DEFAULT '1',
  PRIMARY KEY (`id`),
  UNIQUE KEY `code` (`code`),
  KEY `parent_id` (`parent_id`)
) ENGINE=MyISAM  DEFAULT CHARSET=utf8 AUTO_INCREMENT=906 ;

--
-- 转存表中的数据 `mb_shop_config`
--

INSERT INTO `mb_shop_config` (`id`, `parent_id`, `code`, `type`, `store_range`, `store_dir`, `value`, `sort_order`) VALUES
(1, 0, 'shop_info', 'group', '', '', '', 1),
(2, 0, 'basic', 'group', '', '', '', 1),
(3, 0, 'display', 'group', '', '', '', 1),
(4, 0, 'shopping_flow', 'group', '', '', '', 1),
(5, 0, 'smtp', 'group', '', '', '', 1),
(6, 0, 'hidden', 'hidden', '', '', '', 1),
(7, 0, 'goods', 'group', '', '', '', 1),
(8, 0, 'sms', 'group', '', '', '', 1),
(9, 0, 'wap', 'group', '', '', '', 1),
(101, 1, 'shop_name', 'text', '', '', 'BoBo', 1),
(102, 1, 'shop_title', 'text', '', '', 'BoBo Demo', 1),
(103, 1, 'shop_desc', 'text', '', '', 'BoBo Demo', 1),
(104, 1, 'shop_keywords', 'text', '', '', 'BoBo Demo', 1),
(105, 1, 'shop_country', 'manual', '', '', '1', 1),
(106, 1, 'shop_province', 'manual', '', '', '2', 1),
(107, 1, 'shop_city', 'manual', '', '', '52', 1),
(108, 1, 'shop_address', 'text', '', '', '', 1),
(109, 1, 'qq', 'text', '', '', '', 1),
(110, 1, 'ww', 'text', '', '', '', 1),
(111, 1, 'skype', 'text', '', '', '', 1),
(112, 1, 'ym', 'text', '', '', '', 1),
(113, 1, 'msn', 'text', '', '', '', 1),
(114, 1, 'service_email', 'text', '', '', '', 1),
(115, 1, 'service_phone', 'text', '', '', '', 1),
(116, 1, 'shop_closed', 'select', '0,1', '', '0', 1),
(117, 1, 'close_comment', 'textarea', '', '', '', 1),
(118, 1, 'shop_logo', 'file', '', '../themes/{$template}/images/', '', 1),
(119, 1, 'licensed', 'select', '0,1', '', '0', 1),
(120, 1, 'user_notice', 'textarea', '', '', 'BoBo', 1),
(121, 1, 'shop_notice', 'textarea', '', '', 'BoBo', 1),
(122, 1, 'shop_reg_closed', 'select', '1,0', '', '0', 1),
(201, 2, 'lang', 'manual', '', '', 'zh_cn', 1),
(202, 2, 'icp_number', 'text', '', '', '', 1),
(203, 2, 'icp_file', 'file', '', '../cert/', '', 1),
(204, 2, 'watermark', 'file', '', '../images/', '', 1),
(205, 2, 'watermark_place', 'select', '0,1,2,3,4,5', '', '1', 1),
(206, 2, 'watermark_alpha', 'text', '', '', '65', 1),
(207, 2, 'use_storage', 'select', '1,0', '', '1', 1),
(208, 2, 'market_price_rate', 'text', '', '', '1.2', 1),
(209, 2, 'rewrite', 'select', '0,1,2', '', '0', 1),
(210, 2, 'integral_name', 'text', '', '', '积分', 1),
(211, 2, 'integral_scale', 'text', '', '', '1', 1),
(212, 2, 'integral_percent', 'text', '', '', '1', 1),
(213, 2, 'sn_prefix', 'text', '', '', 'cs', 1),
(214, 2, 'comment_check', 'select', '0,1', '', '1', 1),
(215, 2, 'no_picture', 'file', '', '../images/', '', 1),
(218, 2, 'stats_code', 'textarea', '', '', '', 1),
(219, 2, 'cache_time', 'text', '', '', '3600', 1),
(220, 2, 'register_points', 'text', '', '', '0', 1),
(221, 2, 'enable_gzip', 'select', '0,1', '', '0', 1),
(222, 2, 'top10_time', 'select', '0,1,2,3,4', '', '0', 1),
(223, 2, 'timezone', 'options', '-12,-11,-10,-9,-8,-7,-6,-5,-4,-3.5,-3,-2,-1,0,1,2,3,3.5,4,4.5,5,5.5,5.75,6,6.5,7,8,9,9.5,10,11,12', '', '8', 1),
(224, 2, 'upload_size_limit', 'options', '-1,0,64,128,256,512,1024,2048,4096', '', '64', 1),
(226, 2, 'cron_method', 'select', '0,1', '', '0', 1),
(227, 2, 'comment_factor', 'select', '0,1,2,3', '', '0', 1),
(228, 2, 'enable_order_check', 'select', '0,1', '', '1', 1),
(229, 2, 'default_storage', 'text', '', '', '1', 1),
(230, 2, 'bgcolor', 'text', '', '', '#FFFFFF', 1),
(231, 2, 'visit_stats', 'select', 'on,off', '', 'on', 1),
(232, 2, 'send_mail_on', 'select', 'on,off', '', 'off', 1),
(233, 2, 'auto_generate_gallery', 'select', '1,0', '', '1', 1),
(234, 2, 'retain_original_img', 'select', '1,0', '', '1', 1),
(235, 2, 'member_email_validate', 'select', '1,0', '', '1', 1),
(236, 2, 'message_board', 'select', '1,0', '', '1', 1),
(239, 2, 'certificate_id', 'hidden', '', '', '1088385735', 1),
(240, 2, 'token', 'hidden', '', '', 'ad9aa3a94d59ac46edef3ca0e440b19223a966a23d630c4cf268405381690d73', 1),
(241, 2, 'certi', 'hidden', '', '', 'http://service.shopex.cn/openapi/api.php', 1),
(301, 3, 'date_format', 'hidden', '', '', 'Y-m-d', 1),
(302, 3, 'time_format', 'text', '', '', 'Y-m-d H:i:s', 1),
(303, 3, 'currency_format', 'text', '', '', '£%s', 1),
(304, 3, 'thumb_width', 'text', '', '', '80', 1),
(305, 3, 'thumb_height', 'text', '', '', '78', 1),
(306, 3, 'image_width', 'text', '', '', '300', 1),
(307, 3, 'image_height', 'text', '', '', '400', 1),
(312, 3, 'top_number', 'text', '', '', '10', 1),
(313, 3, 'history_number', 'text', '', '', '5', 1),
(314, 3, 'comments_number', 'text', '', '', '5', 1),
(315, 3, 'bought_goods', 'text', '', '', '3', 1),
(316, 3, 'article_number', 'text', '', '', '3', 1),
(317, 3, 'goods_name_length', 'text', '', '', '27', 1),
(318, 3, 'price_format', 'select', '0,1,2,3,4,5', '', '1', 1),
(319, 3, 'page_size', 'text', '', '', '10', 1),
(320, 3, 'sort_order_type', 'select', '0,1,2', '', '0', 1),
(321, 3, 'sort_order_method', 'select', '0,1', '', '0', 1),
(322, 3, 'show_order_type', 'select', '0,1,2', '', '1', 1),
(323, 3, 'attr_related_number', 'text', '', '', '5', 1),
(324, 3, 'goods_gallery_number', 'text', '', '', '5', 1),
(325, 3, 'article_title_length', 'text', '', '', '16', 1),
(326, 3, 'name_of_region_1', 'text', '', '', '国家', 1),
(327, 3, 'name_of_region_2', 'text', '', '', '省', 1),
(328, 3, 'name_of_region_3', 'text', '', '', '市', 1),
(329, 3, 'name_of_region_4', 'text', '', '', '区', 1),
(330, 3, 'search_keywords', 'text', '', '', '手机手写,佳能相机,移动硬盘,电风扇,U盘,瑞士军刀', 0),
(332, 3, 'related_goods_number', 'text', '', '', '4', 1),
(333, 3, 'help_open', 'select', '0,1', '', '1', 1),
(334, 3, 'article_page_size', 'text', '', '', '10', 1),
(335, 3, 'page_style', 'select', '0,1', '', '1', 1),
(336, 3, 'recommend_order', 'select', '0,1', '', '0', 1),
(337, 3, 'index_ad', 'hidden', '', '', 'sys', 1),
(401, 4, 'can_invoice', 'select', '1,0', '', '1', 1),
(402, 4, 'use_integral', 'select', '1,0', '', '1', 1),
(403, 4, 'use_bonus', 'select', '1,0', '', '1', 1),
(404, 4, 'use_surplus', 'select', '1,0', '', '1', 1),
(405, 4, 'use_how_oos', 'select', '1,0', '', '1', 1),
(406, 4, 'send_confirm_email', 'select', '1,0', '', '0', 1),
(407, 4, 'send_ship_email', 'select', '1,0', '', '0', 1),
(408, 4, 'send_cancel_email', 'select', '1,0', '', '0', 1),
(409, 4, 'send_invalid_email', 'select', '1,0', '', '0', 1),
(410, 4, 'order_pay_note', 'select', '1,0', '', '1', 1),
(411, 4, 'order_unpay_note', 'select', '1,0', '', '1', 1),
(412, 4, 'order_ship_note', 'select', '1,0', '', '1', 1),
(413, 4, 'order_receive_note', 'select', '1,0', '', '1', 1),
(414, 4, 'order_unship_note', 'select', '1,0', '', '1', 1),
(415, 4, 'order_return_note', 'select', '1,0', '', '1', 1),
(416, 4, 'order_invalid_note', 'select', '1,0', '', '1', 1),
(417, 4, 'order_cancel_note', 'select', '1,0', '', '1', 1),
(418, 4, 'invoice_content', 'textarea', '', '', '', 1),
(419, 4, 'anonymous_buy', 'select', '1,0', '', '1', 1),
(420, 4, 'min_goods_amount', 'text', '', '', '0', 1),
(421, 4, 'one_step_buy', 'select', '1,0', '', '0', 1),
(422, 4, 'invoice_type', 'manual', '', '', 'a:2:{s:4:"type";a:3:{i:0;s:1:"1";i:1;s:1:"2";i:2;s:0:"";}s:4:"rate";a:3:{i:0;d:1;i:1;d:1.5;i:2;d:0;}}', 1),
(423, 4, 'stock_dec_time', 'select', '1,0', '', '0', 1),
(424, 4, 'cart_confirm', 'options', '1,2,3,4', '', '3', 0),
(425, 4, 'send_service_email', 'select', '1,0', '', '1', 1),
(426, 4, 'show_goods_in_cart', 'select', '1,2,3', '', '3', 1),
(427, 4, 'show_attr_in_cart', 'select', '1,0', '', '1', 1),
(501, 5, 'smtp_host', 'text', '', '', 'smtp.qq.com', 1),
(502, 5, 'smtp_port', 'text', '', '', '25', 1),
(503, 5, 'smtp_user', 'text', '', '', '112488740@qq.com', 1),
(504, 5, 'smtp_pass', 'password', '', '', '12qw!Q', 1),
(505, 5, 'smtp_mail', 'text', '', '', '112488740@qq.com', 1),
(506, 5, 'mail_charset', 'select', 'UTF8,GB2312,BIG5', '', 'UTF8', 1),
(507, 5, 'mail_service', 'select', '0,1', '', '1', 0),
(508, 5, 'smtp_ssl', 'select', '0,1', '', '0', 0),
(601, 6, 'integrate_code', 'hidden', '', '', 'ecshop', 1),
(602, 6, 'integrate_config', 'hidden', '', '', '', 1),
(603, 6, 'hash_code', 'hidden', '', '', '31693422540744c0a6b6da635b7a5a93', 1),
(604, 6, 'template', 'hidden', '', '', 'BoBo', 1),
(605, 6, 'install_date', 'hidden', '', '', '1252464122', 1),
(606, 6, 'ecs_version', 'hidden', '', '', 'v2.7.2', 1),
(607, 6, 'sms_user_name', 'hidden', '', '', '', 1),
(608, 6, 'sms_password', 'hidden', '', '', '', 1),
(609, 6, 'sms_auth_str', 'hidden', '', '', '', 1),
(610, 6, 'sms_domain', 'hidden', '', '', '', 1),
(611, 6, 'sms_count', 'hidden', '', '', '', 1),
(612, 6, 'sms_total_money', 'hidden', '', '', '', 1),
(613, 6, 'sms_balance', 'hidden', '', '', '', 1),
(614, 6, 'sms_last_request', 'hidden', '', '', '', 1),
(616, 6, 'affiliate', 'hidden', '', '', 'a:3:{s:6:"config";a:7:{s:6:"expire";d:24;s:11:"expire_unit";s:4:"hour";s:11:"separate_by";i:0;s:15:"level_point_all";s:2:"5%";s:15:"level_money_all";s:2:"1%";s:18:"level_register_all";i:2;s:17:"level_register_up";i:60;}s:4:"item";a:4:{i:0;a:2:{s:11:"level_point";s:3:"60%";s:11:"level_money";s:3:"60%";}i:1;a:2:{s:11:"level_point";s:3:"30%";s:11:"level_money";s:3:"30%";}i:2;a:2:{s:11:"level_point";s:2:"7%";s:11:"level_money";s:2:"7%";}i:3;a:2:{s:11:"level_point";s:2:"3%";s:11:"level_money";s:2:"3%";}}s:2:"on";i:1;}', 1),
(617, 6, 'captcha', 'hidden', '', '', '36', 1),
(618, 6, 'captcha_width', 'hidden', '', '', '100', 1),
(619, 6, 'captcha_height', 'hidden', '', '', '20', 1),
(620, 6, 'sitemap', 'hidden', '', '', 'a:6:{s:19:"homepage_changefreq";s:6:"hourly";s:17:"homepage_priority";s:3:"0.9";s:19:"category_changefreq";s:6:"hourly";s:17:"category_priority";s:3:"0.8";s:18:"content_changefreq";s:6:"weekly";s:16:"content_priority";s:3:"0.7";}', 0),
(621, 6, 'points_rule', 'hidden', '', '', '', 0),
(622, 6, 'flash_theme', 'hidden', '', '', 'default', 1),
(623, 6, 'stylename', 'hidden', '', '', '', 1),
(701, 7, 'show_goodssn', 'select', '1,0', '', '1', 1),
(702, 7, 'show_brand', 'select', '1,0', '', '1', 1),
(703, 7, 'show_goodsweight', 'select', '1,0', '', '1', 1),
(704, 7, 'show_goodsnumber', 'select', '1,0', '', '1', 1),
(705, 7, 'show_addtime', 'select', '1,0', '', '1', 1),
(706, 7, 'goodsattr_style', 'select', '1,0', '', '1', 1),
(707, 7, 'show_marketprice', 'select', '1,0', '', '1', 1),
(801, 8, 'sms_shop_mobile', 'text', '', '', '', 1),
(802, 8, 'sms_order_placed', 'select', '1,0', '', '0', 1),
(803, 8, 'sms_order_payed', 'select', '1,0', '', '0', 1),
(804, 8, 'sms_order_shipped', 'select', '1,0', '', '0', 1),
(901, 9, 'wap_config', 'select', '1,0', '', '1', 1),
(902, 9, 'wap_logo', 'file', '', '../images/', '', 1),
(903, 2, 'message_check', 'select', '1,0', '', '1', 1);

-- --------------------------------------------------------

--
-- 表的结构 `mb_snatch_log`
--

CREATE TABLE IF NOT EXISTS `mb_snatch_log` (
  `log_id` mediumint(8) unsigned NOT NULL AUTO_INCREMENT,
  `snatch_id` tinyint(3) unsigned NOT NULL DEFAULT '0',
  `user_id` mediumint(8) unsigned NOT NULL DEFAULT '0',
  `bid_price` decimal(10,2) NOT NULL DEFAULT '0.00',
  `bid_time` int(10) unsigned NOT NULL DEFAULT '0',
  PRIMARY KEY (`log_id`),
  KEY `snatch_id` (`snatch_id`)
) ENGINE=MyISAM  DEFAULT CHARSET=utf8 AUTO_INCREMENT=3 ;

--
-- 转存表中的数据 `mb_snatch_log`
--

INSERT INTO `mb_snatch_log` (`log_id`, `snatch_id`, `user_id`, `bid_price`, `bid_time`) VALUES
(1, 2, 1, '17.00', 1242142910),
(2, 1, 1, '50.00', 1242142935);

-- --------------------------------------------------------

--
-- 表的结构 `mb_stats`
--

CREATE TABLE IF NOT EXISTS `mb_stats` (
  `access_time` int(10) unsigned NOT NULL DEFAULT '0',
  `ip_address` varchar(15) NOT NULL DEFAULT '',
  `visit_times` smallint(5) unsigned NOT NULL DEFAULT '1',
  `browser` varchar(60) NOT NULL DEFAULT '',
  `system` varchar(20) NOT NULL DEFAULT '',
  `language` varchar(20) NOT NULL DEFAULT '',
  `area` varchar(30) NOT NULL DEFAULT '',
  `referer_domain` varchar(100) NOT NULL DEFAULT '',
  `referer_path` varchar(200) NOT NULL DEFAULT '',
  `access_url` varchar(255) NOT NULL DEFAULT '',
  KEY `access_time` (`access_time`)
) ENGINE=MyISAM DEFAULT CHARSET=utf8;

--
-- 转存表中的数据 `mb_stats`
--

INSERT INTO `mb_stats` (`access_time`, `ip_address`, `visit_times`, `browser`, `system`, `language`, `area`, `referer_domain`, `referer_path`, `access_url`) VALUES
(1420806580, '127.0.0.1', 12, 'Safari 537.36', 'Windows NT', 'zh-CN,zh', 'LAN', 'http://localhost', '/xc/bobo/ecshop/article.php?id=4', '/xc/bobo/ecshop/user.php'),
(1420802047, '127.0.0.1', 11, 'Safari 537.36', 'Windows NT', 'zh-CN,zh', 'LAN', 'http://localhost', '/xc/bobo/ecshop/sex_determination.php', '/xc/bobo/ecshop/index.php'),
(1420740819, '127.0.0.1', 10, 'Safari 537.36', 'Windows NT', 'zh-CN,zh', 'LAN', 'http://localhost', '/xc/bobo/ecshop/user.php?act=profile', '/xc/bobo/ecshop/user.php'),
(1420738316, '127.0.0.1', 9, 'Safari 537.36', 'Windows NT', 'zh-CN,zh', 'LAN', 'http://localhost', '/xc/bobo/ecshop/user.php?act=profile', '/xc/bobo/ecshop/user.php'),
(1420727155, '127.0.0.1', 5, 'Internet Explorer 9.0', 'Windows NT', 'zh-CN', 'LAN', 'http://localhost', '/xc/bobo/ecshop/sex_determination.php', '/xc/bobo/ecshop/index.php'),
(1420725709, '127.0.0.1', 8, 'Safari 537.36', 'Windows NT', 'zh-CN,zh', 'LAN', 'http://localhost', '/xc/bobo/ecshop/sex_determination.php', '/xc/bobo/ecshop/index.php'),
(1420720843, '127.0.0.1', 8, 'Safari 537.36', 'Windows NT', 'zh-CN,zh', 'LAN', '', '', '/xc/bobo/ecshop/user.php'),
(1420716796, '127.0.0.1', 7, 'Safari 537.36', 'Windows NT', 'zh-CN,zh', 'LAN', 'http://localhost', '/xc/bobo/ecshop/sex_determination.php', '/xc/bobo/ecshop/index.php'),
(1420653011, '127.0.0.1', 4, 'Internet Explorer 9.0', 'Windows NT', 'zh-CN', 'LAN', 'http://localhost', '/xc/bobo/ecshop/sex_determination.php', '/xc/bobo/ecshop/index.php'),
(1420639482, '127.0.0.1', 6, 'Safari 537.36', 'Windows NT', 'zh-CN,zh', 'LAN', 'http://localhost', '/xc/bobo/ecshop/index.php?sex=0', '/xc/bobo/ecshop/user.php'),
(1420631583, '127.0.0.1', 5, 'Safari 537.36', 'Windows NT', 'zh-CN,zh', 'LAN', 'http://localhost', '/xc/bobo/ecshop/sex_determination.php', '/xc/bobo/ecshop/index.php'),
(1420570352, '127.0.0.1', 4, 'Safari 537.36', 'Windows NT', 'zh-CN,zh', 'LAN', 'http://localhost', '/xc/bobo/ecshop/index.php?sex=0', '/xc/bobo/ecshop/user.php'),
(1420559999, '127.0.0.1', 3, 'Safari 537.36', 'Windows NT', 'zh-CN,zh', 'LAN', 'http://localhost', '/xc/bobo/ecshop/index.php?sex=0', '/xc/bobo/ecshop/user.php'),
(1420557782, '127.0.0.1', 3, 'Safari 537.36', 'Windows NT', 'zh-CN,zh', 'LAN', '', '', '/xc/bobo/ecshop/user.php'),
(1420554639, '127.0.0.1', 2, 'Safari 537.36', 'Windows NT', 'zh-CN,zh', 'LAN', 'http://localhost', '/xc/bobo/ecshop/index.php?sex=0', '/xc/bobo/ecshop/user.php'),
(1420550888, '127.0.0.1', 1, 'Safari 537.36', 'Windows NT', 'zh-CN,zh', 'LAN', 'http://localhost', '/xc/bobo/ecshop/sex_determination.php', '/xc/bobo/ecshop/index.php'),
(1420543960, '127.0.0.1', 43, 'Safari 537.36', 'Windows NT', 'zh-CN,zh', 'LAN', 'http://localhost', '/xc/bobo/ecshop/sex_determination.php', '/xc/bobo/ecshop/index.php'),
(1423142017, '127.0.0.1', 10, 'Safari 537.36', 'Windows NT', 'zh-CN,zh', 'LAN', 'http://localhost', '/bobo/ecshop/goods.php?id=76', '/bobo/ecshop/user.php'),
(1423141234, '127.0.0.1', 9, 'Safari 537.36', 'Windows NT', 'zh-CN,zh', 'LAN', 'http://localhost', '/bobo/ecshop/goods.php?id=76&cartShow=1', '/bobo/ecshop/flow.php'),
(1423139157, '127.0.0.1', 8, 'Safari 537.36', 'Windows NT', 'zh-CN,zh', 'LAN', 'http://localhost', '/bobo/ecshop/user.php', '/bobo/ecshop/user.php'),
(1423109406, '127.0.0.1', 7, 'Safari 537.36', 'Windows NT', 'zh-CN,zh', 'LAN', 'http://localhost', '/bobo/ecshop/user.php', '/bobo/ecshop/flow.php'),
(1423106920, '127.0.0.1', 6, 'Safari 537.36', 'Windows NT', 'zh-CN,zh', 'LAN', 'http://localhost', '/bobo/ecshop/category.php?id=75', '/bobo/ecshop/user.php'),
(1423105489, '127.0.0.1', 5, 'Safari 537.36', 'Windows NT', 'zh-CN,zh', 'LAN', 'http://localhost', '/bobo/ecshop/flow.php?step=consignee', '/bobo/ecshop/flow.php'),
(1420869657, '127.0.0.1', 4, 'Safari 537.36', 'Windows NT', 'zh-CN,zh', 'LAN', 'http://localhost', '/bobo/ecshop/sex_determination.php', '/bobo/ecshop/index.php'),
(1420872187, '127.0.0.1', 5, 'Safari 537.36', 'Windows NT', 'zh-CN,zh', 'LAN', 'http://localhost', '/bobo/ecshop/category.php?id=72', '/bobo/ecshop/index.php'),
(1420878153, '127.0.0.1', 6, 'Safari 537.36', 'Windows NT', 'zh-CN,zh', 'LAN', 'http://localhost', '/bobo/ecshop/category.php?id=72', '/bobo/ecshop/index.php'),
(1420892414, '127.0.0.1', 1, 'Safari 537.36', 'Windows NT', 'zh-CN,zh', 'LAN', 'http://localhost', '/bobo/ecshop/sex_determination.php', '/bobo/ecshop/index.php'),
(1420902079, '127.0.0.1', 2, 'Safari 537.36', 'Windows NT', 'zh-CN,zh', 'LAN', 'http://localhost', '/bobo/ecshop/goods.php?id=71', '/bobo/ecshop/category.php'),
(1420911838, '127.0.0.1', 3, 'Safari 537.36', 'Windows NT', 'zh-CN,zh', 'LAN', 'http://localhost', '/bobo/ecshop/category.php?id=75', '/bobo/ecshop/index.php'),
(1420916681, '127.0.0.1', 4, 'Safari 537.36', 'Windows NT', 'zh-CN,zh', 'LAN', '', '', '/bobo/ecshop/index.php'),
(1421072388, '127.0.0.1', 7, 'Safari 537.36', 'Windows NT', 'zh-CN,zh', 'LAN', 'http://localhost', '/bobo1/bobo/ecshop/sex_determination.php', '/bobo1/bobo/ecshop/index.php'),
(1421073500, '127.0.0.1', 8, 'Safari 537.36', 'Windows NT', 'zh-CN,zh', 'LAN', 'http://localhost', '/bobo/ecshop/sex_determination.php', '/bobo/ecshop/index.php'),
(1421082573, '127.0.0.1', 9, 'Safari 537.36', 'Windows NT', 'zh-CN,zh', 'LAN', 'http://localhost', '/bobo/ecshop/category.php?id=75', '/bobo/ecshop/category.php'),
(1421159355, '127.0.0.1', 10, 'Safari 537.36', 'Windows NT', 'zh-CN,zh', 'LAN', 'http://localhost', '/bobo/ecshop/sex_determination.php', '/bobo/ecshop/index.php'),
(1421168186, '127.0.0.1', 11, 'Safari 537.36', 'Windows NT', 'zh-CN,zh', 'LAN', 'http://localhost', '/bobo/ecshop/category.php?id=75', '/bobo/ecshop/category.php'),
(1421170981, '127.0.0.1', 5, 'Safari 537.36', 'Windows NT', 'zh-CN,zh', 'LAN', 'http://localhost', '/bobo/ecshop/sex_determination.php', '/bobo/ecshop/index.php'),
(1421175965, '127.0.0.1', 6, 'Safari 537.36', 'Windows NT', 'zh-CN,zh', 'LAN', 'http://localhost', '/bobo/ecshop/index.php?sex=0', '/bobo/ecshop/goods.php'),
(1421225654, '127.0.0.1', 12, 'Safari 537.36', 'Windows NT', 'zh-CN,zh', 'LAN', 'http://localhost', '/bobo/ecshop/sex_determination.php', '/bobo/ecshop/index.php'),
(1421235727, '127.0.0.1', 13, 'Safari 537.36', 'Windows NT', 'zh-CN,zh', 'LAN', 'http://localhost', '/bobo/ecshop/user.php', '/bobo/ecshop/user.php'),
(1421238128, '127.0.0.1', 14, 'Safari 537.36', 'Windows NT', 'zh-CN,zh', 'LAN', 'http://localhost', '/bobo/ecshop/user.php?act=default', '/bobo/ecshop/category.php'),
(1421240120, '127.0.0.1', 15, 'Safari 537.36', 'Windows NT', 'zh-CN,zh', 'LAN', 'http://localhost', '/bobo/ecshop/user.php?act=default', '/bobo/ecshop/category.php'),
(1421245574, '127.0.0.1', 16, 'Safari 537.36', 'Windows NT', 'zh-CN,zh', 'LAN', 'http://localhost', '/bobo/ecshop/category.php?id=75', '/bobo/ecshop/goods.php'),
(1421247546, '127.0.0.1', 17, 'Safari 537.36', 'Windows NT', 'zh-CN,zh', 'LAN', 'http://localhost', '/bobo/ecshop/user.php', '/bobo/ecshop/category.php'),
(1421249421, '127.0.0.1', 18, 'Safari 537.36', 'Windows NT', 'zh-CN,zh', 'LAN', 'http://localhost', '/bobo/ecshop/user.php', '/bobo/ecshop/category.php'),
(1421251607, '127.0.0.1', 19, 'Safari 537.36', 'Windows NT', 'zh-CN,zh', 'LAN', 'http://localhost', '/bobo/ecshop/user.php', '/bobo/ecshop/category.php'),
(1421251625, '127.0.0.1', 20, 'Safari 537.36', 'Windows NT', 'zh-CN,zh', 'LAN', 'http://localhost', '/bobo/ecshop/category.php?id=75', '/bobo/ecshop/user.php'),
(1421252926, '127.0.0.1', 1, 'Internet Explorer 9.0', 'Windows NT', 'zh-CN', 'LAN', 'http://localhost', '/bobo/ecshop/user.php', '/bobo/ecshop/category.php'),
(1421253461, '127.0.0.1', 21, 'Safari 537.36', 'Windows NT', 'zh-CN,zh', 'LAN', '', '', '/bobo/ecshop/category.php'),
(1421255979, '127.0.0.1', 22, 'Safari 537.36', 'Windows NT', 'zh-CN,zh', 'LAN', 'http://localhost', '/bobo/ecshop/category.php?id=75', '/bobo/ecshop/user.php'),
(1422110193, '127.0.0.1', 7, 'Safari 537.36', 'Windows NT', 'zh-CN,zh', 'LAN', 'http://localhost', '/bobo/ecshop/sex_determination.php', '/bobo/ecshop/index.php'),
(1422115294, '127.0.0.1', 8, 'Safari 537.36', 'Windows NT', 'zh-CN,zh', 'LAN', 'http://localhost', '/bobo/ecshop/category.php?id=75', '/bobo/ecshop/user.php'),
(1423026229, '127.0.0.1', 1, 'Safari 537.36', 'Windows NT', 'zh-CN,zh', 'LAN', 'http://localhost', '/bobo/ecshop/category.php?id=75', '/bobo/ecshop/category.php'),
(1423048116, '127.0.0.1', 2, 'Safari 537.36', 'Windows NT', 'zh-CN,zh', 'LAN', 'http://localhost', '/bobo/ecshop/user.php', '/bobo/ecshop/user.php'),
(1423056686, '127.0.0.1', 3, 'Safari 537.36', 'Windows NT', 'zh-CN,zh', 'LAN', 'http://localhost', '/bobo/ecshop/category.php?id=75', '/bobo/ecshop/goods.php'),
(1423056929, '127.0.0.1', 4, 'Safari 537.36', 'Windows NT', 'zh-CN,zh', 'LAN', 'http://localhost', '/bobo/ecshop/goods.php?id=75', '/bobo/ecshop/user.php'),
(1423213180, '127.0.0.1', 1, 'Safari 537.36', 'Windows NT', 'zh-CN,zh', 'LAN', 'http://localhost', '/bobo/ecshop/sex_determination.php', '/bobo/ecshop/index.php'),
(1423213194, '127.0.0.1', 2, 'Safari 537.36', 'Windows NT', 'zh-CN,zh', 'LAN', 'http://localhost', '/bobo/ecshop/index.php?sex=1', '/bobo/ecshop/user.php'),
(1423213196, '127.0.0.1', 3, 'Safari 537.36', 'Windows NT', 'zh-CN,zh', 'LAN', 'http://localhost', '/bobo/ecshop/index.php?sex=1', '/bobo/ecshop/user.php'),
(1423213199, '127.0.0.1', 4, 'Safari 537.36', 'Windows NT', 'zh-CN,zh', 'LAN', 'http://localhost', '/bobo/ecshop/index.php?sex=1', '/bobo/ecshop/user.php'),
(1423213201, '127.0.0.1', 5, 'Safari 537.36', 'Windows NT', 'zh-CN,zh', 'LAN', 'http://localhost', '/bobo/ecshop/index.php?sex=1', '/bobo/ecshop/user.php'),
(1423213210, '127.0.0.1', 6, 'Safari 537.36', 'Windows NT', 'zh-CN,zh', 'LAN', 'http://localhost', '/bobo/ecshop/index.php?sex=1', '/bobo/ecshop/user.php'),
(1423213210, '127.0.0.1', 6, 'Safari 537.36', 'Windows NT', 'zh-CN,zh', 'LAN', 'http://localhost', '/bobo/ecshop/index.php?sex=1', '/bobo/ecshop/index.php'),
(1423213243, '127.0.0.1', 23, 'Safari 537.36', 'Windows NT', 'zh-CN,zh', 'LAN', 'http://localhost', '/bobo/ecshop/index.php?sex=1', '/bobo/ecshop/user.php'),
(1423213398, '127.0.0.1', 24, 'Safari 537.36', 'Windows NT', 'zh-CN,zh', 'LAN', 'http://mail.qq.com', '/cgi-bin/mail_spam?action=check_link&url=http://localhost/bobo/ecshop/user.php?act=validate_email%26hash=MjEsM2U5NQ==&mailid=ZC2606-4HsWrlHTMrBkJwZSYVeXc52&spam=0', '/bobo/ecshop/user.php'),
(1423213599, '127.0.0.1', 1, 'Safari 537.36', 'Windows NT', 'zh-CN,zh', 'LAN', 'http://localhost', '/bobo/ecshop/index.php?sex=1', '/bobo/ecshop/user.php'),
(1423213644, '127.0.0.1', 2, 'Safari 537.36', 'Windows NT', 'zh-CN,zh', 'LAN', 'http://localhost', '/bobo/ecshop/index.php?sex=1', '/bobo/ecshop/user.php'),
(1423217202, '127.0.0.1', 9, 'Safari 537.36', 'Windows NT', 'zh-CN,zh', 'LAN', 'http://localhost', '/bobo/ecshop/category.php?id=75', '/bobo/ecshop/online_wear.php'),
(1423226149, '127.0.0.1', 10, 'Safari 537.36', 'Windows NT', 'zh-CN,zh', 'LAN', 'http://localhost', '/bobo/ecshop/user.php?act=default', '/bobo/ecshop/category.php'),
(1423229857, '127.0.0.1', 11, 'Safari 537.36', 'Windows NT', 'zh-CN,zh', 'LAN', 'http://localhost', '/bobo/ecshop/', '/bobo/ecshop/user.php'),
(1423229861, '127.0.0.1', 12, 'Safari 537.36', 'Windows NT', 'zh-CN,zh', 'LAN', 'http://localhost', '/bobo/ecshop/index.php', '/bobo/ecshop/user.php'),
(1423231670, '127.0.0.1', 13, 'Safari 537.36', 'Windows NT', 'zh-CN,zh', 'LAN', 'http://localhost', '/bobo/ecshop/', '/bobo/ecshop/flow.php'),
(1423231937, '127.0.0.1', 14, 'Safari 537.36', 'Windows NT', 'zh-CN,zh', 'LAN', 'http://localhost', '/bobo/ecshop/user.php', '/bobo/ecshop/flow.php'),
(1423231990, '127.0.0.1', 15, 'Safari 537.36', 'Windows NT', 'zh-CN,zh', 'LAN', 'http://localhost', '/bobo/ecshop/user.php', '/bobo/ecshop/flow.php'),
(1423233844, '127.0.0.1', 16, 'Safari 537.36', 'Windows NT', 'zh-CN,zh', 'LAN', 'http://localhost', '/bobo/ecshop/category.php?id=75', '/bobo/ecshop/goods.php'),
(1423236361, '127.0.0.1', 17, 'Safari 537.36', 'Windows NT', 'zh-CN,zh', 'LAN', 'http://localhost', '/bobo/ecshop/flow.php?step=done', '/bobo/ecshop/category.php'),
(1423248806, '127.0.0.1', 18, 'Safari 537.36', 'Windows NT', 'zh-CN,zh', 'LAN', 'http://localhost', '/bobo/ecshop/goods.php?id=72', '/bobo/ecshop/index.php'),
(1423254869, '127.0.0.1', 19, 'Safari 537.36', 'Windows NT', 'zh-CN,zh', 'LAN', 'http://localhost', '/bobo/ecshop/category.php?id=75', '/bobo/ecshop/category.php'),
(1423385391, '127.0.0.1', 20, 'Safari 537.36', 'Windows NT', 'zh-CN,zh', 'LAN', 'http://localhost', '/bobo/ecshop/index.php?sex=1', '/bobo/ecshop/user.php'),
(1423387504, '127.0.0.1', 21, 'Safari 537.36', 'Windows NT', 'zh-CN,zh', 'LAN', 'http://localhost', '/bobo/ecshop/user.php', '/bobo/ecshop/flow.php'),
(1423389345, '127.0.0.1', 22, 'Safari 537.36', 'Windows NT', 'zh-CN,zh', 'LAN', 'http://localhost', '/bobo/ecshop/user.php', '/bobo/ecshop/flow.php'),
(1423396047, '127.0.0.1', 23, 'Safari 537.36', 'Windows NT', 'zh-CN,zh', 'LAN', 'http://localhost', '/bobo/ecshop/user.php', '/bobo/ecshop/flow.php'),
(1423397875, '127.0.0.1', 24, 'Safari 537.36', 'Windows NT', 'zh-CN,zh', 'LAN', '', '', '/bobo/ecshop/flow.php'),
(1423397886, '127.0.0.1', 25, 'Safari 537.36', 'Windows NT', 'zh-CN,zh', 'LAN', 'http://localhost', '/bobo/ecshop/flow.php?step=consignee', '/bobo/ecshop/user.php'),
(1423400186, '127.0.0.1', 26, 'Safari 537.36', 'Windows NT', 'zh-CN,zh', 'LAN', 'http://localhost', '/bobo/ecshop/category.php?id=75', '/bobo/ecshop/user.php'),
(1423400195, '127.0.0.1', 27, 'Safari 537.36', 'Windows NT', 'zh-CN,zh', 'LAN', 'http://localhost', '/bobo/ecshop/index.php', '/bobo/ecshop/user.php'),
(1423402024, '127.0.0.1', 28, 'Safari 537.36', 'Windows NT', 'zh-CN,zh', 'LAN', 'http://localhost', '/bobo/ecshop/category.php?id=75', '/bobo/ecshop/user.php'),
(1423408801, '127.0.0.1', 29, 'Safari 537.36', 'Windows NT', 'zh-CN,zh', 'LAN', 'http://localhost', '/bobo/ecshop/index.php', '/bobo/ecshop/user.php'),
(1423408808, '127.0.0.1', 30, 'Safari 537.36', 'Windows NT', 'zh-CN,zh', 'LAN', 'http://localhost', '/bobo/ecshop/index.php', '/bobo/ecshop/user.php'),
(1423411282, '127.0.0.1', 31, 'Safari 537.36', 'Windows NT', 'zh-CN,zh', 'LAN', 'http://localhost', '/bobo/ecshop/', '/bobo/ecshop/user.php'),
(1423414318, '127.0.0.1', 32, 'Safari 537.36', 'Windows NT', 'zh-CN,zh', 'LAN', 'http://localhost', '/bobo/ecshop/index.php', '/bobo/ecshop/user.php'),
(1423414328, '127.0.0.1', 33, 'Safari 537.36', 'Windows NT', 'zh-CN,zh', 'LAN', 'http://localhost', '/bobo/ecshop/index.php', '/bobo/ecshop/user.php'),
(1423414343, '127.0.0.1', 34, 'Safari 537.36', 'Windows NT', 'zh-CN,zh', 'LAN', 'http://localhost', '/bobo/ecshop/index.php', '/bobo/ecshop/user.php'),
(1423415036, '127.0.0.1', 1, 'Safari 537.36', 'Windows NT', 'zh-CN,zh', 'LAN', 'http://localhost', '/bobo/ecshop/index.php?sex=1', '/bobo/ecshop/user.php'),
(1423416301, '127.0.0.1', 35, 'Safari 537.36', 'Windows NT', 'zh-CN,zh', 'LAN', 'http://localhost', '/bobo/ecshop/headImg/index.html', '/bobo/ecshop/user.php'),
(1423418194, '127.0.0.1', 36, 'Safari 537.36', 'Windows NT', 'zh-CN,zh', 'LAN', 'http://localhost', '/bobo/ecshop/headImg/index.html', '/bobo/ecshop/headImg/up.php'),
(1423420222, '127.0.0.1', 37, 'Safari 537.36', 'Windows NT', 'zh-CN,zh', 'LAN', 'http://localhost', '/bobo/ecshop/headImg/index.html', '/bobo/ecshop/headImg/up.php'),
(1423575244, '127.0.0.1', 38, 'Safari 537.36', 'Windows NT', 'zh-CN,zh', 'LAN', 'http://localhost', '/bobo/ecshop/index.php?sex=1', '/bobo/ecshop/user.php'),
(1423575294, '127.0.0.1', 39, 'Safari 537.36', 'Windows NT', 'zh-CN,zh', 'LAN', 'http://localhost', '/bobo/ecshop/index.php', '/bobo/ecshop/user.php'),
(1423579102, '127.0.0.1', 40, 'Safari 537.36', 'Windows NT', 'zh-CN,zh', 'LAN', 'http://localhost', '/bobo/ecshop/headImg/index.php', '/bobo/ecshop/headImg/index.php'),
(1423649171, '127.0.0.1', 41, 'Safari 537.36', 'Windows NT', 'zh-CN,zh', 'LAN', 'http://localhost', '/bobo/ecshop/', '/bobo/ecshop/goods.php'),
(1423656699, '127.0.0.1', 42, 'Safari 537.36', 'Windows NT', 'zh-CN,zh', 'LAN', 'http://localhost', '/bobo/ecshop/', '/bobo/ecshop/goods.php'),
(1423656713, '127.0.0.1', 1, 'Safari 537.36', 'Windows NT', 'zh-CN,zh', 'LAN', 'http://localhost', '/bobo/ecshop/index.php?sex=1', '/bobo/ecshop/goods.php'),
(1423763416, '223.73.18.83', 1, 'Safari 537.36', 'Windows NT', 'zh-CN,zh', 'IANA', 'http://103.254.150.17', '/sex_determination.php', '/index.php'),
(1423763429, '223.73.18.83', 2, 'Safari 537.36', 'Windows NT', 'zh-CN,zh', 'IANA', 'http://mail.qq.com', '/cgi-bin/mail_spam?action=check_link&url=http://103.254.150.17/user.php?act=validate_email%26hash=MjQsM2MxYQ==&mailid=ZC2813-10znHeIFAYNfOxpO_mc_A52&spam=0', '/user.php'),
(1423763917, '223.73.18.83', 1, 'Safari 537.36', 'Windows NT', 'zh-CN,zh', 'IANA', 'http://103.254.150.17', '/admin/index.php?act=top', '/index.php'),
(1423766422, '94.174.197.201', 1, 'Safari 537.36', 'Windows NT', 'en-GB,en', 'RIPE', 'http://mail.qq.com', '/cgi-bin/readtemplate?t=safety&check=false&gourl=http%3A%2F%2F103.254.150.17%2Fuser.php%3Fact%3Dvalidate_email%26hash%3DMjUsYjE4Nw%3D%3D&subtemplate=gray&evil=0', '/user.php'),
(1423773061, '2.30.7.5', 1, 'Safari 537.36', 'Windows NT', 'zh-CN,zh', 'IANA', 'http://103.254.150.17', '/index.php?sex=2', '/index.php'),
(1423844020, '128.199.97.197', 21, 'Safari 537.36', 'Windows NT', 'zh-CN,zh', '英国', '', '', '/index.php'),
(1423858059, '221.176.4.134', 1, '', 'Unknown', '', '中国', '', '', '/index.php'),
(1423860113, '223.73.17.237', 1, 'Safari 537.36', 'Windows NT', 'zh-CN,zh', 'IANA', '', '', '/index.php'),
(1423860151, '223.73.17.237', 1, 'Safari 537.36', 'Windows NT', 'zh-CN,zh', 'IANA', '', '', '/index.php'),
(1423860346, '66.249.84.137', 1, 'FireFox 6.0', 'Windows NT', '', '美国', '', '', '/index.php'),
(1423860412, '2.30.1.20', 1, 'Safari 537.36', 'Windows NT', 'zh-CN,zh', 'IANA', '', '', '/headImg/index.php'),
(1423860609, '66.249.93.211', 1, 'FireFox 6.0', 'Windows NT', '', '美国', '', '', '/index.php'),
(1423862274, '94.174.197.201', 1, 'Safari 537.36', 'Windows NT', 'en-GB,en', 'RIPE', '', '', '/index.php'),
(1423864931, '45.56.123.187', 2, 'Safari 537.36', 'Windows NT', 'zh-CN,zh', '美国', '', '', '/index.php'),
(1423864985, '45.56.123.187', 3, 'Safari 537.36', 'Windows NT', 'zh-CN,zh', '美国', '', '', '/index.php'),
(1423865305, '45.56.123.187', 4, 'Safari 537.36', 'Windows NT', 'zh-CN,zh', '美国', '', '', '/index.php'),
(1423865378, '45.56.123.187', 5, 'Safari 537.36', 'Windows NT', 'zh-CN,zh', '美国', '', '', '/index.php'),
(1423865396, '223.73.17.237', 6, 'Safari 537.36', 'Windows NT', 'zh-CN,zh', 'IANA', '', '', '/index.php'),
(1423865473, '45.56.123.187', 7, 'Safari 537.36', 'Windows NT', 'zh-CN,zh', '美国', 'http://www.bobo-d2c.com', '/?code=AQD8E4CINJ8D_HE5iEZ6vTj2FFYNryLTwNVQCKB9DzD0MRxsh2VTwytF7TlgmwvujvXN-U4n54SHOKIhaw18ZfrJ5eRSLQcCAW7Bd3Uajp2qaah52FTzQvVJJrhrZLsIMeQpQTcK-eXT3Xdxt3bGT5EPbTPmQia5zzEh6OyB1u6Am3pgNSk5hIDOy5CY_Vu6G', '/index.php'),
(1423865498, '45.56.123.187', 7, 'Safari 537.36', 'Windows NT', 'zh-CN,zh', '美国', 'http://www.bobo-d2c.com', '/?code=AQD8E4CINJ8D_HE5iEZ6vTj2FFYNryLTwNVQCKB9DzD0MRxsh2VTwytF7TlgmwvujvXN-U4n54SHOKIhaw18ZfrJ5eRSLQcCAW7Bd3Uajp2qaah52FTzQvVJJrhrZLsIMeQpQTcK-eXT3Xdxt3bGT5EPbTPmQia5zzEh6OyB1u6Am3pgNSk5hIDOy5CY_Vu6G', '/index.php'),
(1423865681, '45.56.123.187', 8, 'Safari 537.36', 'Windows NT', 'zh-CN,zh', '美国', 'http://www.bobo-d2c.com', '/?code=AQD8E4CINJ8D_HE5iEZ6vTj2FFYNryLTwNVQCKB9DzD0MRxsh2VTwytF7TlgmwvujvXN-U4n54SHOKIhaw18ZfrJ5eRSLQcCAW7Bd3Uajp2qaah52FTzQvVJJrhrZLsIMeQpQTcK-eXT3Xdxt3bGT5EPbTPmQia5zzEh6OyB1u6Am3pgNSk5hIDOy5CY_Vu6G', '/index.php'),
(1423865720, '223.73.17.237', 1, 'Safari 534.30', 'Linux', 'zh-CN', 'IANA', 'http://bobo-d2c.com', '/sex_determination.php', '/index.php'),
(1423865761, '223.73.17.237', 2, 'Safari 534.30', 'Linux', 'zh-CN', 'IANA', '', '', '/index.php'),
(1423865788, '223.73.17.237', 2, 'Safari 534.30', 'Linux', 'zh-CN', 'IANA', '', '', '/index.php'),
(1423865794, '223.73.17.237', 2, 'Safari 534.30', 'Linux', 'zh-CN', 'IANA', '', '', '/index.php'),
(1423865822, '223.73.17.237', 2, 'Safari 534.30', 'Linux', 'zh-CN', 'IANA', 'http://www.bobo-d2c.com', '/?code=AQB2KMK68Z90hoyuSCt7jUP9IxB1_WagL2cfu3BeAnGQ6zOH6hUpPr_MQGzVchffLKMCnnXIY_3r2_rnqt9aSMboHISicKIfdR6UvFdDRUw-CreGlxSZMyrUtJF9E8rKaI5jhKhh2rjIwZRfu3GZdTHkSqvissfNqK4OYsylXlILV8HOXkvcEWWlG4BzZLb4L', '/category.php'),
(1423865827, '223.73.17.237', 2, 'Safari 534.30', 'Linux', 'zh-CN', 'IANA', '', '', '/index.php'),
(1423868060, '88.208.221.49', 1, 'Safari 537.36', 'Windows NT', 'zh-CN,zh', '英国', 'http://www.bobo-d2c.com', '/sex_determination.php', '/index.php'),
(1423868073, '88.208.221.49', 2, 'Safari 537.36', 'Windows NT', 'zh-CN,zh', '英国', 'http://www.bobo-d2c.com', '/index.php?sex=1', '/index.php'),
(1423868286, '88.208.221.49', 3, 'Safari 537.36', 'Windows NT', 'zh-CN,zh', '英国', 'http://www.bobo-d2c.com', '/index.php?sex=1', '/index.php'),
(1423868357, '88.208.221.49', 4, 'Safari 537.36', 'Windows NT', 'zh-CN,zh', '英国', 'http://www.bobo-d2c.com', '/?code=AQChxxRZsITMYNiZT6toFpB-k02WnmeQjoyPfrza0UEZ894-EQNimQD1FB8nBYFJZNWvFOgMoTmx8e36ru3tW3DQ1rRVG-wQUUfgE9jqd2hXgQqwubWWtysf_C_yTN0lNvvCy-TFvRsm32SzipuE6Qb6Wiwo9ZeOR_H9ASXUfwDyVpPx91qEfygrdA3bRcHAG', '/index.php'),
(1423868417, '94.174.197.201', 2, 'Safari 537.36', 'Windows NT', 'en-GB,en', 'RIPE', '', '', '/index.php'),
(1423868424, '128.199.246.231', 5, 'Safari 537.36', 'Windows NT', 'zh-CN,zh', '英国', '', '', '/index.php'),
(1423868424, '128.199.246.231', 5, 'Safari 537.36', 'Windows NT', 'zh-CN,zh', '英国', 'http://www.bobo-d2c.com', '/index.php?sex=1', '/index.php'),
(1423868424, '128.199.246.231', 5, 'Safari 537.36', 'Windows NT', 'zh-CN,zh', '英国', 'http://www.bobo-d2c.com', '/?code=AQChxxRZsITMYNiZT6toFpB-k02WnmeQjoyPfrza0UEZ894-EQNimQD1FB8nBYFJZNWvFOgMoTmx8e36ru3tW3DQ1rRVG-wQUUfgE9jqd2hXgQqwubWWtysf_C_yTN0lNvvCy-TFvRsm32SzipuE6Qb6Wiwo9ZeOR_H9ASXUfwDyVpPx91qEfygrdA3bRcHAG', '/index.php'),
(1423868426, '128.199.246.231', 5, 'Safari 537.36', 'Windows NT', 'zh-CN,zh', '英国', 'http://www.bobo-d2c.com', '/sex_determination.php', '/index.php'),
(1423868432, '128.199.246.231', 6, 'Safari 537.36', 'Windows NT', 'zh-CN,zh', '英国', 'http://www.bobo-d2c.com', '/index.php?sex=1', '/index.php'),
(1423868438, '94.174.197.201', 3, 'Safari 537.36', 'Windows NT', 'en-GB,en', 'RIPE', 'http://www.bobo-d2c.com', '/', '/category.php'),
(1423868469, '128.199.246.231', 7, 'Safari 537.36', 'Windows NT', 'zh-CN,zh', '英国', 'http://www.bobo-d2c.com', '/index.php?sex=1', '/index.php'),
(1423868475, '128.199.246.231', 8, 'Safari 537.36', 'Windows NT', 'zh-CN,zh', '英国', 'http://www.bobo-d2c.com', '/?code=AQApKGc3nbzd4slNi40A-aowTUCd-GH9XnPN1J28zoKKI-8c_Co4TLYF1maOYuYmXp6XMEcrJnN6ZpqBUFouKNjeQ_BH5IOn3qYhoEkZZimd5qauw96RJw2peg_WOhHYa_Z4MoziGYcL42-PLka6s6PGeeInJ8XXVaOnxRP-jasLNOH8gCCw0iSv5F61JkNPj', '/index.php'),
(1423868549, '128.199.246.231', 9, 'Safari 537.36', 'Windows NT', 'zh-CN,zh', '英国', 'http://www.bobo-d2c.com', '/?code=AQApKGc3nbzd4slNi40A-aowTUCd-GH9XnPN1J28zoKKI-8c_Co4TLYF1maOYuYmXp6XMEcrJnN6ZpqBUFouKNjeQ_BH5IOn3qYhoEkZZimd5qauw96RJw2peg_WOhHYa_Z4MoziGYcL42-PLka6s6PGeeInJ8XXVaOnxRP-jasLNOH8gCCw0iSv5F61JkNPj', '/index.php'),
(1423868550, '128.199.246.231', 9, 'Safari 537.36', 'Windows NT', 'zh-CN,zh', '英国', 'http://www.bobo-d2c.com', '/?code=AQApKGc3nbzd4slNi40A-aowTUCd-GH9XnPN1J28zoKKI-8c_Co4TLYF1maOYuYmXp6XMEcrJnN6ZpqBUFouKNjeQ_BH5IOn3qYhoEkZZimd5qauw96RJw2peg_WOhHYa_Z4MoziGYcL42-PLka6s6PGeeInJ8XXVaOnxRP-jasLNOH8gCCw0iSv5F61JkNPj', '/index.php'),
(1423868558, '128.199.246.231', 10, 'Safari 537.36', 'Windows NT', 'zh-CN,zh', '英国', 'http://www.bobo-d2c.com', '/?code=AQApKGc3nbzd4slNi40A-aowTUCd-GH9XnPN1J28zoKKI-8c_Co4TLYF1maOYuYmXp6XMEcrJnN6ZpqBUFouKNjeQ_BH5IOn3qYhoEkZZimd5qauw96RJw2peg_WOhHYa_Z4MoziGYcL42-PLka6s6PGeeInJ8XXVaOnxRP-jasLNOH8gCCw0iSv5F61JkNPj', '/index.php'),
(1423868560, '128.199.246.231', 11, 'Safari 537.36', 'Windows NT', 'zh-CN,zh', '英国', 'http://www.bobo-d2c.com', '/index.php?sex=1', '/index.php'),
(1423868565, '128.199.246.231', 12, 'Safari 537.36', 'Windows NT', 'zh-CN,zh', '英国', 'http://www.bobo-d2c.com', '/?code=AQApKGc3nbzd4slNi40A-aowTUCd-GH9XnPN1J28zoKKI-8c_Co4TLYF1maOYuYmXp6XMEcrJnN6ZpqBUFouKNjeQ_BH5IOn3qYhoEkZZimd5qauw96RJw2peg_WOhHYa_Z4MoziGYcL42-PLka6s6PGeeInJ8XXVaOnxRP-jasLNOH8gCCw0iSv5F61JkNPj', '/index.php'),
(1423868588, '223.73.18.174', 13, 'Safari 537.36', 'Windows NT', 'zh-CN,zh', 'IANA', 'http://www.bobo-d2c.com', '/?code=AQApKGc3nbzd4slNi40A-aowTUCd-GH9XnPN1J28zoKKI-8c_Co4TLYF1maOYuYmXp6XMEcrJnN6ZpqBUFouKNjeQ_BH5IOn3qYhoEkZZimd5qauw96RJw2peg_WOhHYa_Z4MoziGYcL42-PLka6s6PGeeInJ8XXVaOnxRP-jasLNOH8gCCw0iSv5F61JkNPj', '/index.php'),
(1423868589, '223.73.18.174', 14, 'Safari 537.36', 'Windows NT', 'zh-CN,zh', 'IANA', 'http://www.bobo-d2c.com', '/?code=AQApKGc3nbzd4slNi40A-aowTUCd-GH9XnPN1J28zoKKI-8c_Co4TLYF1maOYuYmXp6XMEcrJnN6ZpqBUFouKNjeQ_BH5IOn3qYhoEkZZimd5qauw96RJw2peg_WOhHYa_Z4MoziGYcL42-PLka6s6PGeeInJ8XXVaOnxRP-jasLNOH8gCCw0iSv5F61JkNPj', '/index.php'),
(1423868590, '223.73.18.174', 15, 'Safari 537.36', 'Windows NT', 'zh-CN,zh', 'IANA', 'http://www.bobo-d2c.com', '/?code=AQApKGc3nbzd4slNi40A-aowTUCd-GH9XnPN1J28zoKKI-8c_Co4TLYF1maOYuYmXp6XMEcrJnN6ZpqBUFouKNjeQ_BH5IOn3qYhoEkZZimd5qauw96RJw2peg_WOhHYa_Z4MoziGYcL42-PLka6s6PGeeInJ8XXVaOnxRP-jasLNOH8gCCw0iSv5F61JkNPj', '/index.php'),
(1423868618, '223.73.18.174', 16, 'Safari 537.36', 'Windows NT', 'zh-CN,zh', 'IANA', 'http://www.bobo-d2c.com', '/?code=AQApKGc3nbzd4slNi40A-aowTUCd-GH9XnPN1J28zoKKI-8c_Co4TLYF1maOYuYmXp6XMEcrJnN6ZpqBUFouKNjeQ_BH5IOn3qYhoEkZZimd5qauw96RJw2peg_WOhHYa_Z4MoziGYcL42-PLka6s6PGeeInJ8XXVaOnxRP-jasLNOH8gCCw0iSv5F61JkNPj', '/index.php'),
(1423868637, '128.199.246.231', 17, 'Safari 537.36', 'Windows NT', 'zh-CN,zh', '英国', 'http://www.bobo-d2c.com', '/?code=AQApKGc3nbzd4slNi40A-aowTUCd-GH9XnPN1J28zoKKI-8c_Co4TLYF1maOYuYmXp6XMEcrJnN6ZpqBUFouKNjeQ_BH5IOn3qYhoEkZZimd5qauw96RJw2peg_WOhHYa_Z4MoziGYcL42-PLka6s6PGeeInJ8XXVaOnxRP-jasLNOH8gCCw0iSv5F61JkNPj', '/index.php'),
(1423868645, '128.199.246.231', 18, 'Safari 537.36', 'Windows NT', 'zh-CN,zh', '英国', 'http://www.bobo-d2c.com', '/?code=AQAxjo2O6yjBYiEQi_OY9Bsz4H_7ZKg52nuucqDsbMNTNaGG7-LN2esfcOwElTwjLPzv1ZW9DoAstTH_68zFfFYFym8szS1QdXBYEPRkIZf5yXYVusHnUne4YDrUOhjMT_17Yk6TdpDG6j17gWLRIS2ezZdOcmHJSEvB8J5Nt8N21eMnCm2XblTZTScrDLO5Y', '/index.php'),
(1423868649, '128.199.246.231', 19, 'Safari 537.36', 'Windows NT', 'zh-CN,zh', '英国', 'http://www.bobo-d2c.com', '/?code=AQAxjo2O6yjBYiEQi_OY9Bsz4H_7ZKg52nuucqDsbMNTNaGG7-LN2esfcOwElTwjLPzv1ZW9DoAstTH_68zFfFYFym8szS1QdXBYEPRkIZf5yXYVusHnUne4YDrUOhjMT_17Yk6TdpDG6j17gWLRIS2ezZdOcmHJSEvB8J5Nt8N21eMnCm2XblTZTScrDLO5Y', '/index.php'),
(1423868659, '223.73.18.174', 20, 'Safari 537.36', 'Windows NT', 'zh-CN,zh', 'IANA', 'http://www.bobo-d2c.com', '/?code=AQAxjo2O6yjBYiEQi_OY9Bsz4H_7ZKg52nuucqDsbMNTNaGG7-LN2esfcOwElTwjLPzv1ZW9DoAstTH_68zFfFYFym8szS1QdXBYEPRkIZf5yXYVusHnUne4YDrUOhjMT_17Yk6TdpDG6j17gWLRIS2ezZdOcmHJSEvB8J5Nt8N21eMnCm2XblTZTScrDLO5Y', '/index.php'),
(1423868661, '223.73.18.174', 21, 'Safari 537.36', 'Windows NT', 'zh-CN,zh', 'IANA', 'http://www.bobo-d2c.com', '/?code=AQAxjo2O6yjBYiEQi_OY9Bsz4H_7ZKg52nuucqDsbMNTNaGG7-LN2esfcOwElTwjLPzv1ZW9DoAstTH_68zFfFYFym8szS1QdXBYEPRkIZf5yXYVusHnUne4YDrUOhjMT_17Yk6TdpDG6j17gWLRIS2ezZdOcmHJSEvB8J5Nt8N21eMnCm2XblTZTScrDLO5Y', '/index.php'),
(1423868723, '223.73.18.174', 22, 'Safari 537.36', 'Windows NT', 'zh-CN,zh', 'IANA', 'http://www.bobo-d2c.com', '/?code=AQAxjo2O6yjBYiEQi_OY9Bsz4H_7ZKg52nuucqDsbMNTNaGG7-LN2esfcOwElTwjLPzv1ZW9DoAstTH_68zFfFYFym8szS1QdXBYEPRkIZf5yXYVusHnUne4YDrUOhjMT_17Yk6TdpDG6j17gWLRIS2ezZdOcmHJSEvB8J5Nt8N21eMnCm2XblTZTScrDLO5Y', '/index.php'),
(1423868734, '223.73.18.174', 23, 'Safari 537.36', 'Windows NT', 'zh-CN,zh', 'IANA', 'http://www.bobo-d2c.com', '/?code=AQAxjo2O6yjBYiEQi_OY9Bsz4H_7ZKg52nuucqDsbMNTNaGG7-LN2esfcOwElTwjLPzv1ZW9DoAstTH_68zFfFYFym8szS1QdXBYEPRkIZf5yXYVusHnUne4YDrUOhjMT_17Yk6TdpDG6j17gWLRIS2ezZdOcmHJSEvB8J5Nt8N21eMnCm2XblTZTScrDLO5Y', '/index.php'),
(1423868913, '221.176.4.134', 1, '', 'Unknown', '', '中国', '', '', '/index.php'),
(1423869043, '94.174.197.201', 4, 'Safari 537.36', 'Windows NT', 'en-GB,en', 'RIPE', 'http://www.bobo-d2c.com', '/', '/category.php'),
(1423869052, '94.174.197.201', 5, 'Safari 537.36', 'Windows NT', 'en-GB,en', 'RIPE', 'http://www.bobo-d2c.com', '/', '/category.php'),
(1423869059, '94.174.197.201', 6, 'Safari 537.36', 'Windows NT', 'en-GB,en', 'RIPE', 'http://www.bobo-d2c.com', '/category.php?id=75', '/category.php'),
(1423869634, '94.174.197.201', 7, 'Safari 537.36', 'Windows NT', 'en-GB,en', 'RIPE', 'http://www.bobo-d2c.com', '/category.php?id=75', '/category.php'),
(1423869941, '94.174.197.201', 8, 'Safari 537.36', 'Windows NT', 'en-GB,en', 'RIPE', 'http://www.bobo-d2c.com', '/category.php?id=75', '/category.php'),
(1423871025, '223.73.18.174', 24, 'Safari 537.36', 'Windows NT', 'zh-CN,zh', 'IANA', 'http://www.bobo-d2c.com', '/?code=AQAxjo2O6yjBYiEQi_OY9Bsz4H_7ZKg52nuucqDsbMNTNaGG7-LN2esfcOwElTwjLPzv1ZW9DoAstTH_68zFfFYFym8szS1QdXBYEPRkIZf5yXYVusHnUne4YDrUOhjMT_17Yk6TdpDG6j17gWLRIS2ezZdOcmHJSEvB8J5Nt8N21eMnCm2XblTZTScrDLO5Y', '/index.php'),
(1423871274, '88.208.221.49', 25, 'Safari 537.36', 'Windows NT', 'zh-CN,zh', '英国', '', '', '/index.php'),
(1423871290, '88.208.221.49', 26, 'Safari 537.36', 'Windows NT', 'zh-CN,zh', '英国', 'http://www.bobo-d2c.com', '/', '/index.php'),
(1423871850, '128.199.140.151', 27, 'Safari 537.36', 'Windows NT', 'zh-CN,zh', '英国', '', '', '/index.php'),
(1423871856, '128.199.140.151', 28, 'Safari 537.36', 'Windows NT', 'zh-CN,zh', '英国', 'http://www.bobo-d2c.com', '/', '/index.php'),
(1423871902, '128.199.140.151', 29, 'Safari 537.36', 'Windows NT', 'zh-CN,zh', '英国', '', '', '/index.php'),
(1423871906, '128.199.140.151', 30, 'Safari 537.36', 'Windows NT', 'zh-CN,zh', '英国', 'http://www.bobo-d2c.com', '/', '/index.php'),
(1423871928, '221.176.4.134', 1, '', 'Unknown', '', '中国', '', '', '/index.php'),
(1423871970, '128.199.140.151', 31, 'Safari 537.36', 'Windows NT', 'zh-CN,zh', '英国', '', '', '/index.php'),
(1423871972, '128.199.140.151', 31, 'Safari 537.36', 'Windows NT', 'zh-CN,zh', '英国', '', '', '/index.php'),
(1423871973, '128.199.140.151', 31, 'Safari 537.36', 'Windows NT', 'zh-CN,zh', '英国', '', '', '/index.php'),
(1423871976, '128.199.140.151', 32, 'Safari 537.36', 'Windows NT', 'zh-CN,zh', '英国', 'http://www.bobo-d2c.com', '/', '/index.php'),
(1423871982, '128.199.140.151', 33, 'Safari 537.36', 'Windows NT', 'zh-CN,zh', '英国', 'http://www.bobo-d2c.com', '/?code=AQAtVq-vtBELLYJcL8ezBiO139-fndqGH_PGQ6GcfK_nME1MWdM51Mz8jMnTiOtA3HGVgzbZ4v68Ts8Cvxvo76lq-jkvfK_4_j8pjQwGEP2aVd8avJ2bdeOAl4sMAhGwxUQSiN45EbItbqbiwkFNWPFW8iEn14vx6ebY8KmqMxGqKch6gnnSe_vL1wF5ZrExv', '/index.php'),
(1423872031, '128.199.140.151', 34, 'Safari 537.36', 'Windows NT', 'zh-CN,zh', '英国', '', '', '/index.php'),
(1423872050, '128.199.140.151', 35, 'Safari 537.36', 'Windows NT', 'zh-CN,zh', '英国', '', '', '/index.php'),
(1423872065, '128.199.140.151', 36, 'Safari 537.36', 'Windows NT', 'zh-CN,zh', '英国', '', '', '/index.php'),
(1423872070, '128.199.140.151', 37, 'Safari 537.36', 'Windows NT', 'zh-CN,zh', '英国', 'http://www.bobo-d2c.com', '/', '/index.php'),
(1423872093, '128.199.140.151', 38, 'Safari 537.36', 'Windows NT', 'zh-CN,zh', '英国', '', '', '/index.php'),
(1423872106, '128.199.140.151', 39, 'Safari 537.36', 'Windows NT', 'zh-CN,zh', '英国', '', '', '/index.php'),
(1423872117, '128.199.140.151', 40, 'Safari 537.36', 'Windows NT', 'zh-CN,zh', '英国', '', '', '/index.php'),
(1423872119, '128.199.140.151', 41, 'Safari 537.36', 'Windows NT', 'zh-CN,zh', '英国', '', '', '/index.php'),
(1423872139, '128.199.140.151', 42, 'Safari 537.36', 'Windows NT', 'zh-CN,zh', '英国', '', '', '/index.php'),
(1423872140, '128.199.140.151', 42, 'Safari 537.36', 'Windows NT', 'zh-CN,zh', '英国', '', '', '/index.php'),
(1423872145, '128.199.140.151', 43, 'Safari 537.36', 'Windows NT', 'zh-CN,zh', '英国', '', '', '/index.php'),
(1423872151, '128.199.140.151', 44, 'Safari 537.36', 'Windows NT', 'zh-CN,zh', '英国', 'http://www.bobo-d2c.com', '/', '/index.php'),
(1423872634, '178.62.95.185', 9, 'Safari 537.36', 'Windows NT', 'zh-CN,zh', '[未知IP0801]', 'http://www.bobo-d2c.com', '/sex_determination.php', '/index.php'),
(1423872741, '178.62.95.185', 45, 'Safari 537.36', 'Windows NT', 'zh-CN,zh', '[未知IP0801]', '', '', '/index.php'),
(1423872750, '178.62.95.185', 46, 'Safari 537.36', 'Windows NT', 'zh-CN,zh', '[未知IP0801]', 'http://www.bobo-d2c.com', '/', '/index.php'),
(1423872898, '221.176.4.134', 1, '', 'Unknown', '', '中国', '', '', '/index.php'),
(1423872915, '178.62.95.185', 10, 'Safari 537.36', 'Windows NT', 'zh-CN,zh', '[未知IP0801]', 'http://www.bobo-d2c.com', '/index.php?sex=1', '/index.php'),
(1423876978, '221.176.4.134', 1, '', 'Unknown', '', '中国', '', '', '/index.php'),
(1423879094, '221.176.4.134', 1, '', 'Unknown', '', '中国', '', '', '/index.php'),
(1423880513, '221.176.4.134', 1, '', 'Unknown', '', '中国', '', '', '/index.php'),
(1423917276, '94.174.197.201', 9, 'Safari 537.36', 'Windows NT', 'en-GB,en', 'RIPE', 'http://www.bobo-d2c.com', '/sex_determination.php', '/index.php'),
(1423917647, '94.174.197.201', 10, 'Safari 537.36', 'Windows NT', 'en-GB,en', 'RIPE', 'http://www.bobo-d2c.com', '/index.php?sex=2', '/category.php'),
(1423918144, '178.62.95.185', 11, 'Safari 537.36', 'Windows NT', 'zh-CN,zh', '[未知IP0801]', '', '', '/index.php'),
(1423921180, '178.62.95.185', 12, 'Safari 537.36', 'Windows NT', 'zh-CN,zh', '[未知IP0801]', 'http://www.bobo-d2c.com', '/index.php?sex=1', '/index.php'),
(1423922899, '178.62.95.185', 13, 'Safari 537.36', 'Windows NT', 'zh-CN,zh', '[未知IP0801]', '', '', '/index.php'),
(1423922911, '178.62.95.185', 14, 'Safari 537.36', 'Windows NT', 'zh-CN,zh', '[未知IP0801]', 'http://www.bobo-d2c.com', '/', '/index.php'),
(1423923056, '2.30.1.20', 1, 'Safari 537.36', 'Linux', 'zh-CN,zh', 'IANA', 'http://bobo-d2c.com', '/sex_determination.php', '/index.php'),
(1423923057, '2.30.1.20', 1, 'Safari 537.36', 'Linux', 'zh-CN,zh', 'IANA', 'http://bobo-d2c.com', '/sex_determination.php', '/index.php'),
(1423923083, '2.30.1.20', 2, 'Safari 537.36', 'Linux', 'zh-CN,zh', 'IANA', 'http://bobo-d2c.com', '/index.php?sex=1', '/category.php'),
(1423923090, '2.30.1.20', 3, 'Safari 537.36', 'Linux', 'zh-CN,zh', 'IANA', 'http://bobo-d2c.com', '/category.php?id=75', '/goods.php'),
(1423923095, '2.30.1.20', 4, 'Safari 537.36', 'Linux', 'zh-CN,zh', 'IANA', 'http://bobo-d2c.com', '/goods.php?id=75', '/goods.php'),
(1423925309, '178.62.95.185', 15, 'Safari 537.36', 'Windows NT', 'zh-CN,zh', '[未知IP0801]', '', '', '/index.php'),
(1423926011, '178.62.95.185', 16, 'Safari 537.36', 'Windows NT', 'zh-CN,zh', '[未知IP0801]', '', '', '/index.php'),
(1423926144, '178.62.95.185', 17, 'Safari 537.36', 'Windows NT', 'zh-CN,zh', '[未知IP0801]', '', '', '/index.php'),
(1423926163, '178.62.95.185', 18, 'Safari 537.36', 'Windows NT', 'zh-CN,zh', '[未知IP0801]', '', '', '/index.php'),
(1423926319, '94.174.197.201', 11, 'Safari 537.36', 'Windows NT', 'en-GB,en', 'RIPE', 'http://www.bobo-d2c.com', '/sex_determination.php', '/index.php'),
(1423926529, '94.174.197.201', 12, 'Safari 537.36', 'Windows NT', 'en-GB,en', 'RIPE', '', '', '/index.php'),
(1423928304, '178.62.95.185', 19, 'Safari 537.36', 'Windows NT', 'zh-CN,zh', '[未知IP0801]', '', '', '/index.php'),
(1423928340, '223.73.18.174', 20, 'Safari 537.36', 'Windows NT', 'zh-CN,zh', 'IANA', '', '', '/index.php'),
(1423928394, '178.62.95.185', 21, 'Safari 537.36', 'Windows NT', 'zh-CN,zh', '[未知IP0801]', '', '', '/index.php'),
(1423929330, '94.174.197.201', 13, 'Safari 537.36', 'Windows NT', 'en-GB,en', 'RIPE', '', '', '/index.php'),
(1423930540, '222.73.77.55', 1, 'Unknow browser', 'Unknown', 'zh-cn, zh', '上海市', 'http://www.bobo-d2c.com', '/sex_determination.php', '/index.php'),
(1423932075, '222.73.77.55', 1, 'Unknow browser', 'Unknown', 'zh-cn, zh', '上海市', 'http://www.bobo-d2c.com', '/sex_determination.php', '/index.php'),
(1423932793, '2.30.1.20', 1, 'Safari 537.36', 'Windows NT', 'zh-CN,zh', 'IANA', 'http://www.bobo-d2c.com', '/category.php?id=75', '/index.php'),
(1423932970, '223.73.18.174', 1, 'Safari 537.36', 'Windows NT', 'zh-CN,zh', 'IANA', '', '', '/index.php'),
(1423932998, '128.199.140.151', 2, 'Safari 537.36', 'Windows NT', 'zh-CN,zh', '英国', '', '', '/index.php'),
(1423933033, '128.199.140.151', 1, 'Safari 537.36', 'Windows NT', 'zh-CN,zh', '英国', 'http://bobo-d2c.com', '/sex_determination.php', '/index.php'),
(1423933070, '128.199.140.151', 22, 'Safari 537.36', 'Windows NT', 'zh-CN,zh', '英国', '', '', '/index.php'),
(1423933453, '66.249.84.234', 1, 'FireFox 6.0', 'Windows NT', '', '美国', '', '', '/index.php'),
(1423934529, '223.73.18.174', 2, 'Safari 537.36', 'Windows NT', 'zh-CN,zh', 'IANA', 'http://bobo-d2c.com', '/index.php?sex=1', '/index.php'),
(1423934599, '128.199.140.151', 3, 'Safari 537.36', 'Windows NT', 'zh-CN,zh', '英国', 'http://bobo-d2c.com', '/index.php?sex=1', '/index.php'),
(1423934987, '180.153.114.199', 1, 'Unknow browser', 'Unknown', 'zh-cn, zh', '[未知IP0801]', '', '', '/index.php'),
(1423934987, '183.62.115.226', 1, 'Internet Explorer 9.0', 'Windows NT', 'zh-cn', '[未知IP0801]', '', '', '/index.php'),
(1423934987, '163.177.69.38', 1, 'Safari 537.36', 'Linux', 'zh-cn, zh', '美国', '', '', '/index.php'),
(1423934989, '122.192.32.87', 1, 'Safari 537.36', 'Windows XP', 'en,*', '江苏省', '', '', '/index.php'),
(1423935064, '94.174.197.201', 1, 'Safari 537.36', 'Windows NT', 'en-GB,en', 'RIPE', '', '', '/index.php'),
(1423935082, '119.147.146.189', 1, 'Safari 537.36', 'Windows NT', 'zh-CN,zh', 'APNIC', '', '', '/index.php'),
(1423935425, '94.174.197.201', 1, 'Safari 537.36', 'Windows NT', 'en-GB,en', 'RIPE', '', '', '/index.php'),
(1423937901, '94.174.197.201', 2, 'Safari 537.36', 'Windows NT', 'en-GB,en', 'RIPE', 'http://bobo-d2c.com', '/index.php?sex=1', '/category.php'),
(1423948280, '66.249.84.130', 1, 'FireFox 6.0', 'Windows NT', '', '美国', '', '', '/index.php'),
(1423952637, '95.145.50.20', 2, 'Safari 537.36', 'Windows NT', 'zh-CN,zh', 'RIPE', '', '', '/index.php'),
(1424039702, '95.149.147.168', 3, 'Safari 537.36', 'Windows NT', 'zh-CN,zh', 'RIPE', '', '', '/index.php'),
(1424046138, '95.149.147.168', 4, 'Safari 537.36', 'Windows NT', 'zh-CN,zh', 'RIPE', 'http://www.bobo-d2c.com', '/category.php?id=75', '/user.php'),
(1424110287, '95.149.147.216', 5, 'Safari 537.36', 'Windows NT', 'zh-CN,zh', 'RIPE', '', '', '/index.php'),
(1424113180, '66.249.81.159', 1, 'FireFox 6.0', 'Windows NT', '', '美国', '', '', '/index.php'),
(1424220150, '95.145.50.56', 6, 'Safari 537.36', 'Windows NT', 'zh-CN,zh', 'RIPE', '', '', '/index.php'),
(1424250527, '123.125.71.77', 1, 'Unknow browser', 'Unknown', 'zh-cn,zh-tw', '北京市', '', '', '/index.php'),
(1424276218, '95.145.50.56', 7, 'Safari 537.36', 'Windows NT', 'zh-CN,zh', 'RIPE', '', '', '/index.php'),
(1424379424, '95.145.50.1', 8, 'Safari 537.36', 'Windows NT', 'zh-CN,zh', 'RIPE', '', '', '/index.php'),
(1424381624, '92.237.84.249', 1, 'Safari 537.36', 'Windows NT', 'en-GB,en', 'RIPE', '', '', '/index.php'),
(1424381661, '95.145.50.1', 9, 'Safari 537.36', 'Windows NT', 'zh-CN,zh', 'RIPE', 'http://www.bobo-d2c.com', '/category.php?id=75', '/goods.php'),
(1424381673, '95.145.50.1', 10, 'Safari 537.36', 'Windows NT', 'zh-CN,zh', 'RIPE', 'http://www.bobo-d2c.com', '/goods.php?id=76', '/goods.php'),
(1424381920, '95.145.50.1', 11, 'Safari 537.36', 'Windows NT', 'zh-CN,zh', 'RIPE', 'http://www.bobo-d2c.com', '/goods.php?id=76', '/online_wear.php'),
(1424412477, '69.58.178.58', 1, 'FireFox 14.0.1', 'Linux', '', 'ARIN', '', '', '/index.php'),
(1424412480, '69.58.178.58', 1, 'FireFox 14.0.1', 'Linux', '', 'ARIN', '', '', '/index.php'),
(1424499798, '69.58.178.56', 1, 'FireFox 14.0.1', 'Linux', '', 'ARIN', '', '', '/index.php'),
(1424499801, '69.58.178.56', 1, 'FireFox 14.0.1', 'Linux', '', 'ARIN', '', '', '/index.php'),
(1424505596, '123.125.71.86', 1, 'Unknow browser', 'Unknown', 'zh-cn,zh-tw', '北京市', '', '', '/index.php'),
(1424561837, '223.73.18.45', 1, 'Safari 537.36', 'Windows NT', 'zh-CN,zh', 'IANA', '', '', '/index.php'),
(1424703025, '2.30.1.112', 12, 'Safari 537.36', 'Windows NT', 'zh-CN,zh', 'IANA', '', '', '/index.php'),
(1424758849, '123.125.71.77', 1, 'Unknow browser', 'Unknown', 'zh-cn,zh-tw', '北京市', '', '', '/index.php'),
(1424870504, '220.181.108.112', 1, 'Unknow browser', 'Unknown', 'zh-cn,zh-tw', '北京市', '', '', '/index.php'),
(1424878452, '2.30.3.194', 13, 'Safari 537.36', 'Windows NT', 'zh-CN,zh', 'IANA', '', '', '/index.php'),
(1424887139, '2.30.3.194', 14, 'Safari 537.36', 'Windows NT', 'zh-CN,zh', 'IANA', '', '', '/index.php'),
(1424891213, '2.30.3.194', 15, 'Safari 537.36', 'Windows NT', 'zh-CN,zh', 'IANA', 'http://www.bobo-d2c.com', '/article.php?id=37', '/index.php'),
(1424894812, '2.30.3.194', 16, 'Safari 537.36', 'Windows NT', 'zh-CN,zh', 'IANA', 'http://www.bobo-d2c.com', '/goods.php?id=79', '/goods.php'),
(1424897046, '2.30.3.194', 17, 'Safari 537.36', 'Windows NT', 'zh-CN,zh', 'IANA', '', '', '/index.php'),
(1424897432, '86.6.21.155', 1, 'Safari 9537.53', 'Unknown', 'zh-cn', '英国', 'http://www.bobo-d2c.com', '/category.php?id=129', '/category.php'),
(1424979615, '123.125.71.23', 1, 'Unknow browser', 'Unknown', 'zh-cn,zh-tw', '北京市', '', '', '/index.php'),
(1425056026, '223.74.29.87', 23, 'Safari 537.36', 'Windows NT', 'zh-CN,zh', 'IANA', '', '', '/index.php'),
(1425056156, '92.237.84.249', 1, 'Safari 537.36', 'Windows NT', 'en-GB,en', 'RIPE', 'http://www.bobo-d2c.com', '/category.php?id=139', '/category.php'),
(1425057369, '2.30.3.204', 18, 'Safari 537.36', 'Windows NT', 'zh-CN,zh', 'IANA', '', '', '/index.php'),
(1425058014, '92.237.84.249', 2, 'Safari 537.36', 'Windows NT', 'en-GB,en', 'RIPE', 'http://www.bobo-d2c.com', '/article.php?id=37', '/article.php'),
(1425059208, '2.30.3.204', 19, 'Safari 537.36', 'Windows NT', 'zh-CN,zh', 'IANA', 'http://www.bobo-d2c.com', '/goods.php?id=79', '/category.php'),
(1425059222, '2.30.3.204', 20, 'Safari 537.36', 'Windows NT', 'zh-CN,zh', 'IANA', 'http://www.bobo-d2c.com', '/category.php?id=75', '/goods.php'),
(1425061045, '223.74.29.87', 24, 'Safari 537.36', 'Windows NT', 'zh-CN,zh', 'IANA', '', '', '/article.php'),
(1425061704, '92.237.84.249', 3, 'Safari 537.36', 'Windows NT', 'en-GB,en', 'RIPE', 'http://www.bobo-d2c.com', '/goods.php?id=81&cartShow=1', '/category.php'),
(1425064308, '92.237.84.249', 4, 'Safari 537.36', 'Windows NT', 'en-GB,en', 'RIPE', 'http://www.bobo-d2c.com', '/user.php', '/user.php'),
(1425065598, '223.74.29.87', 25, 'Safari 537.36', 'Windows NT', 'zh-CN,zh', 'IANA', 'http://www.bobo-d2c.com', '/article.php?id=38', '/category.php'),
(1425066181, '92.237.84.249', 5, 'Safari 537.36', 'Windows NT', 'en-GB,en', 'RIPE', 'http://www.bobo-d2c.com', '/category.php?id=75', '/goods.php'),
(1425067525, '220.181.108.102', 1, 'Unknow browser', 'Unknown', 'zh-cn,zh-tw', '北京市', '', '', '/index.php'),
(1425146284, '223.74.29.87', 26, 'Safari 537.36', 'Windows NT', 'zh-CN,zh', 'IANA', 'http://www.bobo-d2c.com', '/user.php?act=logout', '/index.php'),
(1425149292, '223.74.29.87', 27, 'Safari 537.36', 'Windows NT', 'zh-CN,zh', 'IANA', 'http://www.bobo-d2c.com', '/user.php', '/user.php'),
(1425149359, '223.74.29.87', 28, 'Safari 537.36', 'Windows NT', 'zh-CN,zh', 'IANA', 'http://www.bobo-d2c.com', '/user.php?act=logout', '/index.php'),
(1425149658, '223.74.29.87', 29, 'Safari 537.36', 'Windows NT', 'zh-CN,zh', 'IANA', 'http://www.bobo-d2c.com', '/user.php?act=logout', '/index.php'),
(1425154677, '92.237.84.249', 6, 'Safari 537.36', 'Windows NT', 'en-GB,en', 'RIPE', 'http://www.bobo-d2c.com', '/user.php?act=logout', '/index.php'),
(1425229304, '223.74.29.87', 30, 'Safari 537.36', 'Windows NT', 'zh-CN,zh', 'IANA', 'http://www.bobo-d2c.com', '/category.php?id=75', '/index.php'),
(1425232486, '223.74.29.87', 31, 'Safari 537.36', 'Windows NT', 'zh-CN,zh', 'IANA', '', '', '/index.php'),
(1425234426, '223.74.29.87', 32, 'Safari 537.36', 'Windows NT', 'zh-CN,zh', 'IANA', 'http://www.bobo-d2c.com', '/', '/goods.php'),
(1425236306, '223.74.29.87', 33, 'Safari 537.36', 'Windows NT', 'zh-CN,zh', 'IANA', 'http://www.bobo-d2c.com', '/', '/user.php'),
(1425237464, '183.60.52.123', 1, 'Internet Explorer 9.0', 'Windows NT', 'zh-cn', '[未知IP0801]', '', '', '/share.php'),
(1425237464, '183.60.35.94', 1, 'Safari 537.36', 'Linux', 'zh-cn, zh', '[未知IP0801]', '', '', '/share.php'),
(1425237465, '101.226.66.172', 1, 'Unknow browser', 'Unknown', 'zh-cn, zh', 'IANA', '', '', '/share.php'),
(1425237530, '14.17.18.147', 1, 'Safari 537.36', 'Linux', 'zh-cn, zh', '美国', '', '', '/share.php'),
(1425237530, '112.64.235.89', 1, 'Unknow browser', 'Unknown', 'zh-cn, zh', 'IANA', '', '', '/share.php'),
(1425237530, '183.62.115.226', 1, 'Internet Explorer 9.0', 'Windows NT', 'zh-cn', '[未知IP0801]', '', '', '/share.php'),
(1425237592, '92.237.84.249', 7, 'Safari 537.36', 'Windows NT', 'en-GB,en', 'RIPE', 'http://www.bobo-d2c.com', '/user.php?act=default', '/user.php'),
(1425237641, '92.237.84.249', 8, 'Safari 537.36', 'Windows NT', 'en-GB,en', 'RIPE', 'http://www.bobo-d2c.com', '/user.php?act=logout', '/index.php'),
(1425237647, '113.105.95.122', 1, 'Safari 537.36', 'Linux', 'zh-cn, zh', 'IANA', '', '', '/share.php'),
(1425237647, '183.62.115.226', 1, 'Internet Explorer 9.0', 'Windows NT', 'zh-cn', '[未知IP0801]', '', '', '/share.php'),
(1425239944, '112.64.235.89', 1, 'Unknow browser', 'Unknown', 'zh-cn, zh', 'IANA', '', '', '/share.php'),
(1425240952, '112.64.235.89', 1, 'Unknow browser', 'Unknown', 'zh-cn, zh', 'IANA', '', '', '/share.php'),
(1425263652, '173.70.141.168', 1, 'Unknow browser', 'Unknown', 'en', '[未知IP0801]', '', '', '/index.php'),
(1425271766, '123.125.71.111', 1, 'Unknow browser', 'Unknown', 'zh-cn,zh-tw', '北京市', '', '', '/index.php'),
(1425348199, '95.149.147.200', 21, 'Safari 537.36', 'Windows NT', 'zh-CN,zh', 'RIPE', 'http://www.bobo-d2c.com', '/goods.php?id=79&cartShow=1', '/index.php'),
(1425350095, '95.149.147.200', 22, 'Safari 537.36', 'Windows NT', 'zh-CN,zh', 'RIPE', 'http://www.bobo-d2c.com', '/user.php', '/index.php'),
(1425350100, '95.149.147.200', 23, 'Safari 537.36', 'Windows NT', 'zh-CN,zh', 'RIPE', 'http://www.bobo-d2c.com', '/index.php', '/user.php'),
(1425374854, '123.125.71.34', 1, 'Unknow browser', 'Unknown', 'zh-cn,zh-tw', '北京市', '', '', '/index.php'),
(1425439584, '220.181.108.96', 1, 'Unknow browser', 'Unknown', 'zh-cn,zh-tw', '北京市', '', '', '/index.php'),
(1425460685, '204.236.235.245', 1, 'Unknow browser', 'Unknown', '', '美国', '', '', '/index.php'),
(1425506560, '2.30.3.239', 24, 'Safari 537.36', 'Windows NT', 'zh-CN,zh', 'IANA', '', '', '/index.php'),
(1425509392, '82.30.144.154', 1, 'Safari 600.1.4', 'Unknown', 'en-gb', '英国', 'http://www.bobo-d2c.com', '/sex_determination.php', '/index.php'),
(1425600857, '92.237.84.249', 9, 'Safari 537.36', 'Windows NT', 'en-GB,en', 'RIPE', 'http://www.bobo-d2c.com', '/user.php', '/category.php'),
(1425610692, '2.30.1.39', 25, 'Safari 537.36', 'Windows NT', 'zh-CN,zh', 'IANA', 'http://www.bobo-d2c.com', '/goods.php?id=79', '/category.php'),
(1425688025, '157.55.39.235', 1, 'Unknow browser', 'Unknown', '', '美国', '', '', '/index.php'),
(1425688919, '223.73.17.212', 34, 'Safari 537.36', 'Windows NT', 'zh-CN,zh', 'IANA', '', '', '/index.php'),
(1425692049, '223.73.17.212', 35, 'Safari 537.36', 'Windows NT', 'zh-CN,zh', 'IANA', '', '', '/index.php'),
(1425698389, '95.145.50.74', 26, 'Safari 537.36', 'Windows NT', 'zh-CN,zh', 'RIPE', 'http://www.bobo-d2c.com', '/user.php', '/user.php'),
(1425801843, '5.9.102.12', 1, 'Unknow browser', 'Unknown', '', 'IANA', '', '', '/index.php'),
(1425801845, '5.9.102.12', 1, 'Unknow browser', 'Unknown', '', 'IANA', '', '', '/index.php'),
(1425801900, '5.9.102.12', 1, 'Unknow browser', 'Unknown', '', 'IANA', '', '', '/share.php'),
(1425801902, '5.9.102.12', 1, 'Unknow browser', 'Unknown', '', 'IANA', '', '', '/share.php'),
(1425825132, '123.125.71.116', 1, 'Unknow browser', 'Unknown', 'zh-cn,zh-tw', '北京市', '', '', '/index.php'),
(1425829706, '183.16.142.202', 1, 'Safari 537.36', 'Windows NT', 'zh-CN,zh', '[未知IP0801]', '', '', '/index.php'),
(1425876612, '5.255.253.195', 1, 'Unknow browser', 'Unknown', 'ru, uk', 'IANA', '', '', '/index.php'),
(1425890817, '5.255.253.195', 1, 'Unknow browser', 'Unknown', 'ru, uk', 'IANA', '', '', '/index.php'),
(1426000915, '113.118.227.73', 1, 'Safari 537.36', 'Windows NT', 'zh-CN,zh', 'IANA', 'http://bobo-d2c.com', '/category.php?id=75', '/designer.php'),
(1426002327, '113.118.227.73', 2, 'Safari 537.36', 'Windows NT', 'zh-CN,zh', 'IANA', 'http://bobo-d2c.com', '/category.php?id=75', '/user.php'),
(1426002452, '113.118.227.73', 3, 'Safari 537.36', 'Windows NT', 'zh-CN,zh', 'IANA', 'http://bobo-d2c.com', '/category.php?id=75', '/index.php'),
(1426002620, '113.118.227.73', 4, 'Safari 537.36', 'Windows NT', 'zh-CN,zh', 'IANA', 'http://bobo-d2c.com', '/index.php', '/designer.php'),
(1426011745, '113.118.227.73', 5, 'Safari 537.36', 'Windows NT', 'zh-CN,zh', 'IANA', 'http://bobo-d2c.com', '/designer_good.php?user_id=25', '/goods.php'),
(1426042017, '113.118.227.73', 6, 'Safari 537.36', 'Windows NT', 'zh-CN,zh', 'IANA', 'http://bobo-d2c.com', '/designer_good.php?user_id=25', '/goods.php'),
(1426047668, '220.181.108.149', 1, 'Unknow browser', 'Unknown', 'zh-cn,zh-tw', '北京市', '', '', '/index.php'),
(1426079241, '220.181.108.175', 1, 'Unknow browser', 'Unknown', 'zh-cn,zh-tw', '北京市', '', '', '/index.php'),
(1426229738, '113.118.160.126', 7, 'Safari 537.36', 'Windows NT', 'zh-CN,zh', 'IANA', 'http://bobo-d2c.com', '/goods.php?id=81', '/index.php'),
(1426230380, '220.181.108.147', 1, 'Unknow browser', 'Unknown', 'zh-cn,zh-tw', '北京市', '', '', '/index.php'),
(1426397537, '220.181.108.180', 1, 'Unknow browser', 'Unknown', 'zh-cn,zh-tw', '北京市', '', '', '/index.php'),
(1426408805, '113.118.167.87', 8, 'Safari 537.36', 'Windows NT', 'zh-CN,zh', 'IANA', '', '', '/designer.php'),
(1426545001, '5.255.253.195', 1, 'Unknow browser', 'Unknown', 'ru, uk', 'IANA', '', '', '/share.php'),
(1426551420, '5.255.253.195', 1, 'Unknow browser', 'Unknown', 'ru, uk', 'IANA', '', '', '/share.php');
INSERT INTO `mb_stats` (`access_time`, `ip_address`, `visit_times`, `browser`, `system`, `language`, `area`, `referer_domain`, `referer_path`, `access_url`) VALUES
(1426564721, '113.118.157.99', 9, 'Safari 537.36', 'Windows NT', 'zh-CN,zh', 'IANA', 'http://bobo-d2c.com', '/user.php?act=default', '/category.php'),
(1426564724, '113.118.157.99', 10, 'Safari 537.36', 'Windows NT', 'zh-CN,zh', 'IANA', 'http://bobo-d2c.com', '/category.php?id=75', '/user.php'),
(1426646782, '180.153.212.13', 1, 'Safari 537.36', 'Linux', 'zh-cn, zh', '[未知IP0801]', 'http://bobo-d2c.com', '/sex_determination.php', '/index.php'),
(1426686930, '14.20.22.37', 2, 'Safari 537.36', 'Windows NT', 'zh-CN,zh', '美国', 'http://dn0663.com', '/user.php', '/category.php'),
(1426688344, '222.50.93.137', 1, 'Safari 537.36', 'Windows NT', 'zh-CN,zh', '广东省梅州市', 'http://103.254.150.17', '/sex_determination.php', '/index.php'),
(1426688777, '180.153.205.254', 1, 'Safari 537.36', 'Linux', 'zh-cn, zh', '[未知IP0801]', 'http://103.254.150.17', '/sex_determination.php', '/index.php'),
(1426716971, '92.237.84.249', 1, 'Safari 537.36', 'Windows NT', 'en-GB,en', 'RIPE', '', '', '/index.php'),
(1426726588, '101.226.33.217', 1, 'Safari 537.36', 'Linux', 'zh-cn, zh', 'IANA', 'http://dn0663.com', '/sex_determination.php', '/index.php'),
(1426759906, '148.251.124.173', 1, 'Unknow browser', 'Unknown', 'en', '[未知IP0801]', '', '', '/index.php'),
(1426759918, '148.251.124.173', 1, 'Unknow browser', 'Unknown', 'en', '[未知IP0801]', '', '', '/index.php'),
(1426769090, '180.153.206.22', 1, 'Safari 537.36', 'Linux', 'zh-cn, zh', '[未知IP0801]', 'http://103.254.150.17', '/sex_determination.php', '/index.php'),
(1426772430, '125.94.80.86', 1, 'Safari 537.36', 'Windows NT', 'zh-CN,zh', '广东省', 'http://dn0663.com', '/category.php?id=75', '/user.php'),
(1426804654, '69.58.178.57', 1, 'FireFox 14.0.1', 'Linux', '', 'ARIN', '', '', '/index.php'),
(1426804657, '69.58.178.57', 1, 'FireFox 14.0.1', 'Linux', '', 'ARIN', '', '', '/index.php'),
(1426804722, '69.58.178.57', 1, 'FireFox 14.0.1', 'Linux', '', 'ARIN', '', '', '/share.php'),
(1426807928, '220.181.108.179', 1, 'Unknow browser', 'Unknown', 'zh-cn,zh-tw', '北京市', '', '', '/index.php'),
(1426819277, '113.118.163.84', 11, 'Safari 537.36', 'Windows NT', 'zh-CN,zh', 'IANA', '', '', '/designer.php'),
(1426861009, '113.118.161.54', 12, 'Safari 537.36', 'Windows NT', 'zh-CN,zh', 'IANA', '', '', '/designer.php'),
(1426863981, '113.118.161.54', 13, 'Safari 537.36', 'Windows NT', 'zh-CN,zh', 'IANA', 'http://bobo-d2c.com', '/user.php', '/user.php'),
(1426863985, '113.118.161.54', 14, 'Safari 537.36', 'Windows NT', 'zh-CN,zh', 'IANA', 'http://bobo-d2c.com', '/user.php', '/index.php'),
(1426916564, '69.58.178.56', 1, 'FireFox 14.0.1', 'Linux', '', 'ARIN', '', '', '/index.php'),
(1426916599, '69.58.178.56', 1, 'FireFox 14.0.1', 'Linux', '', 'ARIN', '', '', '/index.php'),
(1426918184, '69.58.178.56', 1, 'FireFox 14.0.1', 'Linux', '', 'ARIN', '', '', '/share.php'),
(1426920103, '123.125.71.78', 1, 'Unknow browser', 'Unknown', 'zh-cn,zh-tw', '北京市', '', '', '/index.php'),
(1427028906, '113.118.159.215', 15, 'Safari 537.36', 'Windows NT', 'zh-CN,zh', 'IANA', 'http://bobo-d2c.com', '/category.php?id=75', '/user.php'),
(1427031639, '113.118.159.215', 16, 'Safari 537.36', 'Windows NT', 'zh-CN,zh', 'IANA', 'http://bobo-d2c.com', '/category.php?id=75', '/goods.php'),
(1427088164, '220.181.108.147', 1, 'Unknow browser', 'Unknown', 'zh-cn,zh-tw', '北京市', '', '', '/index.php'),
(1427089590, '113.118.159.215', 17, 'Safari 537.36', 'Windows NT', 'zh-CN,zh', 'IANA', '', '', '/index.php'),
(1427115937, '123.89.74.174', 1, 'Safari 537.36', 'Windows NT', 'zh-CN,zh', '中国', 'http://103.254.150.17', '/sex_determination.php', '/index.php'),
(1427115938, '101.226.65.108', 1, 'Safari 537.36', 'Linux', 'zh-cn, zh', 'IANA', 'http://103.254.150.17', '/sex_determination.php', '/index.php'),
(1427117543, '112.64.235.87', 1, 'Safari 537.36', 'Linux', 'zh-cn, zh', 'IANA', 'http://dn0663.com', '/sex_determination.php', '/index.php'),
(1427118068, '123.89.74.174', 1, 'Unknow browser', 'Windows 32', '', '中国', 'http://dn0663.com', '/sex_determination.php', '/index.php'),
(1427120055, '123.89.74.174', 1, 'Safari 537.36', 'Windows NT', 'zh-CN,zh', '中国', '', '', '/goods.php'),
(1427173163, '157.55.39.100', 1, 'Unknow browser', 'Unknown', '', '美国', '', '', '/index.php'),
(1427192127, '157.55.39.20', 1, 'Unknow browser', 'Unknown', '', '美国', '', '', '/index.php'),
(1427201998, '5.255.253.21', 1, 'Unknow browser', 'Unknown', 'ru, uk', 'IANA', '', '', '/index.php'),
(1427206298, '92.237.84.249', 1, 'Safari 537.36', 'Windows NT', 'en-GB,en', 'RIPE', '', '', '/index.php'),
(1427206481, '92.237.84.249', 2, 'Safari 537.36', 'Windows NT', 'en-GB,en', 'RIPE', 'http://www.bobo-d2c.com', '/', '/user.php'),
(1427258681, '113.118.159.215', 18, 'Safari 537.36', 'Windows NT', 'zh-CN,zh', 'IANA', 'http://bobo-d2c.com', '/user.php', '/user.php'),
(1427287065, '113.87.159.69', 19, 'Safari 537.36', 'Windows NT', 'zh-CN,zh', 'IANA', 'http://bobo-d2c.com', '/category.php?id=117', '/goods.php'),
(1427291222, '113.87.159.69', 20, 'Safari 537.36', 'Windows NT', 'zh-CN,zh', 'IANA', 'http://bobo-d2c.com', '/designer_good.php?user_id=25', '/goods.php'),
(1427291303, '113.87.159.69', 21, 'Safari 537.36', 'Windows NT', 'zh-CN,zh', 'IANA', 'http://bobo-d2c.com', '/goods.php?id=81', '/user.php'),
(1427347495, '113.87.159.69', 22, 'Safari 537.36', 'Windows NT', 'zh-CN,zh', 'IANA', '', '', '/index.php'),
(1427544584, '5.255.253.21', 1, 'Unknow browser', 'Unknown', 'ru, uk', 'IANA', '', '', '/index.php'),
(1427896242, '157.55.39.120', 1, 'Unknow browser', 'Unknown', '', '美国', '', '', '/index.php'),
(1428116073, '111.206.20.21', 1, 'Safari 537.36', 'Windows NT', 'en-GB,en', 'IANA', '', '', '/index.php'),
(1428180174, '210.56.51.204', 1, 'Internet Explorer 8.0', 'Windows NT', 'en-us,en', '香港特别行政区', '', '', '/index.php'),
(1428180179, '210.56.51.204', 1, 'Internet Explorer 8.0', 'Windows NT', 'en-us,en', '香港特别行政区', '', '', '/index.php'),
(1428180179, '210.56.51.204', 1, 'Internet Explorer 8.0', 'Windows NT', 'en-us,en', '香港特别行政区', '', '', '/index.php'),
(1428180180, '210.56.51.204', 1, 'Internet Explorer 8.0', 'Windows NT', 'en-us,en', '香港特别行政区', '', '', '/index.php'),
(1428180181, '210.56.51.204', 1, 'Internet Explorer 8.0', 'Windows NT', 'en-us,en', '香港特别行政区', '', '', '/index.php'),
(1428180181, '210.56.51.204', 1, 'Internet Explorer 8.0', 'Windows NT', 'en-us,en', '香港特别行政区', '', '', '/index.php'),
(1428180182, '210.56.51.204', 1, 'Internet Explorer 8.0', 'Windows NT', 'en-us,en', '香港特别行政区', '', '', '/index.php'),
(1428180207, '210.56.51.204', 1, 'Internet Explorer 8.0', 'Windows NT', 'en-us,en', '香港特别行政区', '', '', '/index.php'),
(1428180208, '210.56.51.204', 1, 'Internet Explorer 8.0', 'Windows NT', 'en-us,en', '香港特别行政区', '', '', '/index.php'),
(1428180209, '210.56.51.204', 1, 'Internet Explorer 8.0', 'Windows NT', 'en-us,en', '香港特别行政区', '', '', '/index.php'),
(1428180210, '210.56.51.204', 1, 'Internet Explorer 8.0', 'Windows NT', 'en-us,en', '香港特别行政区', '', '', '/index.php'),
(1428180210, '210.56.51.204', 1, 'Internet Explorer 8.0', 'Windows NT', 'en-us,en', '香港特别行政区', '', '', '/index.php'),
(1428180211, '210.56.51.204', 1, 'Internet Explorer 8.0', 'Windows NT', 'en-us,en', '香港特别行政区', '', '', '/index.php'),
(1428180227, '210.56.51.204', 1, 'Internet Explorer 8.0', 'Windows NT', 'en-us,en', '香港特别行政区', '', '', '/index.php'),
(1428180228, '210.56.51.204', 1, 'Internet Explorer 8.0', 'Windows NT', 'en-us,en', '香港特别行政区', '', '', '/index.php'),
(1428180228, '210.56.51.204', 1, 'Internet Explorer 8.0', 'Windows NT', 'en-us,en', '香港特别行政区', '', '', '/index.php'),
(1428180229, '210.56.51.204', 1, 'Internet Explorer 8.0', 'Windows NT', 'en-us,en', '香港特别行政区', '', '', '/index.php'),
(1428180230, '210.56.51.204', 1, 'Internet Explorer 8.0', 'Windows NT', 'en-us,en', '香港特别行政区', '', '', '/index.php'),
(1428180262, '210.56.51.204', 1, 'Internet Explorer 8.0', 'Windows NT', 'en-us,en', '香港特别行政区', '', '', '/index.php'),
(1428180263, '210.56.51.204', 1, 'Internet Explorer 8.0', 'Windows NT', 'en-us,en', '香港特别行政区', '', '', '/index.php'),
(1428180269, '210.56.51.204', 1, 'Internet Explorer 8.0', 'Windows NT', 'en-us,en', '香港特别行政区', '', '', '/index.php'),
(1428180285, '210.56.51.204', 1, 'Internet Explorer 8.0', 'Windows NT', 'en-us,en', '香港特别行政区', '', '', '/index.php'),
(1428180300, '210.56.51.204', 1, 'Internet Explorer 8.0', 'Windows NT', 'en-us,en', '香港特别行政区', '', '', '/index.php'),
(1428180316, '210.56.51.204', 1, 'Internet Explorer 8.0', 'Windows NT', 'en-us,en', '香港特别行政区', '', '', '/index.php'),
(1428180326, '210.56.51.204', 1, 'Internet Explorer 8.0', 'Windows NT', 'en-us,en', '香港特别行政区', '', '', '/index.php'),
(1428180328, '210.56.51.204', 1, 'Internet Explorer 8.0', 'Windows NT', 'en-us,en', '香港特别行政区', '', '', '/index.php'),
(1428180333, '210.56.51.204', 1, 'Internet Explorer 8.0', 'Windows NT', 'en-us,en', '香港特别行政区', '', '', '/index.php'),
(1428180333, '210.56.51.204', 1, 'Internet Explorer 8.0', 'Windows NT', 'en-us,en', '香港特别行政区', '', '', '/index.php'),
(1428180334, '210.56.51.204', 1, 'Internet Explorer 8.0', 'Windows NT', 'en-us,en', '香港特别行政区', '', '', '/index.php'),
(1428180336, '210.56.51.204', 1, 'Internet Explorer 8.0', 'Windows NT', 'en-us,en', '香港特别行政区', '', '', '/index.php'),
(1428180337, '210.56.51.204', 1, 'Internet Explorer 8.0', 'Windows NT', 'en-us,en', '香港特别行政区', '', '', '/index.php'),
(1428180337, '210.56.51.204', 1, 'Internet Explorer 8.0', 'Windows NT', 'en-us,en', '香港特别行政区', '', '', '/index.php'),
(1428180339, '210.56.51.204', 1, 'Internet Explorer 8.0', 'Windows NT', 'en-us,en', '香港特别行政区', '', '', '/index.php'),
(1428180339, '210.56.51.204', 1, 'Internet Explorer 8.0', 'Windows NT', 'en-us,en', '香港特别行政区', '', '', '/index.php'),
(1428180340, '210.56.51.204', 1, 'Internet Explorer 8.0', 'Windows NT', 'en-us,en', '香港特别行政区', '', '', '/index.php'),
(1428180341, '210.56.51.204', 1, 'Internet Explorer 8.0', 'Windows NT', 'en-us,en', '香港特别行政区', '', '', '/index.php'),
(1428180342, '210.56.51.204', 1, 'Internet Explorer 8.0', 'Windows NT', 'en-us,en', '香港特别行政区', '', '', '/index.php'),
(1428180343, '210.56.51.204', 1, 'Internet Explorer 8.0', 'Windows NT', 'en-us,en', '香港特别行政区', '', '', '/index.php'),
(1428180343, '210.56.51.204', 1, 'Internet Explorer 8.0', 'Windows NT', 'en-us,en', '香港特别行政区', '', '', '/index.php'),
(1428180344, '210.56.51.204', 1, 'Internet Explorer 8.0', 'Windows NT', 'en-us,en', '香港特别行政区', '', '', '/index.php'),
(1428180344, '210.56.51.204', 1, 'Internet Explorer 8.0', 'Windows NT', 'en-us,en', '香港特别行政区', '', '', '/index.php'),
(1428180345, '210.56.51.204', 1, 'Internet Explorer 8.0', 'Windows NT', 'en-us,en', '香港特别行政区', '', '', '/index.php'),
(1428180346, '210.56.51.204', 1, 'Internet Explorer 8.0', 'Windows NT', 'en-us,en', '香港特别行政区', '', '', '/index.php'),
(1428180347, '210.56.51.204', 1, 'Internet Explorer 8.0', 'Windows NT', 'en-us,en', '香港特别行政区', '', '', '/index.php'),
(1428180347, '210.56.51.204', 1, 'Internet Explorer 8.0', 'Windows NT', 'en-us,en', '香港特别行政区', '', '', '/index.php'),
(1428180348, '210.56.51.204', 1, 'Internet Explorer 8.0', 'Windows NT', 'en-us,en', '香港特别行政区', '', '', '/index.php'),
(1428180348, '210.56.51.204', 1, 'Internet Explorer 8.0', 'Windows NT', 'en-us,en', '香港特别行政区', '', '', '/index.php'),
(1428180351, '210.56.51.204', 1, 'Internet Explorer 8.0', 'Windows NT', 'en-us,en', '香港特别行政区', '', '', '/index.php'),
(1428180355, '210.56.51.204', 1, 'Internet Explorer 8.0', 'Windows NT', 'en-us,en', '香港特别行政区', '', '', '/index.php'),
(1428180355, '210.56.51.204', 1, 'Internet Explorer 8.0', 'Windows NT', 'en-us,en', '香港特别行政区', '', '', '/index.php'),
(1428180356, '210.56.51.204', 1, 'Internet Explorer 8.0', 'Windows NT', 'en-us,en', '香港特别行政区', '', '', '/index.php'),
(1428180356, '210.56.51.204', 1, 'Internet Explorer 8.0', 'Windows NT', 'en-us,en', '香港特别行政区', '', '', '/index.php'),
(1428180358, '210.56.51.204', 1, 'Internet Explorer 8.0', 'Windows NT', 'en-us,en', '香港特别行政区', '', '', '/index.php'),
(1428180358, '210.56.51.204', 1, 'Internet Explorer 8.0', 'Windows NT', 'en-us,en', '香港特别行政区', '', '', '/index.php'),
(1428180359, '210.56.51.204', 1, 'Internet Explorer 8.0', 'Windows NT', 'en-us,en', '香港特别行政区', '', '', '/index.php'),
(1428180359, '210.56.51.204', 1, 'Internet Explorer 8.0', 'Windows NT', 'en-us,en', '香港特别行政区', '', '', '/index.php'),
(1428180359, '210.56.51.204', 1, 'Internet Explorer 8.0', 'Windows NT', 'en-us,en', '香港特别行政区', '', '', '/index.php'),
(1428180360, '210.56.51.204', 1, 'Internet Explorer 8.0', 'Windows NT', 'en-us,en', '香港特别行政区', '', '', '/index.php'),
(1428199828, '123.125.71.75', 1, 'Unknow browser', 'Unknown', 'zh-cn,zh-tw', '北京市', '', '', '/index.php'),
(1428328676, '188.40.114.215', 1, 'Unknow browser', 'Unknown', 'zh', '[未知IP0801]', '', '', '/index.php'),
(1428328685, '188.40.114.215', 1, 'Unknow browser', 'Unknown', 'zh', '[未知IP0801]', '', '', '/index.php'),
(1428360538, '123.125.71.74', 1, 'Unknow browser', 'Unknown', 'zh-cn,zh-tw', '北京市', '', '', '/index.php'),
(1428486342, '202.105.118.130', 1, 'Unknow browser', 'Unknown', 'en-us,en', '广东省深圳市', '', '', '/index.php'),
(1428486352, '202.105.118.130', 1, 'Unknow browser', 'Unknown', 'en-us,en', '广东省深圳市', '', '', '/index.php'),
(1428486353, '202.105.118.130', 1, 'Unknow browser', 'Unknown', 'en-us,en', '广东省深圳市', '', '', '/index.php'),
(1428486353, '202.105.118.130', 1, 'Unknow browser', 'Unknown', 'en-us,en', '广东省深圳市', '', '', '/index.php'),
(1428486353, '202.105.118.130', 1, 'Unknow browser', 'Unknown', 'en-us,en', '广东省深圳市', '', '', '/index.php'),
(1428486354, '202.105.118.130', 1, 'Unknow browser', 'Unknown', 'en-us,en', '广东省深圳市', '', '', '/index.php'),
(1428486355, '202.105.118.130', 1, 'Unknow browser', 'Unknown', 'en-us,en', '广东省深圳市', '', '', '/index.php'),
(1428486356, '202.105.118.130', 1, 'Unknow browser', 'Unknown', 'en-us,en', '广东省深圳市', '', '', '/index.php'),
(1428486357, '202.105.118.130', 1, 'Unknow browser', 'Unknown', 'en-us,en', '广东省深圳市', '', '', '/index.php'),
(1428486357, '202.105.118.130', 1, 'Unknow browser', 'Unknown', 'en-us,en', '广东省深圳市', '', '', '/index.php'),
(1428486357, '202.105.118.130', 1, 'Unknow browser', 'Unknown', 'en-us,en', '广东省深圳市', '', '', '/index.php'),
(1428486357, '202.105.118.130', 1, 'Unknow browser', 'Unknown', 'en-us,en', '广东省深圳市', '', '', '/index.php'),
(1428486358, '202.105.118.130', 1, 'Unknow browser', 'Unknown', 'en-us,en', '广东省深圳市', '', '', '/index.php'),
(1428486358, '202.105.118.130', 1, 'Unknow browser', 'Unknown', 'en-us,en', '广东省深圳市', '', '', '/index.php'),
(1428486359, '202.105.118.130', 1, 'Unknow browser', 'Unknown', 'en-us,en', '广东省深圳市', '', '', '/index.php'),
(1428486359, '202.105.118.130', 1, 'Unknow browser', 'Unknown', 'en-us,en', '广东省深圳市', '', '', '/index.php'),
(1428486360, '202.105.118.130', 1, 'Unknow browser', 'Unknown', 'en-us,en', '广东省深圳市', '', '', '/index.php'),
(1428486360, '202.105.118.130', 1, 'Unknow browser', 'Unknown', 'en-us,en', '广东省深圳市', '', '', '/index.php'),
(1428486361, '202.105.118.130', 1, 'Unknow browser', 'Unknown', 'en-us,en', '广东省深圳市', '', '', '/index.php'),
(1428486362, '202.105.118.130', 1, 'Unknow browser', 'Unknown', 'en-us,en', '广东省深圳市', '', '', '/index.php'),
(1428486362, '202.105.118.130', 1, 'Unknow browser', 'Unknown', 'en-us,en', '广东省深圳市', '', '', '/index.php'),
(1428486362, '202.105.118.130', 1, 'Unknow browser', 'Unknown', 'en-us,en', '广东省深圳市', '', '', '/index.php'),
(1428486364, '202.105.118.130', 1, 'Unknow browser', 'Unknown', 'en-us,en', '广东省深圳市', '', '', '/index.php'),
(1428486371, '202.105.118.130', 1, 'Unknow browser', 'Unknown', 'en-us,en', '广东省深圳市', '', '', '/index.php'),
(1428486375, '202.105.118.130', 1, 'Unknow browser', 'Unknown', 'en-us,en', '广东省深圳市', '', '', '/index.php'),
(1428486375, '202.105.118.130', 1, 'Unknow browser', 'Unknown', 'en-us,en', '广东省深圳市', '', '', '/index.php'),
(1428486377, '202.105.118.130', 1, 'Unknow browser', 'Unknown', 'en-us,en', '广东省深圳市', '', '', '/index.php'),
(1428486377, '202.105.118.130', 1, 'Unknow browser', 'Unknown', 'en-us,en', '广东省深圳市', '', '', '/index.php'),
(1428486378, '202.105.118.130', 1, 'Unknow browser', 'Unknown', 'en-us,en', '广东省深圳市', '', '', '/index.php'),
(1428486378, '202.105.118.130', 1, 'Unknow browser', 'Unknown', 'en-us,en', '广东省深圳市', '', '', '/index.php'),
(1428486378, '202.105.118.130', 1, 'Unknow browser', 'Unknown', 'en-us,en', '广东省深圳市', '', '', '/index.php'),
(1428486378, '202.105.118.130', 1, 'Unknow browser', 'Unknown', 'en-us,en', '广东省深圳市', '', '', '/index.php'),
(1428486379, '202.105.118.130', 1, 'Unknow browser', 'Unknown', 'en-us,en', '广东省深圳市', '', '', '/index.php'),
(1428486379, '202.105.118.130', 1, 'Unknow browser', 'Unknown', 'en-us,en', '广东省深圳市', '', '', '/index.php'),
(1428486379, '202.105.118.130', 1, 'Unknow browser', 'Unknown', 'en-us,en', '广东省深圳市', '', '', '/index.php'),
(1428486383, '202.105.118.130', 1, 'Unknow browser', 'Unknown', 'en-us,en', '广东省深圳市', '', '', '/index.php'),
(1428486635, '202.105.118.130', 1, 'Unknow browser', 'Unknown', 'en-us,en', '广东省深圳市', '', '', '/index.php'),
(1428486635, '202.105.118.130', 1, 'Unknow browser', 'Unknown', 'en-us,en', '广东省深圳市', '', '', '/index.php'),
(1428486635, '202.105.118.130', 1, 'Unknow browser', 'Unknown', 'en-us,en', '广东省深圳市', '', '', '/index.php'),
(1428486636, '202.105.118.130', 1, 'Unknow browser', 'Unknown', 'en-us,en', '广东省深圳市', '', '', '/index.php'),
(1428486636, '202.105.118.130', 1, 'Unknow browser', 'Unknown', 'en-us,en', '广东省深圳市', '', '', '/index.php'),
(1428486636, '202.105.118.130', 1, 'Unknow browser', 'Unknown', 'en-us,en', '广东省深圳市', '', '', '/index.php'),
(1428486636, '202.105.118.130', 1, 'Unknow browser', 'Unknown', 'en-us,en', '广东省深圳市', '', '', '/index.php'),
(1428486637, '202.105.118.130', 1, 'Unknow browser', 'Unknown', 'en-us,en', '广东省深圳市', '', '', '/index.php'),
(1428486637, '202.105.118.130', 1, 'Unknow browser', 'Unknown', 'en-us,en', '广东省深圳市', '', '', '/index.php'),
(1428486637, '202.105.118.130', 1, 'Unknow browser', 'Unknown', 'en-us,en', '广东省深圳市', '', '', '/index.php'),
(1428486660, '202.105.118.130', 1, 'Unknow browser', 'Unknown', 'en-us,en', '广东省深圳市', '', '', '/index.php'),
(1428486660, '202.105.118.130', 1, 'Unknow browser', 'Unknown', 'en-us,en', '广东省深圳市', '', '', '/index.php'),
(1428486665, '202.105.118.130', 1, 'Unknow browser', 'Unknown', 'en-us,en', '广东省深圳市', '', '', '/index.php'),
(1428486666, '202.105.118.130', 1, 'Unknow browser', 'Unknown', 'en-us,en', '广东省深圳市', '', '', '/index.php'),
(1428486669, '202.105.118.130', 1, 'Unknow browser', 'Unknown', 'en-us,en', '广东省深圳市', '', '', '/index.php'),
(1428486669, '202.105.118.130', 1, 'Unknow browser', 'Unknown', 'en-us,en', '广东省深圳市', '', '', '/index.php'),
(1428486670, '202.105.118.130', 1, 'Unknow browser', 'Unknown', 'en-us,en', '广东省深圳市', '', '', '/index.php'),
(1428486670, '202.105.118.130', 1, 'Unknow browser', 'Unknown', 'en-us,en', '广东省深圳市', '', '', '/index.php'),
(1428486670, '202.105.118.130', 1, 'Unknow browser', 'Unknown', 'en-us,en', '广东省深圳市', '', '', '/index.php'),
(1428486670, '202.105.118.130', 1, 'Unknow browser', 'Unknown', 'en-us,en', '广东省深圳市', '', '', '/index.php'),
(1428486670, '202.105.118.130', 1, 'Unknow browser', 'Unknown', 'en-us,en', '广东省深圳市', '', '', '/index.php'),
(1428486671, '202.105.118.130', 1, 'Unknow browser', 'Unknown', 'en-us,en', '广东省深圳市', '', '', '/index.php'),
(1428486687, '202.105.118.130', 1, 'Unknow browser', 'Unknown', 'en-us,en', '广东省深圳市', '', '', '/index.php'),
(1428486784, '202.105.118.130', 1, 'Unknow browser', 'Unknown', 'en-us,en', '广东省深圳市', '', '', '/index.php'),
(1428486796, '202.105.118.130', 1, 'Unknow browser', 'Unknown', 'en-us,en', '广东省深圳市', '', '', '/index.php'),
(1428486856, '202.105.118.130', 1, 'Unknow browser', 'Unknown', 'en-us,en', '广东省深圳市', '', '', '/index.php'),
(1428690076, '127.0.0.1', 28, 'Safari 537.36', 'Windows NT', 'zh-CN,zh', 'LAN', 'http://localhost', '/bobo/ecshop/sex_determination.php', '/bobo/ecshop/index.php'),
(1429041283, '127.0.0.1', 29, 'Safari 537.36', 'Windows NT', 'zh-CN,zh', 'LAN', 'http://localhost', '/bobo/ecshop/user.php', '/bobo/ecshop/index.php');

-- --------------------------------------------------------

--
-- 表的结构 `mb_suppliers`
--

CREATE TABLE IF NOT EXISTS `mb_suppliers` (
  `suppliers_id` smallint(5) unsigned NOT NULL AUTO_INCREMENT,
  `suppliers_name` varchar(255) DEFAULT NULL,
  `suppliers_desc` mediumtext,
  `is_check` tinyint(1) unsigned DEFAULT '1',
  PRIMARY KEY (`suppliers_id`)
) ENGINE=MyISAM  DEFAULT CHARSET=utf8 AUTO_INCREMENT=3 ;

--
-- 转存表中的数据 `mb_suppliers`
--

INSERT INTO `mb_suppliers` (`suppliers_id`, `suppliers_name`, `suppliers_desc`, `is_check`) VALUES
(1, '北京供货商', '北京供货商', 1),
(2, '上海供货商', '上海供货商', 1);

-- --------------------------------------------------------

--
-- 表的结构 `mb_tag`
--

CREATE TABLE IF NOT EXISTS `mb_tag` (
  `tag_id` mediumint(8) NOT NULL AUTO_INCREMENT,
  `user_id` mediumint(8) unsigned NOT NULL DEFAULT '0',
  `goods_id` mediumint(8) unsigned NOT NULL DEFAULT '0',
  `tag_words` varchar(255) NOT NULL DEFAULT '',
  PRIMARY KEY (`tag_id`),
  KEY `user_id` (`user_id`),
  KEY `goods_id` (`goods_id`)
) ENGINE=MyISAM  DEFAULT CHARSET=utf8 AUTO_INCREMENT=8 ;

-- --------------------------------------------------------

--
-- 表的结构 `mb_template`
--

CREATE TABLE IF NOT EXISTS `mb_template` (
  `filename` varchar(30) NOT NULL DEFAULT '',
  `region` varchar(40) NOT NULL DEFAULT '',
  `library` varchar(40) NOT NULL DEFAULT '',
  `sort_order` tinyint(1) unsigned NOT NULL DEFAULT '0',
  `id` smallint(5) unsigned NOT NULL DEFAULT '0',
  `number` tinyint(1) unsigned NOT NULL DEFAULT '5',
  `type` tinyint(1) unsigned NOT NULL DEFAULT '0',
  `theme` varchar(60) NOT NULL DEFAULT '',
  `remarks` varchar(30) NOT NULL DEFAULT '',
  KEY `filename` (`filename`,`region`),
  KEY `theme` (`theme`),
  KEY `remarks` (`remarks`)
) ENGINE=MyISAM DEFAULT CHARSET=utf8;

--
-- 转存表中的数据 `mb_template`
--

INSERT INTO `mb_template` (`filename`, `region`, `library`, `sort_order`, `id`, `number`, `type`, `theme`, `remarks`) VALUES
('category', '', '/library/brands.lbi', 0, 0, 3, 0, 'ecmoban', ''),
('category', '', '/library/recommend_promotion.lbi', 0, 0, 3, 0, 'ecmoban', ''),
('category', '右边区域', '/library/pages.lbi', 2, 0, 0, 0, 'ecmoban', ''),
('category', '右边区域', '/library/goods_list.lbi', 1, 0, 0, 0, 'ecmoban', ''),
('category', '', '/library/recommend_hot.lbi', 0, 0, 3, 0, 'ecmoban', ''),
('category', '右边区域', '/library/recommend_best.lbi', 0, 0, 4, 0, 'ecmoban', ''),
('category', '左边区域', '/library/category_tree.lbi', 0, 0, 0, 0, 'ecmoban', ''),
('category', '左边区域', '/library/history.lbi', 1, 0, 0, 0, 'ecmoban', ''),
('index', '', '/library/brands.lbi', 0, 0, 3, 0, 'ecmoban', ''),
('index', '', '/library/auction.lbi', 0, 0, 3, 0, 'ecmoban', ''),
('index', '', '/library/group_buy.lbi', 0, 0, 3, 0, 'ecmoban', ''),
('index', '', '/library/recommend_promotion.lbi', 0, 0, 3, 0, 'ecmoban', ''),
('index', '主区域', '/library/recommend_hot.lbi', 1, 0, 10, 0, 'ecmoban', ''),
('index', '', '/library/recommend_new.lbi', 0, 0, 5, 0, 'ecmoban', ''),
('index', '主区域', '/library/recommend_best.lbi', 0, 0, 10, 0, 'ecmoban', ''),
('index', '', '/library/recommend_promotion.lbi', 0, 0, 4, 0, 'BoBo', ''),
('index', '', '/library/recommend_hot.lbi', 0, 0, 3, 0, 'BoBo', ''),
('index', '', '/library/recommend_new.lbi', 0, 0, 3, 0, 'BoBo', ''),
('index', '', '/library/recommend_best.lbi', 0, 0, 4, 0, 'BoBo', ''),
('index', '', '/library/group_buy.lbi', 0, 0, 3, 0, 'BoBo', ''),
('index', '', '/library/auction.lbi', 0, 0, 3, 0, 'BoBo', ''),
('index', '', '/library/brands.lbi', 0, 0, 3, 0, 'BoBo', '');

-- --------------------------------------------------------

--
-- 表的结构 `mb_topic`
--

CREATE TABLE IF NOT EXISTS `mb_topic` (
  `topic_id` int(10) unsigned NOT NULL AUTO_INCREMENT,
  `title` varchar(255) NOT NULL DEFAULT '''''',
  `intro` text NOT NULL,
  `start_time` int(11) NOT NULL DEFAULT '0',
  `end_time` int(10) NOT NULL DEFAULT '0',
  `data` text NOT NULL,
  `template` varchar(255) NOT NULL DEFAULT '''''',
  `css` text NOT NULL,
  `topic_img` varchar(255) DEFAULT NULL,
  `title_pic` varchar(255) DEFAULT NULL,
  `base_style` char(6) DEFAULT NULL,
  `htmls` mediumtext,
  `keywords` varchar(255) DEFAULT NULL,
  `description` varchar(255) DEFAULT NULL,
  KEY `topic_id` (`topic_id`)
) ENGINE=MyISAM  DEFAULT CHARSET=utf8 AUTO_INCREMENT=2 ;

--
-- 转存表中的数据 `mb_topic`
--

INSERT INTO `mb_topic` (`topic_id`, `title`, `intro`, `start_time`, `end_time`, `data`, `template`, `css`, `topic_img`, `title_pic`, `base_style`, `htmls`, `keywords`, `description`) VALUES
(1, '夏新优惠大酬宾', '<p>夏新产品优惠开始了</p>', 1241107200, 1782748800, 'O:8:"stdClass":1:{s:7:"default";a:16:{i:0;s:11:"夏新N7|17";i:1;s:19:"恒基伟业G101|16";i:2;s:15:"飞利浦9@9v|8";i:3;s:14:"诺基亚E66|9";i:4;s:14:"索爱C702c|10";i:5;s:19:"摩托罗拉A810|12";i:6;s:28:"诺基亚5320 XpressMusic|13";i:7;s:17:"三星SGH-F258|19";i:8;s:13:"三星BC01|20";i:9;s:13:"金立 A30|21";i:10;s:20:"多普达Touch HD|22";i:11;s:7:"P806|24";i:12;s:18:"摩托罗拉E8 |31";i:13;s:15:"诺基亚N85|32";i:14;s:18:"诺基亚5800XM|14";i:15;s:15:"诺基亚N96|23";}}', '', '', NULL, NULL, NULL, NULL, NULL, NULL);

-- --------------------------------------------------------

--
-- 表的结构 `mb_users`
--

CREATE TABLE IF NOT EXISTS `mb_users` (
  `user_id` mediumint(8) unsigned NOT NULL AUTO_INCREMENT,
  `email` varchar(60) NOT NULL DEFAULT '',
  `user_name` varchar(60) NOT NULL DEFAULT '',
  `password` varchar(32) NOT NULL DEFAULT '',
  `user_head_img` varchar(100) NOT NULL DEFAULT '',
  `disigner_img` varchar(100) NOT NULL DEFAULT '',
  `question` varchar(255) NOT NULL DEFAULT '',
  `answer` varchar(255) NOT NULL DEFAULT '',
  `sex` tinyint(1) unsigned NOT NULL DEFAULT '0',
  `model_id` int(11) NOT NULL DEFAULT '1',
  `birthday` date NOT NULL DEFAULT '0000-00-00',
  `user_money` decimal(10,2) NOT NULL DEFAULT '0.00',
  `frozen_money` decimal(10,2) NOT NULL DEFAULT '0.00',
  `pay_points` int(10) unsigned NOT NULL DEFAULT '0',
  `rank_points` int(10) unsigned NOT NULL DEFAULT '0',
  `address_id` mediumint(8) unsigned NOT NULL DEFAULT '0',
  `reg_time` int(10) unsigned NOT NULL DEFAULT '0',
  `last_login` int(11) unsigned NOT NULL DEFAULT '0',
  `last_time` datetime NOT NULL DEFAULT '0000-00-00 00:00:00',
  `last_ip` varchar(15) NOT NULL DEFAULT '',
  `visit_count` smallint(5) unsigned NOT NULL DEFAULT '0',
  `user_rank` tinyint(3) unsigned NOT NULL DEFAULT '0',
  `is_special` tinyint(3) unsigned NOT NULL DEFAULT '0',
  `salt` varchar(10) NOT NULL DEFAULT '0',
  `parent_id` mediumint(9) NOT NULL DEFAULT '0',
  `flag` tinyint(3) unsigned NOT NULL DEFAULT '0',
  `alias` varchar(60) NOT NULL,
  `msn` varchar(60) NOT NULL,
  `qq` varchar(20) NOT NULL,
  `office_phone` varchar(20) NOT NULL,
  `home_phone` varchar(20) NOT NULL,
  `mobile_phone` varchar(20) NOT NULL,
  `is_validated` tinyint(3) unsigned NOT NULL DEFAULT '0',
  `credit_line` decimal(10,2) unsigned NOT NULL,
  `passwd_question` varchar(50) DEFAULT NULL,
  `passwd_answer` varchar(255) DEFAULT NULL,
  `description` text NOT NULL,
  `facebook` text NOT NULL,
  `twitter` text NOT NULL,
  PRIMARY KEY (`user_id`),
  UNIQUE KEY `user_name` (`user_name`),
  KEY `email` (`email`),
  KEY `parent_id` (`parent_id`),
  KEY `flag` (`flag`)
) ENGINE=MyISAM  DEFAULT CHARSET=utf8 AUTO_INCREMENT=29 ;

--
-- 转存表中的数据 `mb_users`
--

INSERT INTO `mb_users` (`user_id`, `email`, `user_name`, `password`, `user_head_img`, `disigner_img`, `question`, `answer`, `sex`, `model_id`, `birthday`, `user_money`, `frozen_money`, `pay_points`, `rank_points`, `address_id`, `reg_time`, `last_login`, `last_time`, `last_ip`, `visit_count`, `user_rank`, `is_special`, `salt`, `parent_id`, `flag`, `alias`, `msn`, `qq`, `office_phone`, `home_phone`, `mobile_phone`, `is_validated`, `credit_line`, `passwd_question`, `passwd_answer`, `description`, `facebook`, `twitter`) VALUES
(1, 'ecshop@ecshop.com', 'ecshop', '554fcae493e564ee0dc75bdf2ebf94ca', '', '', '', '', 0, 1, '1960-03-03', '0.00', '0.00', 98388, 15390, 1, 0, 1245048540, '0000-00-00 00:00:00', '0.0.0.0', 11, 0, 0, '0', 0, 0, '', '', '', '', '', '', 0, '0.00', NULL, NULL, '', '', ''),
(2, 'vip@ecshop.com', 'vip', '232059cb5361a9336ccf1b8c2ba7657a', '', '', '', '', 0, 1, '1949-01-01', '0.00', '0.00', 0, 0, 0, 0, 0, '0000-00-00 00:00:00', '', 0, 0, 0, '0', 0, 0, '', '', '', '', '', '', 0, '0.00', NULL, NULL, '', '', ''),
(3, 'text@ecshop.com', 'text', 'f66387b091ec3c03714ba11636fcf828', '', '', '', '', 0, 1, '1954-01-01', '0.00', '0.00', 0, 0, 2, 0, 1418888714, '0000-00-00 00:00:00', '127.0.0.1', 6, 0, 0, '0', 0, 0, '', '', '', '', '', '', 0, '0.00', NULL, NULL, '', '', ''),
(5, 'zuanshi@ecshop.com', 'zuanshi', '815a71fb334412e7ba4595741c5a111d', '', '', '', '', 0, 1, '1949-01-01', '0.00', '10000.00', 0, 0, 0, 0, 0, '0000-00-00 00:00:00', '', 0, 3, 0, '0', 0, 0, '', '', '', '', '', '', 0, '0.00', NULL, NULL, '', '', ''),
(6, 'bb@124.com', '123456', 'e10adc3949ba59abbe56e057f20f883e', '', '', '', '', 0, 1, '0000-00-00', '0.00', '0.00', 0, 0, 0, 1252510112, 1277908217, '0000-00-00 00:00:00', '127.0.0.1', 8, 0, 0, '0', 0, 0, '', '', '', '', '', '', 0, '0.00', NULL, NULL, '', '', ''),
(8, 'asd@asd.com', 'asd', '0e2a9d81c02d965b96b80dce20f73246', '', '', '', '', 1, 34, '1955-01-01', '99999458.99', '0.00', 810, 810, 3, 1419600044, 1423142023, '0000-00-00 00:00:00', '127.0.0.1', 1720, 3, 0, '0', 0, 0, '', '', '', '', '', '', 0, '0.00', NULL, NULL, '', '', ''),
(17, 'a@q.co', 'a@q.co', '0cc175b9c0f1b6a831c399e269772661', '', '', '', '', 0, 1, '0000-00-00', '0.00', '0.00', 0, 0, 0, 1420384027, 1420384027, '0000-00-00 00:00:00', '127.0.0.1', 1, 0, 0, '0', 0, 0, '', '', '', '', '', '', 0, '0.00', NULL, NULL, '', '', ''),
(15, 'asd@asad.com', 'asd@asad.com', '0cc175b9c0f1b6a831c399e269772661', '', '', '', '', 0, 1, '0000-00-00', '0.00', '0.00', 0, 0, 0, 1420383916, 1420383946, '0000-00-00 00:00:00', '127.0.0.1', 2, 0, 0, '0', 0, 0, '', '', '', '', '', '', 0, '0.00', NULL, NULL, '', '', ''),
(16, 'a@q.com', 'a@q.com', '0cc175b9c0f1b6a831c399e269772661', '', '', '', '', 0, 1, '0000-00-00', '0.00', '0.00', 0, 0, 0, 1420384023, 1420384023, '0000-00-00 00:00:00', '127.0.0.1', 1, 0, 0, '0', 0, 0, '', '', '', '', '', '', 0, '0.00', NULL, NULL, '', '', ''),
(12, 'zuanshaai@qq.com', 'zuanshaai@qq.com', '0cc175b9c0f1b6a831c399e269772661', '', '', '', '', 0, 1, '0000-00-00', '0.00', '0.00', 0, 0, 0, 1420383410, 1420383410, '0000-00-00 00:00:00', '127.0.0.1', 1, 0, 0, '0', 0, 0, '', '', '', '', '', '', 0, '0.00', NULL, NULL, '', '', ''),
(18, 'a@q.cn', 'a@q.cn', '0cc175b9c0f1b6a831c399e269772661', '', '', '', '', 0, 1, '0000-00-00', '0.00', '0.00', 0, 0, 0, 1420384153, 1420384153, '0000-00-00 00:00:00', '127.0.0.1', 1, 0, 0, '0', 0, 0, '', '', '', '', '', '', 0, '0.00', NULL, NULL, '', '', ''),
(19, 'asd@q.cc', 'asd@q.cc', '92eb5ffee6ae2fec3ad71c777531578f', '', '', '', '', 0, 1, '0000-00-00', '0.00', '0.00', 0, 0, 0, 1420389258, 1420389258, '0000-00-00 00:00:00', '127.0.0.1', 1, 0, 0, '0', 0, 0, '', '', '', '', '', '', 0, '0.00', NULL, NULL, '', '', ''),
(20, '5622332413@qq.com', '5622332431@qq.com', '0e2a9d81c02d965b96b80dce20f73246', '', '', '', '', 1, 17, '1955-01-01', '0.00', '0.00', 0, 0, 0, 1423212860, 1423212860, '0000-00-00 00:00:00', '127.0.0.1', 1, 0, 0, '0', 0, 0, '', '', '', '', '', '', 0, '0.00', NULL, NULL, '', '', ''),
(21, '5622332423@qq.com', '5622332432@qq.com', '0e2a9d81c02d965b96b80dce20f73246', '', '', '', '', 0, 1, '0000-00-00', '0.00', '0.00', 0, 0, 0, 1423213148, 1423213448, '0000-00-00 00:00:00', '127.0.0.1', 2, 0, 0, '0', 0, 0, '', '', '', '', '', '', 1, '0.00', NULL, NULL, '', '', ''),
(22, '56223324323@qq.com', '56223324333@qq.com', '0e2a9d81c02d965b96b80dce20f73246', '', '', '', '', 1, 17, '1955-01-01', '0.00', '0.00', 0, 0, 7, 1423213564, 1423254880, '0000-00-00 00:00:00', '127.0.0.1', 13, 0, 0, '0', 0, 0, '', '', '', '', '', '', 1, '0.00', NULL, NULL, '', '', ''),
(23, 'test@qq.com', 'test@qq.com', '0e2a9d81c02d965b96b80dce20f73246', '23_54e0b88e700c4.png', '', '', '', 1, 33, '0000-00-00', '0.00', '0.00', 0, 0, 19, 1423385353, 1429041294, '0000-00-00 00:00:00', '127.0.0.1', 161, 0, 0, '0', 0, 0, '', '', '', '', '', '', 1, '0.00', NULL, NULL, '', '', ''),
(24, '562233243@qq.com', '562233243@qq.com', '0e2a9d81c02d965b96b80dce20f73246', '24_54dce80ea20ca.png', '', '', '', 2, 49, '1955-01-01', '0.00', '0.00', 0, 0, 0, 1423763369, 1423763439, '0000-00-00 00:00:00', '223.73.18.83', 2, 0, 0, '0', 0, 0, '', '', '', '', '', '', 1, '0.00', NULL, NULL, '', '', ''),
(25, '4657331@qq.com', '4657331@qq.com', '0f615965dc9d23846e7548aab1ef0364', '25_5512a3615749d.png', 'images/201503/1425692464937345954.png', '', '', 1, 4, '0000-00-00', '0.00', '0.00', 0, 0, 18, 1423766354, 1428385040, '0000-00-00 00:00:00', '113.118.166.42', 348, 4, 0, '0', 0, 0, '', '', '', '', '', '', 0, '0.00', NULL, NULL, 'I am a designer.', 'http://facebook.com', ''),
(26, 'leofromchina@msn.cn', 'leofromchina@msn.cn', 'e99a18c428cb38d5f260853678922e03', '', '', '', '', 0, 1, '0000-00-00', '0.00', '0.00', 0, 0, 0, 1426002319, 1426002319, '0000-00-00 00:00:00', '113.118.227.73', 1, 0, 0, '0', 0, 0, '', '', '', '', '', '', 0, '0.00', NULL, NULL, '', '', ''),
(27, 'tes1t@qq.com', 'test', '0e2a9d81c02d965b96b80dce20f73246', '', '', '', '', 0, 1, '0000-00-00', '0.00', '0.00', 0, 0, 0, 1429039421, 0, '0000-00-00 00:00:00', '', 0, 3, 0, '0', 0, 0, '', '', '', '', '', '', 1, '0.00', NULL, NULL, 'test', 'test1', 'test2'),
(28, 'test2@qq.com', 'admin123', '0e2a9d81c02d965b96b80dce20f73246', '', '', '', '', 0, 1, '0000-00-00', '0.00', '0.00', 0, 0, 0, 1429039734, 0, '0000-00-00 00:00:00', '', 0, 3, 0, '0', 0, 0, '', '', '', '', '', '', 0, '0.00', NULL, NULL, '2w2', 'http://facebook.com', 'http://twitter.com');

-- --------------------------------------------------------

--
-- 表的结构 `mb_user_account`
--

CREATE TABLE IF NOT EXISTS `mb_user_account` (
  `id` mediumint(8) unsigned NOT NULL AUTO_INCREMENT,
  `user_id` mediumint(8) unsigned NOT NULL DEFAULT '0',
  `admin_user` varchar(255) NOT NULL,
  `amount` decimal(10,2) NOT NULL,
  `add_time` int(10) NOT NULL DEFAULT '0',
  `paid_time` int(10) NOT NULL DEFAULT '0',
  `admin_note` varchar(255) NOT NULL,
  `user_note` varchar(255) NOT NULL,
  `process_type` tinyint(1) NOT NULL DEFAULT '0',
  `payment` varchar(90) NOT NULL,
  `is_paid` tinyint(1) NOT NULL DEFAULT '0',
  PRIMARY KEY (`id`),
  KEY `user_id` (`user_id`),
  KEY `is_paid` (`is_paid`)
) ENGINE=MyISAM  DEFAULT CHARSET=utf8 AUTO_INCREMENT=2 ;

--
-- 转存表中的数据 `mb_user_account`
--

INSERT INTO `mb_user_account` (`id`, `user_id`, `admin_user`, `amount`, `add_time`, `paid_time`, `admin_note`, `user_note`, `process_type`, `payment`, `is_paid`) VALUES
(1, 8, '', '-30.00', 1420642768, 0, '', 'aa', 1, '', 0);

-- --------------------------------------------------------

--
-- 表的结构 `mb_user_address`
--

CREATE TABLE IF NOT EXISTS `mb_user_address` (
  `address_id` mediumint(8) unsigned NOT NULL AUTO_INCREMENT,
  `address_name` varchar(50) NOT NULL DEFAULT '',
  `user_id` mediumint(8) unsigned NOT NULL DEFAULT '0',
  `consignee` varchar(60) NOT NULL DEFAULT '',
  `email` varchar(60) NOT NULL DEFAULT '',
  `country` smallint(5) NOT NULL DEFAULT '0',
  `province` smallint(5) NOT NULL DEFAULT '0',
  `city` smallint(5) NOT NULL DEFAULT '0',
  `district` smallint(5) NOT NULL DEFAULT '0',
  `address` varchar(120) NOT NULL DEFAULT '',
  `zipcode` varchar(60) NOT NULL DEFAULT '',
  `tel` varchar(60) NOT NULL DEFAULT '',
  `mobile` varchar(60) NOT NULL DEFAULT '',
  `sign_building` varchar(120) NOT NULL DEFAULT '',
  `best_time` varchar(120) NOT NULL DEFAULT '',
  `address2` text NOT NULL,
  PRIMARY KEY (`address_id`),
  KEY `user_id` (`user_id`)
) ENGINE=MyISAM  DEFAULT CHARSET=utf8 AUTO_INCREMENT=20 ;

--
-- 转存表中的数据 `mb_user_address`
--

INSERT INTO `mb_user_address` (`address_id`, `address_name`, `user_id`, `consignee`, `email`, `country`, `province`, `city`, `district`, `address`, `zipcode`, `tel`, `mobile`, `sign_building`, `best_time`, `address2`) VALUES
(1, '', 1, '刘先生', 'ecshop@ecshop.com', 1, 2, 52, 502, '海兴大厦', '', '010-25851234', '13986765412', '', '', ''),
(2, '', 3, '叶先生', 'text@ecshop.com', 1, 2, 52, 510, '通州区旗舰凯旋小区', '', '13588104710', '', '', '', ''),
(3, '', 8, 'asddddd', 'asd@asd.com', 1, 3, 39, 421, 'sssssss', '5513', '123456789', '', '', '', ''),
(6, '', 8, '123123', 'asd@asd.com', 0, 0, 0, 0, '123123', '123123', '13318495388', '', '', '', ''),
(7, '', 22, 'a 要要要s', '562233243@qq.com', 1, 2, 52, 500, 'a 要要要s', '', '123123123123123', '', '', '', ''),
(19, '', 23, 'frank', 'test@qq.com', 1, 2, 52, 500, '1qqa2ww', '1475', '12345678', '12qw12', '', '', '123123567567'),
(16, '', 23, 'frkkwi', 'test@qq.com', 0, 0, 0, 0, 'ys here to help, there are lots of dif', '', '', '17748544852', '', '', '');

-- --------------------------------------------------------

--
-- 表的结构 `mb_user_bonus`
--

CREATE TABLE IF NOT EXISTS `mb_user_bonus` (
  `bonus_id` mediumint(8) unsigned NOT NULL AUTO_INCREMENT,
  `bonus_type_id` tinyint(3) unsigned NOT NULL DEFAULT '0',
  `bonus_sn` bigint(20) unsigned NOT NULL DEFAULT '0',
  `user_id` mediumint(8) unsigned NOT NULL DEFAULT '0',
  `used_time` int(10) unsigned NOT NULL DEFAULT '0',
  `order_id` mediumint(8) unsigned NOT NULL DEFAULT '0',
  `emailed` tinyint(3) unsigned NOT NULL DEFAULT '0',
  PRIMARY KEY (`bonus_id`),
  KEY `user_id` (`user_id`)
) ENGINE=MyISAM  DEFAULT CHARSET=utf8 AUTO_INCREMENT=32 ;

--
-- 转存表中的数据 `mb_user_bonus`
--

INSERT INTO `mb_user_bonus` (`bonus_id`, `bonus_type_id`, `bonus_sn`, `user_id`, `used_time`, `order_id`, `emailed`) VALUES
(1, 3, 0, 1, 1242142681, 4, 0),
(2, 4, 1000003379, 1, 1242976699, 14, 0),
(3, 4, 1000018450, 0, 0, 0, 0),
(4, 4, 1000023774, 0, 0, 0, 0),
(5, 4, 1000039394, 0, 0, 0, 0),
(6, 4, 1000049305, 0, 0, 0, 0),
(7, 4, 1000052248, 0, 0, 0, 0),
(8, 4, 1000061542, 0, 0, 0, 0),
(9, 4, 1000070278, 0, 0, 0, 0),
(10, 4, 1000080588, 0, 0, 0, 0),
(11, 4, 1000091405, 0, 0, 0, 0),
(24, 3, 0, 1, 0, 0, 0),
(25, 3, 0, 1, 0, 0, 0),
(26, 3, 0, 1, 0, 0, 0),
(27, 3, 0, 1, 0, 0, 0),
(28, 3, 0, 1, 0, 0, 0),
(29, 3, 0, 1, 0, 0, 0),
(30, 3, 0, 1, 0, 0, 0),
(31, 3, 0, 1, 0, 0, 0);

-- --------------------------------------------------------

--
-- 表的结构 `mb_user_feed`
--

CREATE TABLE IF NOT EXISTS `mb_user_feed` (
  `feed_id` mediumint(8) unsigned NOT NULL AUTO_INCREMENT,
  `user_id` mediumint(8) unsigned NOT NULL DEFAULT '0',
  `value_id` mediumint(8) unsigned NOT NULL DEFAULT '0',
  `goods_id` mediumint(8) unsigned NOT NULL DEFAULT '0',
  `feed_type` tinyint(1) unsigned NOT NULL DEFAULT '0',
  `is_feed` tinyint(1) unsigned NOT NULL DEFAULT '0',
  PRIMARY KEY (`feed_id`)
) ENGINE=MyISAM DEFAULT CHARSET=utf8 AUTO_INCREMENT=1 ;

-- --------------------------------------------------------

--
-- 表的结构 `mb_user_rank`
--

CREATE TABLE IF NOT EXISTS `mb_user_rank` (
  `rank_id` tinyint(3) unsigned NOT NULL AUTO_INCREMENT,
  `rank_name` varchar(30) NOT NULL DEFAULT '',
  `min_points` int(10) unsigned NOT NULL DEFAULT '0',
  `max_points` int(10) unsigned NOT NULL DEFAULT '0',
  `discount` tinyint(3) unsigned NOT NULL DEFAULT '0',
  `show_price` tinyint(1) unsigned NOT NULL DEFAULT '1',
  `special_rank` tinyint(1) unsigned NOT NULL DEFAULT '0',
  PRIMARY KEY (`rank_id`)
) ENGINE=MyISAM  DEFAULT CHARSET=utf8 AUTO_INCREMENT=5 ;

--
-- 转存表中的数据 `mb_user_rank`
--

INSERT INTO `mb_user_rank` (`rank_id`, `rank_name`, `min_points`, `max_points`, `discount`, `show_price`, `special_rank`) VALUES
(1, '注册用户', 0, 10000, 100, 1, 0),
(2, 'vip', 10000, 10000000, 95, 1, 0),
(3, 'normal', 0, 0, 0, 0, 1),
(4, 'Designer', 0, 0, 0, 0, 1);

-- --------------------------------------------------------

--
-- 表的结构 `mb_virtual_card`
--

CREATE TABLE IF NOT EXISTS `mb_virtual_card` (
  `card_id` mediumint(8) NOT NULL AUTO_INCREMENT,
  `goods_id` mediumint(8) unsigned NOT NULL DEFAULT '0',
  `card_sn` varchar(60) NOT NULL DEFAULT '',
  `card_password` varchar(60) NOT NULL DEFAULT '',
  `add_date` int(11) NOT NULL DEFAULT '0',
  `end_date` int(11) NOT NULL DEFAULT '0',
  `is_saled` tinyint(1) NOT NULL DEFAULT '0',
  `order_sn` varchar(20) NOT NULL DEFAULT '',
  `crc32` int(11) NOT NULL DEFAULT '0',
  PRIMARY KEY (`card_id`),
  KEY `goods_id` (`goods_id`),
  KEY `car_sn` (`card_sn`),
  KEY `is_saled` (`is_saled`)
) ENGINE=MyISAM  DEFAULT CHARSET=utf8 AUTO_INCREMENT=16 ;

-- --------------------------------------------------------

--
-- 表的结构 `mb_volume_price`
--

CREATE TABLE IF NOT EXISTS `mb_volume_price` (
  `price_type` tinyint(1) unsigned NOT NULL,
  `goods_id` mediumint(8) unsigned NOT NULL,
  `volume_number` smallint(5) unsigned NOT NULL DEFAULT '0',
  `volume_price` decimal(10,2) NOT NULL DEFAULT '0.00',
  PRIMARY KEY (`price_type`,`goods_id`,`volume_number`)
) ENGINE=MyISAM DEFAULT CHARSET=utf8;

--
-- 转存表中的数据 `mb_volume_price`
--

INSERT INTO `mb_volume_price` (`price_type`, `goods_id`, `volume_number`, `volume_price`) VALUES
(1, 1, 5, '1366.00'),
(1, 9, 3, '2200.00'),
(1, 9, 5, '2100.00'),
(1, 13, 5, '1150.00'),
(1, 13, 3, '1200.00');

-- --------------------------------------------------------

--
-- 表的结构 `mb_vote`
--

CREATE TABLE IF NOT EXISTS `mb_vote` (
  `vote_id` smallint(5) unsigned NOT NULL AUTO_INCREMENT,
  `vote_name` varchar(250) NOT NULL DEFAULT '',
  `start_time` int(11) unsigned NOT NULL DEFAULT '0',
  `end_time` int(11) unsigned NOT NULL DEFAULT '0',
  `can_multi` tinyint(1) unsigned NOT NULL DEFAULT '0',
  `vote_count` int(10) unsigned NOT NULL DEFAULT '0',
  PRIMARY KEY (`vote_id`)
) ENGINE=MyISAM  DEFAULT CHARSET=utf8 AUTO_INCREMENT=3 ;

--
-- 转存表中的数据 `mb_vote`
--

INSERT INTO `mb_vote` (`vote_id`, `vote_name`, `start_time`, `end_time`, `can_multi`, `vote_count`) VALUES
(2, '希望下次我们出什么类型的模板', 1281196800, 1882022400, 0, 0);

-- --------------------------------------------------------

--
-- 表的结构 `mb_vote_log`
--

CREATE TABLE IF NOT EXISTS `mb_vote_log` (
  `log_id` mediumint(8) unsigned NOT NULL AUTO_INCREMENT,
  `vote_id` smallint(5) unsigned NOT NULL DEFAULT '0',
  `ip_address` varchar(15) NOT NULL DEFAULT '',
  `vote_time` int(10) unsigned NOT NULL DEFAULT '0',
  PRIMARY KEY (`log_id`),
  KEY `vote_id` (`vote_id`)
) ENGINE=MyISAM DEFAULT CHARSET=utf8 AUTO_INCREMENT=1 ;

-- --------------------------------------------------------

--
-- 表的结构 `mb_vote_option`
--

CREATE TABLE IF NOT EXISTS `mb_vote_option` (
  `option_id` smallint(5) unsigned NOT NULL AUTO_INCREMENT,
  `vote_id` smallint(5) unsigned NOT NULL DEFAULT '0',
  `option_name` varchar(250) NOT NULL DEFAULT '',
  `option_count` int(8) unsigned NOT NULL DEFAULT '0',
  `option_order` tinyint(3) unsigned NOT NULL DEFAULT '100',
  PRIMARY KEY (`option_id`),
  KEY `vote_id` (`vote_id`)
) ENGINE=MyISAM  DEFAULT CHARSET=utf8 AUTO_INCREMENT=8 ;

--
-- 转存表中的数据 `mb_vote_option`
--

INSERT INTO `mb_vote_option` (`option_id`, `vote_id`, `option_name`, `option_count`, `option_order`) VALUES
(6, 2, '数码类', 0, 100),
(5, 2, '综合类', 0, 100),
(4, 2, '服装类', 0, 100),
(7, 2, '其他', 0, 100);

-- --------------------------------------------------------

--
-- 表的结构 `mb_wholesale`
--

CREATE TABLE IF NOT EXISTS `mb_wholesale` (
  `act_id` mediumint(8) unsigned NOT NULL AUTO_INCREMENT,
  `goods_id` mediumint(8) unsigned NOT NULL,
  `goods_name` varchar(255) NOT NULL,
  `rank_ids` varchar(255) NOT NULL,
  `prices` text NOT NULL,
  `enabled` tinyint(3) unsigned NOT NULL,
  PRIMARY KEY (`act_id`),
  KEY `goods_id` (`goods_id`)
) ENGINE=MyISAM  DEFAULT CHARSET=utf8 AUTO_INCREMENT=2 ;

--
-- 转存表中的数据 `mb_wholesale`
--

INSERT INTO `mb_wholesale` (`act_id`, `goods_id`, `goods_name`, `rank_ids`, `prices`, `enabled`) VALUES
(1, 21, '金立 A30', '1,2', 'a:1:{i:0;a:2:{s:4:"attr";a:1:{i:120;s:1:"0";}s:7:"qp_list";a:2:{i:0;a:2:{s:8:"quantity";i:50;s:5:"price";d:1700;}i:1;a:2:{s:8:"quantity";i:100;s:5:"price";d:1680;}}}}', 1);

/*!40101 SET CHARACTER_SET_CLIENT=@OLD_CHARACTER_SET_CLIENT */;
/*!40101 SET CHARACTER_SET_RESULTS=@OLD_CHARACTER_SET_RESULTS */;
/*!40101 SET COLLATION_CONNECTION=@OLD_COLLATION_CONNECTION */;
